dt_referencia,dt_geracao,cod_ibge,nome,Empresas Abertas,Empresas Fechadas,Empresas Ativas,Tempo Médio de Abertura,,dt_referencia,dt_geracao,cod_ibge,Estado,Empresas Abertas,Empresas Fechadas,Empresas Ativas,Tempo Médio de Abertura
7/31/2026,8/4/2026,520005,Abadia de Goiás - GO,74,30,2479,17.21,,7/31/2026,8/4/2026,12,Acre - AC,897,484,48944,12.63
7/31/2026,8/4/2026,310010,Abadia dos Dourados - MG,10,3,593,18.59,,7/31/2026,8/4/2026,27,Alagoas - AL,4374,2626,215307,11.44
7/31/2026,8/4/2026,520010,Abadiânia - GO,17,11,1691,57.84,,7/31/2026,8/4/2026,16,Amapá - AP,948,447,46249,20.33
7/31/2026,8/4/2026,310020,Abaeté - MG,61,39,3310,6.97,,7/31/2026,8/4/2026,13,Amazonas - AM,5863,2595,267343,8.94
7/31/2026,8/4/2026,150010,Abaetetuba - PA,99,59,5654,17.51,,7/31/2026,8/4/2026,29,Bahia - BA,20783,12370,1162077,23.64
7/31/2026,8/4/2026,230010,Abaiara - CE,7,3,273,12.00,,7/31/2026,8/4/2026,23,Ceará - CE,15282,7825,694786,20.12
7/31/2026,8/4/2026,290010,Abaíra - BA,7,2,375,-,,7/31/2026,8/4/2026,53,Distrito Federal - DF,9750,5276,433752,14.44
7/31/2026,8/4/2026,290020,Abaré - BA,9,5,553,73.22,,7/31/2026,8/4/2026,32,Espírito Santo - ES,11033,5923,570642,9.37
7/31/2026,8/4/2026,410010,Abatiá - PR,3,4,499,-,,7/31/2026,8/4/2026,52,Goiás - GO,19663,10173,983160,15.46
7/31/2026,8/4/2026,420005,Abdon Batista - SC,2,3,204,-,,7/31/2026,8/4/2026,21,Maranhão - MA,6190,3140,337665,14.19
7/31/2026,8/4/2026,150013,Abel Figueiredo - PA,4,4,328,-,,7/31/2026,8/4/2026,51,Mato Grosso - MT,11506,5285,536645,16.72
7/31/2026,8/4/2026,420010,Abelardo Luz - SC,31,23,1943,51.61,,7/31/2026,8/4/2026,50,Mato Grosso do Sul - MS,6884,3643,356830,22.12
7/31/2026,8/4/2026,310030,Abre Campo - MG,25,12,1176,58.98,,7/31/2026,8/4/2026,31,Minas Gerais - MG,49713,29837,2697976,18.79
7/31/2026,8/4/2026,260005,Abreu E Lima - PE,165,103,6639,16.56,,7/31/2026,8/4/2026,15,Pará - PA,8568,4593,509397,12.58
7/31/2026,8/4/2026,170025,Abreulândia - TO,1,0,163,-,,7/31/2026,8/4/2026,25,Paraíba - PB,6250,3493,322540,19.96
7/31/2026,8/4/2026,310040,Acaiaca - MG,4,3,298,-,,7/31/2026,8/4/2026,41,Paraná - PR,35164,18490,1871892,8.14
7/31/2026,8/4/2026,210005,Açailândia - MA,122,76,7121,12.68,,7/31/2026,8/4/2026,26,Pernambuco - PE,14016,8389,713426,17.57
7/31/2026,8/4/2026,290030,Acajutiba - BA,8,6,605,-,,7/31/2026,8/4/2026,22,Piauí - PI,3488,1930,220654,3.51
7/31/2026,8/4/2026,150020,Acará - PA,21,11,1242,-,,7/31/2026,8/4/2026,33,Rio de Janeiro - RJ,40045,20880,2075483,30.97
7/31/2026,8/4/2026,230015,Acarape - CE,12,7,668,-,,7/31/2026,8/4/2026,24,Rio Grande do Norte - RN,4849,2782,283696,18.83
7/31/2026,8/4/2026,230020,Acaraú - CE,58,33,2754,8.36,,7/31/2026,8/4/2026,43,Rio Grande do Sul - RS,27710,16544,1605591,11.98
7/31/2026,8/4/2026,240010,Acari - RN,13,6,879,20.22,,7/31/2026,8/4/2026,11,Rondônia - RO,3141,1835,157309,14.65
7/31/2026,8/4/2026,220005,Acauã - PI,2,4,257,-,,7/31/2026,8/4/2026,14,Roraima - RR,976,441,46515,21.68
7/31/2026,8/4/2026,430003,Aceguá - RS,7,8,703,0.49,,7/31/2026,8/4/2026,42,Santa Catarina - SC,27082,14876,1458807,20.15
7/31/2026,8/4/2026,230030,Acopiara - CE,24,21,1645,21.48,,7/31/2026,8/4/2026,35,São Paulo - SP,145084,73356,7476864,35.69
7/31/2026,8/4/2026,510010,Acorizal - MT,4,5,381,22.79,,7/31/2026,8/4/2026,28,Sergipe - SE,3374,1812,159106,3.99
7/31/2026,8/4/2026,120001,Acrelândia - AC,12,11,683,0.00,,7/31/2026,8/4/2026,17,Tocantins - TO,2738,1461,165107,18.45
7/31/2026,8/4/2026,520013,Acreúna - GO,51,25,2617,23.41,,,,,,,,,
7/31/2026,8/4/2026,240020,Açu - RN,68,31,3947,4.75,,,,,,,,,
7/31/2026,8/4/2026,310050,Açucena - MG,6,4,470,45.68,,,,,,,,,
7/31/2026,8/4/2026,350010,Adamantina - SP,68,46,4990,12.10,,,,,,,,,
7/31/2026,8/4/2026,520015,Adelândia - GO,3,1,198,15.23,,,,,,,,,
7/31/2026,8/4/2026,350020,Adolfo - SP,9,5,468,-,,,,,,,,,
7/31/2026,8/4/2026,410020,Adrianópolis - PR,8,3,572,-,,,,,,,,,
7/31/2026,8/4/2026,290035,Adustina - BA,7,0,380,-,,,,,,,,,
7/31/2026,8/4/2026,260010,Afogados da Ingazeira - PE,58,22,3244,14.45,,,,,,,,,
7/31/2026,8/4/2026,240030,Afonso Bezerra - RN,12,4,420,27.76,,,,,,,,,
7/31/2026,8/4/2026,320010,Afonso Cláudio - ES,39,24,2628,0.71,,,,,,,,,
7/31/2026,8/4/2026,210010,Afonso Cunha - MA,1,1,139,-,,,,,,,,,
7/31/2026,8/4/2026,260020,Afrânio - PE,8,6,643,69.15,,,,,,,,,
7/31/2026,8/4/2026,150030,Afuá - PA,16,4,616,-,,,,,,,,,
7/31/2026,8/4/2026,260030,Agrestina - PE,19,15,1059,43.08,,,,,,,,,
7/31/2026,8/4/2026,220010,Agricolândia - PI,4,0,192,-,,,,,,,,,
7/31/2026,8/4/2026,420020,Agrolândia - SC,20,12,1933,22.07,,,,,,,,,
7/31/2026,8/4/2026,420030,Agronômica - SC,16,8,804,-,,,,,,,,,
7/31/2026,8/4/2026,150034,Água Azul do Norte - PA,10,3,748,-,,,,,,,,,
7/31/2026,8/4/2026,310060,Água Boa - MG,7,4,502,-,,,,,,,,,
7/31/2026,8/4/2026,510020,Água Boa - MT,101,40,5555,25.19,,,,,,,,,
7/31/2026,8/4/2026,270010,Água Branca - AL,7,3,392,32.83,,,,,,,,,
7/31/2026,8/4/2026,250010,Água Branca - PB,8,4,398,-,,,,,,,,,
7/31/2026,8/4/2026,220020,Água Branca - PI,13,11,1460,0.03,,,,,,,,,
7/31/2026,8/4/2026,500020,Água Clara - MS,52,11,2278,20.62,,,,,,,,,
7/31/2026,8/4/2026,310070,Água Comprida - MG,1,2,160,-,,,,,,,,,
7/31/2026,8/4/2026,420040,Água Doce - SC,13,6,888,1.20,,,,,,,,,
7/31/2026,8/4/2026,210015,Água Doce do Maranhão - MA,7,1,261,19.07,,,,,,,,,
7/31/2026,8/4/2026,320016,Água Doce do Norte - ES,16,6,1036,66.55,,,,,,,,,
7/31/2026,8/4/2026,290040,Água Fria - BA,7,8,587,-,,,,,,,,,
7/31/2026,8/4/2026,520017,Água Fria de Goiás - GO,9,4,441,66.66,,,,,,,,,
7/31/2026,8/4/2026,520020,Água Limpa - GO,2,0,161,-,,,,,,,,,
7/31/2026,8/4/2026,240040,Água Nova - RN,0,1,92,-,,,,,,,,,
7/31/2026,8/4/2026,260040,Água Preta - PE,11,7,750,-,,,,,,,,,
7/31/2026,8/4/2026,430005,Água Santa - RS,50,4,596,2.00,,,,,,,,,
7/31/2026,8/4/2026,350030,Aguaí - SP,66,33,3718,17.04,,,,,,,,,
7/31/2026,8/4/2026,310080,Aguanil - MG,10,4,352,74.84,,,,,,,,,
7/31/2026,8/4/2026,260050,Águas Belas - PE,24,6,998,42.20,,,,,,,,,
7/31/2026,8/4/2026,350040,Águas da Prata - SP,13,11,1021,3.15,,,,,,,,,
7/31/2026,8/4/2026,420050,Águas de Chapecó - SC,10,2,609,1.09,,,,,,,,,
7/31/2026,8/4/2026,350050,Águas de Lindóia - SP,42,34,3433,62.76,,,,,,,,,
7/31/2026,8/4/2026,350055,Águas de Santa Bárbara - SP,10,6,901,20.30,,,,,,,,,
7/31/2026,8/4/2026,350060,Águas de São Pedro - SP,13,5,877,53.14,,,,,,,,,
7/31/2026,8/4/2026,310090,Águas Formosas - MG,20,9,1431,-,,,,,,,,,
7/31/2026,8/4/2026,420055,Águas Frias - SC,3,5,357,-,,,,,,,,,
7/31/2026,8/4/2026,520025,Águas Lindas de Goiás - GO,586,267,19566,30.10,,,,,,,,,
7/31/2026,8/4/2026,420060,Águas Mornas - SC,14,7,1052,-,,,,,,,,,
7/31/2026,8/4/2026,310100,Águas Vermelhas - MG,12,10,573,-,,,,,,,,,
7/31/2026,8/4/2026,430010,Agudo - RS,12,15,1559,66.84,,,,,,,,,
7/31/2026,8/4/2026,350070,Agudos - SP,122,70,5265,41.55,,,,,,,,,
7/31/2026,8/4/2026,410030,Agudos do Sul - PR,17,14,1126,35.59,,,,,,,,,
7/31/2026,8/4/2026,320013,Águia Branca - ES,17,7,801,-,,,,,,,,,
7/31/2026,8/4/2026,250020,Aguiar - PB,0,0,197,-,,,,,,,,,
7/31/2026,8/4/2026,170030,Aguiarnópolis - TO,3,4,245,-,,,,,,,,,
7/31/2026,8/4/2026,310110,Aimorés - MG,29,31,2231,93.22,,,,,,,,,
7/31/2026,8/4/2026,290060,Aiquara - BA,0,1,160,-,,,,,,,,,
7/31/2026,8/4/2026,230040,Aiuaba - CE,6,1,412,1.17,,,,,,,,,
7/31/2026,8/4/2026,310120,Aiuruoca - MG,10,8,816,-,,,,,,,,,
7/31/2026,8/4/2026,430020,Ajuricaba - RS,6,2,682,-,,,,,,,,,
7/31/2026,8/4/2026,310130,Alagoa - MG,3,4,334,-,,,,,,,,,
7/31/2026,8/4/2026,250030,Alagoa Grande - PB,22,11,1143,0.33,,,,,,,,,
7/31/2026,8/4/2026,250040,Alagoa Nova - PB,7,7,928,-,,,,,,,,,
7/31/2026,8/4/2026,250050,Alagoinha - PB,10,6,649,0.23,,,,,,,,,
7/31/2026,8/4/2026,260060,Alagoinha - PE,12,3,626,-,,,,,,,,,
7/31/2026,8/4/2026,220025,Alagoinha do Piauí - PI,0,0,167,-,,,,,,,,,
7/31/2026,8/4/2026,290070,Alagoinhas - BA,266,139,11921,11.61,,,,,,,,,
7/31/2026,8/4/2026,350075,Alambari - SP,14,9,617,10.07,,,,,,,,,
7/31/2026,8/4/2026,310140,Albertina - MG,6,0,279,-,,,,,,,,,
7/31/2026,8/4/2026,210020,Alcântara - MA,5,2,418,67.11,,,,,,,,,
7/31/2026,8/4/2026,230050,Alcântaras - CE,4,4,556,-,,,,,,,,,
7/31/2026,8/4/2026,250053,Alcantil - PB,5,1,264,-,,,,,,,,,
7/31/2026,8/4/2026,500025,Alcinópolis - MS,11,2,603,24.00,,,,,,,,,
7/31/2026,8/4/2026,290080,Alcobaça - BA,18,14,1235,-,,,,,,,,,
7/31/2026,8/4/2026,210030,Aldeias Altas - MA,8,3,415,-,,,,,,,,,
7/31/2026,8/4/2026,430030,Alecrim - RS,4,4,449,-,,,,,,,,,
7/31/2026,8/4/2026,320020,Alegre - ES,57,21,3149,28.11,,,,,,,,,
7/31/2026,8/4/2026,430040,Alegrete - RS,105,76,8209,7.58,,,,,,,,,
7/31/2026,8/4/2026,220027,Alegrete do Piauí - PI,1,2,191,-,,,,,,,,,
7/31/2026,8/4/2026,430045,Alegria - RS,1,3,275,-,,,,,,,,,
7/31/2026,8/4/2026,310150,Além Paraíba - MG,53,51,4602,12.87,,,,,,,,,
7/31/2026,8/4/2026,150040,Alenquer - PA,21,11,1933,48.55,,,,,,,,,
7/31/2026,8/4/2026,240050,Alexandria - RN,4,6,601,-,,,,,,,,,
7/31/2026,8/4/2026,520030,Alexânia - GO,50,28,3193,17.88,,,,,,,,,
7/31/2026,8/4/2026,310160,Alfenas - MG,219,136,10896,52.95,,,,,,,,,
7/31/2026,8/4/2026,320030,Alfredo Chaves - ES,27,12,2360,18.45,,,,,,,,,
7/31/2026,8/4/2026,350080,Alfredo Marcondes - SP,9,5,430,1.48,,,,,,,,,
7/31/2026,8/4/2026,310163,Alfredo Vasconcelos - MG,12,3,601,115.18,,,,,,,,,
7/31/2026,8/4/2026,420070,Alfredo Wagner - SC,16,6,1157,83.60,,,,,,,,,
7/31/2026,8/4/2026,250057,Algodão de Jandaíra - PB,1,2,110,-,,,,,,,,,
7/31/2026,8/4/2026,250060,Alhandra - PB,24,13,1290,0.09,,,,,,,,,
7/31/2026,8/4/2026,260070,Aliança - PE,20,12,1460,-,,,,,,,,,
7/31/2026,8/4/2026,170035,Aliança do Tocantins - TO,4,6,419,-,,,,,,,,,
7/31/2026,8/4/2026,290090,Almadina - BA,1,3,222,-,,,,,,,,,
7/31/2026,8/4/2026,170040,Almas - TO,5,7,547,-,,,,,,,,,
7/31/2026,8/4/2026,150050,Almeirim - PA,9,13,1067,-,,,,,,,,,
7/31/2026,8/4/2026,310170,Almenara - MG,42,35,3510,-,,,,,,,,,
7/31/2026,8/4/2026,240060,Almino Afonso - RN,1,0,183,21.55,,,,,,,,,
7/31/2026,8/4/2026,410040,Almirante Tamandaré - PR,383,202,15419,28.17,,,,,,,,,
7/31/2026,8/4/2026,430047,Almirante Tamandaré do Sul - RS,2,1,175,-,,,,,,,,,
7/31/2026,8/4/2026,520050,Aloândia - GO,3,2,195,-,,,,,,,,,
7/31/2026,8/4/2026,310180,Alpercata - MG,15,11,778,-,,,,,,,,,
7/31/2026,8/4/2026,430050,Alpestre - RS,6,3,558,0.58,,,,,,,,,
7/31/2026,8/4/2026,310190,Alpinópolis - MG,19,16,2461,20.17,,,,,,,,,
7/31/2026,8/4/2026,510025,Alta Floresta - MT,182,69,9105,31.50,,,,,,,,,
7/31/2026,8/4/2026,110001,Alta Floresta D'Oeste - RO,34,8,1789,24.00,,,,,,,,,
7/31/2026,8/4/2026,350090,Altair - SP,7,2,279,44.81,,,,,,,,,
7/31/2026,8/4/2026,150060,Altamira - PA,218,81,11364,18.30,,,,,,,,,
7/31/2026,8/4/2026,210040,Altamira do Maranhão - MA,4,0,135,-,,,,,,,,,
7/31/2026,8/4/2026,410045,Altamira do Paraná - PR,3,2,250,-,,,,,,,,,
7/31/2026,8/4/2026,230060,Altaneira - CE,7,1,208,-,,,,,,,,,
7/31/2026,8/4/2026,310200,Alterosa - MG,13,5,1047,-,,,,,,,,,
7/31/2026,8/4/2026,260080,Altinho - PE,10,7,1452,-,,,,,,,,,
7/31/2026,8/4/2026,350100,Altinópolis - SP,34,17,2298,52.80,,,,,,,,,
7/31/2026,8/4/2026,140005,Alto Alegre - RR,9,1,448,-,,,,,,,,,
7/31/2026,8/4/2026,430055,Alto Alegre - RS,1,1,169,0.00,,,,,,,,,
7/31/2026,8/4/2026,350110,Alto Alegre - SP,4,2,312,-,,,,,,,,,
7/31/2026,8/4/2026,210043,Alto Alegre do Maranhão - MA,4,1,648,0.02,,,,,,,,,
7/31/2026,8/4/2026,210047,Alto Alegre do Pindaré - MA,11,5,619,7.23,,,,,,,,,
7/31/2026,8/4/2026,110037,Alto Alegre dos Parecis - RO,13,6,568,-,,,,,,,,,
7/31/2026,8/4/2026,510030,Alto Araguaia - MT,38,17,1903,1.27,,,,,,,,,
7/31/2026,8/4/2026,420075,Alto Bela Vista - SC,3,1,201,-,,,,,,,,,
7/31/2026,8/4/2026,510035,Alto Boa Vista - MT,11,4,800,12.00,,,,,,,,,
7/31/2026,8/4/2026,310205,Alto Caparaó - MG,3,4,539,-,,,,,,,,,
7/31/2026,8/4/2026,240070,Alto do Rodrigues - RN,18,18,866,35.89,,,,,,,,,
7/31/2026,8/4/2026,430057,Alto Feliz - RS,5,7,336,-,,,,,,,,,
7/31/2026,8/4/2026,510040,Alto Garças - MT,25,12,1203,6.07,,,,,,,,,
7/31/2026,8/4/2026,520055,Alto Horizonte - GO,11,4,775,4.35,,,,,,,,,
7/31/2026,8/4/2026,315350,Alto Jequitibá - MG,9,5,580,-,,,,,,,,,
7/31/2026,8/4/2026,220030,Alto Longá - PI,9,7,464,-,,,,,,,,,
7/31/2026,8/4/2026,510050,Alto Paraguai - MT,4,2,379,-,,,,,,,,,
7/31/2026,8/4/2026,412862,Alto Paraíso - PR,3,4,286,-,,,,,,,,,
7/31/2026,8/4/2026,110040,Alto Paraíso - RO,20,12,930,17.36,,,,,,,,,
7/31/2026,8/4/2026,520060,Alto Paraíso de Goiás - GO,34,20,2233,10.81,,,,,,,,,
7/31/2026,8/4/2026,410060,Alto Paraná - PR,23,15,1673,27.10,,,,,,,,,
7/31/2026,8/4/2026,210050,Alto Parnaíba - MA,13,2,695,0.01,,,,,,,,,
7/31/2026,8/4/2026,410070,Alto Piquiri - PR,15,11,929,15.98,,,,,,,,,
7/31/2026,8/4/2026,310210,Alto Rio Doce - MG,9,1,669,-,,,,,,,,,
7/31/2026,8/4/2026,320035,Alto Rio Novo - ES,10,5,682,-,,,,,,,,,
7/31/2026,8/4/2026,230070,Alto Santo - CE,7,5,595,120.44,,,,,,,,,
7/31/2026,8/4/2026,510060,Alto Taquari - MT,18,11,1182,30.42,,,,,,,,,
7/31/2026,8/4/2026,410050,Altônia - PR,22,12,2201,24.50,,,,,,,,,
7/31/2026,8/4/2026,220040,Altos - PI,47,19,2662,16.35,,,,,,,,,
7/31/2026,8/4/2026,350115,Alumínio - SP,46,12,1638,46.40,,,,,,,,,
7/31/2026,8/4/2026,130002,Alvarães - AM,6,1,403,72.00,,,,,,,,,
7/31/2026,8/4/2026,310220,Alvarenga - MG,2,0,297,-,,,,,,,,,
7/31/2026,8/4/2026,350120,Álvares Florence - SP,7,1,377,-,,,,,,,,,
7/31/2026,8/4/2026,350130,Álvares Machado - SP,65,34,3217,14.64,,,,,,,,,
7/31/2026,8/4/2026,350140,Álvaro de Carvalho - SP,3,1,221,-,,,,,,,,,
7/31/2026,8/4/2026,350150,Alvinlândia - SP,5,4,301,-,,,,,,,,,
7/31/2026,8/4/2026,310230,Alvinópolis - MG,21,4,1285,70.18,,,,,,,,,
7/31/2026,8/4/2026,430060,Alvorada - RS,537,338,24130,3.92,,,,,,,,,
7/31/2026,8/4/2026,170070,Alvorada - TO,14,12,1064,9.92,,,,,,,,,
7/31/2026,8/4/2026,310240,Alvorada de Minas - MG,3,6,278,-,,,,,,,,,
7/31/2026,8/4/2026,220045,Alvorada do Gurguéia - PI,4,2,217,-,,,,,,,,,
7/31/2026,8/4/2026,520080,Alvorada do Norte - GO,18,8,868,-,,,,,,,,,
7/31/2026,8/4/2026,410080,Alvorada do Sul - PR,13,12,1266,14.15,,,,,,,,,
7/31/2026,8/4/2026,110034,Alvorada D'Oeste - RO,13,15,904,0.01,,,,,,,,,
7/31/2026,8/4/2026,140002,Amajari - RR,9,1,232,-,,,,,,,,,
7/31/2026,8/4/2026,500060,Amambai - MS,55,33,3548,5.28,,,,,,,,,
7/31/2026,8/4/2026,160010,Amapá - AP,4,3,226,-,,,,,,,,,
7/31/2026,8/4/2026,210055,Amapá do Maranhão - MA,0,0,183,-,,,,,,,,,
7/31/2026,8/4/2026,410090,Amaporã - PR,5,4,349,0.36,,,,,,,,,
7/31/2026,8/4/2026,260090,Amaraji - PE,6,9,787,83.04,,,,,,,,,
7/31/2026,8/4/2026,430063,Amaral Ferrador - RS,3,2,300,-,,,,,,,,,
7/31/2026,8/4/2026,520082,Amaralina - GO,2,4,175,-,,,,,,,,,
7/31/2026,8/4/2026,220050,Amarante - PI,4,5,664,-,,,,,,,,,
7/31/2026,8/4/2026,210060,Amarante do Maranhão - MA,26,7,884,-,,,,,,,,,
7/31/2026,8/4/2026,290100,Amargosa - BA,31,28,2459,-,,,,,,,,,
7/31/2026,8/4/2026,130006,Amaturá - AM,3,2,389,-,,,,,,,,,
7/31/2026,8/4/2026,290110,Amélia Rodrigues - BA,27,19,1607,35.14,,,,,,,,,
7/31/2026,8/4/2026,290115,América Dourada - BA,5,3,394,-,,,,,,,,,
7/31/2026,8/4/2026,350160,Americana - SP,735,405,44265,28.12,,,,,,,,,
7/31/2026,8/4/2026,520085,Americano do Brasil - GO,7,5,552,-,,,,,,,,,
7/31/2026,8/4/2026,350170,Américo Brasiliense - SP,74,36,3757,51.92,,,,,,,,,
7/31/2026,8/4/2026,350180,Américo de Campos - SP,11,8,638,-,,,,,,,,,
7/31/2026,8/4/2026,430064,Ametista do Sul - RS,12,11,1076,0.17,,,,,,,,,
7/31/2026,8/4/2026,230075,Amontada - CE,26,19,1683,12.41,,,,,,,,,
7/31/2026,8/4/2026,520090,Amorinópolis - GO,5,2,207,-,,,,,,,,,
7/31/2026,8/4/2026,250073,Amparo - PB,4,1,89,-,,,,,,,,,
7/31/2026,8/4/2026,350190,Amparo - SP,157,80,9713,13.25,,,,,,,,,
7/31/2026,8/4/2026,280010,Amparo de São Francisco - SE,3,0,62,10.53,,,,,,,,,
7/31/2026,8/4/2026,310250,Amparo do Serra - MG,4,3,230,-,,,,,,,,,
7/31/2026,8/4/2026,410100,Ampére - PR,26,18,2341,24.90,,,,,,,,,
7/31/2026,8/4/2026,270020,Anadia - AL,7,5,420,0.00,,,,,,,,,
7/31/2026,8/4/2026,290120,Anagé - BA,19,5,695,73.16,,,,,,,,,
7/31/2026,8/4/2026,410105,Anahy - PR,4,1,241,-,,,,,,,,,
7/31/2026,8/4/2026,150070,Anajás - PA,6,5,577,-,,,,,,,,,
7/31/2026,8/4/2026,210070,Anajatuba - MA,8,2,467,119.42,,,,,,,,,
7/31/2026,8/4/2026,350200,Analândia - SP,8,5,581,38.70,,,,,,,,,
7/31/2026,8/4/2026,130008,Anamã - AM,7,3,264,12.00,,,,,,,,,
7/31/2026,8/4/2026,170100,Ananás - TO,6,0,649,9.87,,,,,,,,,
7/31/2026,8/4/2026,150080,Ananindeua - PA,889,453,44847,1.83,,,,,,,,,
7/31/2026,8/4/2026,520110,Anápolis - GO,1231,696,60367,10.02,,,,,,,,,
7/31/2026,8/4/2026,150085,Anapu - PA,26,13,1563,-,,,,,,,,,
7/31/2026,8/4/2026,210080,Anapurus - MA,7,3,502,-,,,,,,,,,
7/31/2026,8/4/2026,500070,Anastácio - MS,42,16,1855,31.52,,,,,,,,,
7/31/2026,8/4/2026,500080,Anaurilândia - MS,12,3,730,23.87,,,,,,,,,
7/31/2026,8/4/2026,320040,Anchieta - ES,80,56,4196,1.13,,,,,,,,,
7/31/2026,8/4/2026,420080,Anchieta - SC,7,5,812,-,,,,,,,,,
7/31/2026,8/4/2026,290130,Andaraí - BA,4,5,557,-,,,,,,,,,
7/31/2026,8/4/2026,410110,Andirá - PR,41,23,2379,15.97,,,,,,,,,
7/31/2026,8/4/2026,290135,Andorinha - BA,10,5,635,-,,,,,,,,,
7/31/2026,8/4/2026,310260,Andradas - MG,76,50,4962,4.98,,,,,,,,,
7/31/2026,8/4/2026,350210,Andradina - SP,122,73,7560,17.37,,,,,,,,,
7/31/2026,8/4/2026,430066,André da Rocha - RS,0,0,141,-,,,,,,,,,
7/31/2026,8/4/2026,310280,Andrelândia - MG,10,9,1189,-,,,,,,,,,
7/31/2026,8/4/2026,350220,Angatuba - SP,40,30,2472,51.01,,,,,,,,,
7/31/2026,8/4/2026,310285,Angelândia - MG,18,3,422,-,,,,,,,,,
7/31/2026,8/4/2026,500085,Angélica - MS,12,8,678,-,,,,,,,,,
7/31/2026,8/4/2026,260100,Angelim - PE,9,2,276,-,,,,,,,,,
7/31/2026,8/4/2026,420090,Angelina - SC,4,4,510,141.10,,,,,,,,,
7/31/2026,8/4/2026,290140,Angical - BA,1,1,388,-,,,,,,,,,
7/31/2026,8/4/2026,220060,Angical do Piauí - PI,5,3,330,65.45,,,,,,,,,
7/31/2026,8/4/2026,170105,Angico - TO,0,5,137,-,,,,,,,,,
7/31/2026,8/4/2026,240080,Angicos - RN,15,8,783,11.86,,,,,,,,,
7/31/2026,8/4/2026,330010,Angra dos Reis - RJ,377,194,20574,24.76,,,,,,,,,
7/31/2026,8/4/2026,290150,Anguera - BA,7,4,366,-,,,,,,,,,
7/31/2026,8/4/2026,410115,Ângulo - PR,14,4,558,69.54,,,,,,,,,
7/31/2026,8/4/2026,520120,Anhanguera - GO,2,2,91,-,,,,,,,,,
7/31/2026,8/4/2026,350230,Anhembi - SP,7,4,610,-,,,,,,,,,
7/31/2026,8/4/2026,350240,Anhumas - SP,3,4,405,-,,,,,,,,,
7/31/2026,8/4/2026,520130,Anicuns - GO,30,18,2218,-,,,,,,,,,
7/31/2026,8/4/2026,220070,Anísio de Abreu - PI,3,2,415,17.14,,,,,,,,,
7/31/2026,8/4/2026,420100,Anita Garibaldi - SC,12,7,740,-,,,,,,,,,
7/31/2026,8/4/2026,420110,Anitápolis - SC,17,4,922,-,,,,,,,,,
7/31/2026,8/4/2026,130010,Anori - AM,14,4,435,0.00,,,,,,,,,
7/31/2026,8/4/2026,430070,Anta Gorda - RS,13,4,701,11.15,,,,,,,,,
7/31/2026,8/4/2026,290160,Antas - BA,6,0,388,-,,,,,,,,,
7/31/2026,8/4/2026,410120,Antonina - PR,31,20,1697,84.35,,,,,,,,,
7/31/2026,8/4/2026,230080,Antonina do Norte - CE,5,2,243,-,,,,,,,,,
7/31/2026,8/4/2026,220080,Antônio Almeida - PI,3,0,149,2.92,,,,,,,,,
7/31/2026,8/4/2026,290170,Antônio Cardoso - BA,3,3,221,-,,,,,,,,,
7/31/2026,8/4/2026,310290,Antônio Carlos - MG,15,7,913,-,,,,,,,,,
7/31/2026,8/4/2026,420120,Antônio Carlos - SC,46,26,1892,-,,,,,,,,,
7/31/2026,8/4/2026,310300,Antônio Dias - MG,3,5,562,-,,,,,,,,,
7/31/2026,8/4/2026,290180,Antônio Gonçalves - BA,4,6,416,-,,,,,,,,,
7/31/2026,8/4/2026,500090,Antônio João - MS,8,8,680,64.43,,,,,,,,,
7/31/2026,8/4/2026,240090,Antônio Martins - RN,1,1,156,1.04,,,,,,,,,
7/31/2026,8/4/2026,410130,Antônio Olinto - PR,4,2,434,-,,,,,,,,,
7/31/2026,8/4/2026,430080,Antônio Prado - RS,23,11,2074,37.74,,,,,,,,,
7/31/2026,8/4/2026,310310,Antônio Prado de Minas - MG,0,0,96,-,,,,,,,,,
7/31/2026,8/4/2026,250077,Aparecida - PB,8,4,374,-,,,,,,,,,
7/31/2026,8/4/2026,350250,Aparecida - SP,63,44,5422,112.82,,,,,,,,,
7/31/2026,8/4/2026,520140,Aparecida de Goiânia - GO,2166,1017,82908,56.17,,,,,,,,,
7/31/2026,8/4/2026,520145,Aparecida do Rio Doce - GO,4,4,350,-,,,,,,,,,
7/31/2026,8/4/2026,170110,Aparecida do Rio Negro - TO,6,3,402,-,,,,,,,,,
7/31/2026,8/4/2026,500100,Aparecida do Taboado - MS,63,31,3101,6.46,,,,,,,,,
7/31/2026,8/4/2026,350260,Aparecida D'Oeste - SP,6,2,388,-,,,,,,,,,
7/31/2026,8/4/2026,330015,Aperibé - RJ,16,12,1290,8.18,,,,,,,,,
7/31/2026,8/4/2026,320050,Apiacá - ES,9,4,640,-,,,,,,,,,
7/31/2026,8/4/2026,510080,Apiacás - MT,12,9,847,96.00,,,,,,,,,
7/31/2026,8/4/2026,350270,Apiaí - SP,42,22,2444,48.44,,,,,,,,,
7/31/2026,8/4/2026,210083,Apicum-Açu - MA,2,3,345,-,,,,,,,,,
7/31/2026,8/4/2026,420125,Apiúna - SC,28,17,1492,-,,,,,,,,,
7/31/2026,8/4/2026,240100,Apodi - RN,30,10,2042,0.09,,,,,,,,,
7/31/2026,8/4/2026,290190,Aporá - BA,10,2,525,-,,,,,,,,,
7/31/2026,8/4/2026,520150,Aporé - GO,6,5,512,2.70,,,,,,,,,
7/31/2026,8/4/2026,290195,Apuarema - BA,6,3,338,-,,,,,,,,,
7/31/2026,8/4/2026,410140,Apucarana - PR,369,191,20066,35.24,,,,,,,,,
7/31/2026,8/4/2026,130014,Apuí - AM,19,5,983,39.30,,,,,,,,,
7/31/2026,8/4/2026,230090,Apuiarés - CE,6,5,575,0.00,,,,,,,,,
7/31/2026,8/4/2026,280020,Aquidabã - SE,6,2,743,0.17,,,,,,,,,
7/31/2026,8/4/2026,500110,Aquidauana - MS,65,23,3813,24.85,,,,,,,,,
7/31/2026,8/4/2026,230100,Aquiraz - CE,164,60,7345,6.79,,,,,,,,,
7/31/2026,8/4/2026,420127,Arabutã - SC,12,4,537,-,,,,,,,,,
7/31/2026,8/4/2026,250080,Araçagi - PB,4,5,601,-,,,,,,,,,
7/31/2026,8/4/2026,310320,Araçaí - MG,6,0,180,-,,,,,,,,,
7/31/2026,8/4/2026,280030,Aracaju - SE,1782,914,78485,1.47,,,,,,,,,
7/31/2026,8/4/2026,350275,Araçariguama - SP,55,38,3196,30.67,,,,,,,,,
7/31/2026,8/4/2026,290205,Araças - BA,9,4,539,-,,,,,,,,,
7/31/2026,8/4/2026,230110,Aracati - CE,79,75,6073,20.92,,,,,,,,,
7/31/2026,8/4/2026,290200,Aracatu - BA,15,2,503,-,,,,,,,,,
7/31/2026,8/4/2026,350280,Araçatuba - SP,605,342,34599,27.05,,,,,,,,,
7/31/2026,8/4/2026,290210,Araci - BA,22,15,1900,46.95,,,,,,,,,
7/31/2026,8/4/2026,310330,Aracitaba - MG,2,0,184,-,,,,,,,,,
7/31/2026,8/4/2026,230120,Aracoiaba - CE,30,16,1051,49.76,,,,,,,,,
7/31/2026,8/4/2026,260105,Araçoiaba - PE,17,11,703,-,,,,,,,,,
7/31/2026,8/4/2026,350290,Araçoiaba da Serra - SP,104,49,5385,15.72,,,,,,,,,
7/31/2026,8/4/2026,320060,Aracruz - ES,223,144,12631,16.07,,,,,,,,,
7/31/2026,8/4/2026,520160,Araçu - GO,4,2,445,-,,,,,,,,,
7/31/2026,8/4/2026,310340,Araçuaí - MG,32,31,2833,2.95,,,,,,,,,
7/31/2026,8/4/2026,520170,Aragarças - GO,33,15,2105,0.02,,,,,,,,,
7/31/2026,8/4/2026,520180,Aragoiânia - GO,29,10,1257,0.95,,,,,,,,,
7/31/2026,8/4/2026,170130,Aragominas - TO,2,1,158,-,,,,,,,,,
7/31/2026,8/4/2026,170190,Araguacema - TO,3,1,370,85.44,,,,,,,,,
7/31/2026,8/4/2026,170200,Araguaçu - TO,4,4,715,-,,,,,,,,,
7/31/2026,8/4/2026,510100,Araguaiana - MT,15,1,333,-,,,,,,,,,
7/31/2026,8/4/2026,170210,Araguaína - TO,413,193,23122,5.31,,,,,,,,,
7/31/2026,8/4/2026,510120,Araguainha - MT,3,2,197,-,,,,,,,,,
7/31/2026,8/4/2026,210087,Araguanã - MA,2,2,145,-,,,,,,,,,
7/31/2026,8/4/2026,170215,Araguanã - TO,1,1,239,-,,,,,,,,,
7/31/2026,8/4/2026,520215,Araguapaz - GO,5,6,626,0.25,,,,,,,,,
7/31/2026,8/4/2026,310350,Araguari - MG,300,161,15340,9.01,,,,,,,,,
7/31/2026,8/4/2026,170220,Araguatins - TO,23,8,1879,5.22,,,,,,,,,
7/31/2026,8/4/2026,210090,Araioses - MA,11,6,690,203.57,,,,,,,,,
7/31/2026,8/4/2026,500124,Aral Moreira - MS,9,5,667,4.00,,,,,,,,,
7/31/2026,8/4/2026,290220,Aramari - BA,4,5,455,-,,,,,,,,,
7/31/2026,8/4/2026,430085,Arambaré - RS,16,7,712,44.83,,,,,,,,,
7/31/2026,8/4/2026,210095,Arame - MA,7,3,609,0.01,,,,,,,,,
7/31/2026,8/4/2026,350300,Aramina - SP,7,6,487,-,,,,,,,,,
7/31/2026,8/4/2026,350310,Arandu - SP,13,9,772,0.94,,,,,,,,,
7/31/2026,8/4/2026,310360,Arantina - MG,2,3,308,-,,,,,,,,,
7/31/2026,8/4/2026,350315,Arapeí - SP,4,1,230,0.93,,,,,,,,,
7/31/2026,8/4/2026,270030,Arapiraca - AL,460,254,20690,12.87,,,,,,,,,
7/31/2026,8/4/2026,170230,Arapoema - TO,5,5,417,17.44,,,,,,,,,
7/31/2026,8/4/2026,310370,Araponga - MG,6,6,424,-,,,,,,,,,
7/31/2026,8/4/2026,410150,Arapongas - PR,423,161,20950,30.23,,,,,,,,,
7/31/2026,8/4/2026,310375,Araporã - MG,19,11,891,25.44,,,,,,,,,
7/31/2026,8/4/2026,410160,Arapoti - PR,54,25,3024,27.83,,,,,,,,,
7/31/2026,8/4/2026,310380,Arapuá - MG,9,3,257,-,,,,,,,,,
7/31/2026,8/4/2026,410165,Arapuã - PR,6,1,196,167.02,,,,,,,,,
7/31/2026,8/4/2026,510125,Araputanga - MT,23,16,1751,0.65,,,,,,,,,
7/31/2026,8/4/2026,420130,Araquari - SC,213,101,9505,33.93,,,,,,,,,
7/31/2026,8/4/2026,250090,Arara - PB,6,3,500,-,,,,,,,,,
7/31/2026,8/4/2026,420140,Araranguá - SC,251,163,12612,32.04,,,,,,,,,
7/31/2026,8/4/2026,350320,Araraquara - SP,689,379,37373,36.28,,,,,,,,,
7/31/2026,8/4/2026,350330,Araras - SP,338,200,18520,57.51,,,,,,,,,
7/31/2026,8/4/2026,230125,Ararendá - CE,8,2,371,-,,,,,,,,,
7/31/2026,8/4/2026,210100,Arari - MA,16,7,878,92.38,,,,,,,,,
7/31/2026,8/4/2026,430087,Araricá - RS,19,17,1235,0.00,,,,,,,,,
7/31/2026,8/4/2026,230130,Araripe - CE,7,7,537,6.22,,,,,,,,,
7/31/2026,8/4/2026,260110,Araripina - PE,81,53,4475,1.43,,,,,,,,,
7/31/2026,8/4/2026,330020,Araruama - RJ,328,169,15893,14.25,,,,,,,,,
7/31/2026,8/4/2026,250100,Araruna - PB,18,10,826,43.16,,,,,,,,,
7/31/2026,8/4/2026,410170,Araruna - PR,33,19,1861,6.53,,,,,,,,,
7/31/2026,8/4/2026,290225,Arataca - BA,3,2,283,-,,,,,,,,,
7/31/2026,8/4/2026,430090,Aratiba - RS,11,4,964,62.07,,,,,,,,,
7/31/2026,8/4/2026,230140,Aratuba - CE,6,2,346,-,,,,,,,,,
7/31/2026,8/4/2026,290230,Aratuípe - BA,7,3,310,-,,,,,,,,,
7/31/2026,8/4/2026,280040,Arauá - SE,4,7,296,-,,,,,,,,,
7/31/2026,8/4/2026,410180,Araucária - PR,616,340,23599,3.97,,,,,,,,,
7/31/2026,8/4/2026,310390,Araújos - MG,26,18,2002,-,,,,,,,,,
7/31/2026,8/4/2026,310400,Araxá - MG,339,218,16177,7.59,,,,,,,,,
7/31/2026,8/4/2026,310410,Arceburgo - MG,11,11,917,-,,,,,,,,,
7/31/2026,8/4/2026,350335,Arco-Íris - SP,3,1,138,124.40,,,,,,,,,
7/31/2026,8/4/2026,310420,Arcos - MG,118,72,7218,107.72,,,,,,,,,
7/31/2026,8/4/2026,260120,Arcoverde - PE,109,71,6440,47.51,,,,,,,,,
7/31/2026,8/4/2026,310430,Areado - MG,18,12,1382,6.14,,,,,,,,,
7/31/2026,8/4/2026,330022,Areal - RJ,27,10,2037,2.33,,,,,,,,,
7/31/2026,8/4/2026,350340,Arealva - SP,19,10,1009,31.45,,,,,,,,,
7/31/2026,8/4/2026,250110,Areia - PB,13,9,1088,0.01,,,,,,,,,
7/31/2026,8/4/2026,240110,Areia Branca - RN,26,16,1531,11.08,,,,,,,,,
7/31/2026,8/4/2026,280050,Areia Branca - SE,5,4,519,-,,,,,,,,,
7/31/2026,8/4/2026,250115,Areia de Baraúnas - PB,1,0,54,-,,,,,,,,,
7/31/2026,8/4/2026,250120,Areial - PB,5,1,428,-,,,,,,,,,
7/31/2026,8/4/2026,350350,Areias - SP,5,4,379,-,,,,,,,,,
7/31/2026,8/4/2026,350360,Areiópolis - SP,18,10,889,-,,,,,,,,,
7/31/2026,8/4/2026,510130,Arenápolis - MT,18,4,1319,1.24,,,,,,,,,
7/31/2026,8/4/2026,520235,Arenópolis - GO,2,2,223,17.67,,,,,,,,,
7/31/2026,8/4/2026,240120,Arês - RN,11,5,482,94.81,,,,,,,,,
7/31/2026,8/4/2026,310440,Argirita - MG,5,3,239,95.64,,,,,,,,,
7/31/2026,8/4/2026,310445,Aricanduva - MG,0,1,194,-,,,,,,,,,
7/31/2026,8/4/2026,310450,Arinos - MG,19,15,1511,0.12,,,,,,,,,
7/31/2026,8/4/2026,510140,Aripuanã - MT,33,16,2528,42.00,,,,,,,,,
7/31/2026,8/4/2026,110002,Ariquemes - RO,226,132,11597,30.21,,,,,,,,,
7/31/2026,8/4/2026,350370,Ariranha - SP,9,8,809,-,,,,,,,,,
7/31/2026,8/4/2026,410185,Ariranha do Ivaí - PR,1,0,104,-,,,,,,,,,
7/31/2026,8/4/2026,330023,Armação dos Búzios - RJ,146,91,9212,29.57,,,,,,,,,
7/31/2026,8/4/2026,420150,Armazém - SC,21,11,1151,20.18,,,,,,,,,
7/31/2026,8/4/2026,230150,Arneiroz - CE,3,2,281,0.08,,,,,,,,,
7/31/2026,8/4/2026,220090,Aroazes - PI,4,1,237,-,,,,,,,,,
7/31/2026,8/4/2026,250130,Aroeiras - PB,6,4,510,-,,,,,,,,,
7/31/2026,8/4/2026,220095,Aroeiras do Itaim - PI,0,0,44,-,,,,,,,,,
7/31/2026,8/4/2026,220100,Arraial - PI,3,2,168,-,,,,,,,,,
7/31/2026,8/4/2026,330025,Arraial do Cabo - RJ,90,55,5363,28.82,,,,,,,,,
7/31/2026,8/4/2026,170240,Arraias - TO,6,11,519,-,,,,,,,,,
7/31/2026,8/4/2026,430100,Arroio do Meio - RS,56,20,3354,3.05,,,,,,,,,
7/31/2026,8/4/2026,430107,Arroio do Padre - RS,3,0,148,-,,,,,,,,,
7/31/2026,8/4/2026,430105,Arroio do Sal - RS,33,21,2397,26.10,,,,,,,,,
7/31/2026,8/4/2026,430120,Arroio do Tigre - RS,16,14,1071,4.51,,,,,,,,,
7/31/2026,8/4/2026,430110,Arroio dos Ratos - RS,31,16,1436,37.34,,,,,,,,,
7/31/2026,8/4/2026,430130,Arroio Grande - RS,27,28,2041,35.17,,,,,,,,,
7/31/2026,8/4/2026,420160,Arroio Trinta - SC,4,4,625,-,,,,,,,,,
7/31/2026,8/4/2026,350380,Artur Nogueira - SP,135,74,7423,38.82,,,,,,,,,
7/31/2026,8/4/2026,520250,Aruanã - GO,11,9,1014,117.97,,,,,,,,,
7/31/2026,8/4/2026,350390,Arujá - SP,318,144,13986,36.11,,,,,,,,,
7/31/2026,8/4/2026,420165,Arvoredo - SC,3,5,285,-,,,,,,,,,
7/31/2026,8/4/2026,430140,Arvorezinha - RS,19,9,1402,48.29,,,,,,,,,
7/31/2026,8/4/2026,420170,Ascurra - SC,39,16,1753,1.17,,,,,,,,,
7/31/2026,8/4/2026,350395,Aspásia - SP,2,0,175,-,,,,,,,,,
7/31/2026,8/4/2026,410190,Assaí - PR,20,13,1594,0.04,,,,,,,,,
7/31/2026,8/4/2026,230160,Assaré - CE,8,4,794,-,,,,,,,,,
7/31/2026,8/4/2026,350400,Assis - SP,252,147,17051,23.28,,,,,,,,,
7/31/2026,8/4/2026,120005,Assis Brasil - AC,8,3,353,-,,,,,,,,,
7/31/2026,8/4/2026,410200,Assis Chateaubriand - PR,51,48,4744,28.06,,,,,,,,,
7/31/2026,8/4/2026,250135,Assunção - PB,5,1,191,-,,,,,,,,,
7/31/2026,8/4/2026,220105,Assunção do Piauí - PI,1,2,210,-,,,,,,,,,
7/31/2026,8/4/2026,310460,Astolfo Dutra - MG,14,14,1543,73.44,,,,,,,,,
7/31/2026,8/4/2026,410210,Astorga - PR,54,26,3977,2.97,,,,,,,,,
7/31/2026,8/4/2026,270040,Atalaia - AL,25,13,1408,67.41,,,,,,,,,
7/31/2026,8/4/2026,410220,Atalaia - PR,10,5,592,-,,,,,,,,,
7/31/2026,8/4/2026,130020,Atalaia do Norte - AM,2,0,282,-,,,,,,,,,
7/31/2026,8/4/2026,420180,Atalanta - SC,8,4,443,-,,,,,,,,,
7/31/2026,8/4/2026,310470,Ataléia - MG,11,3,607,-,,,,,,,,,
7/31/2026,8/4/2026,350410,Atibaia - SP,607,278,32003,33.20,,,,,,,,,
7/31/2026,8/4/2026,320070,Atilio Vivacqua - ES,25,15,1314,19.85,,,,,,,,,
7/31/2026,8/4/2026,170255,Augustinópolis - TO,19,13,1455,24.17,,,,,,,,,
7/31/2026,8/4/2026,150090,Augusto Corrêa - PA,10,6,807,-,,,,,,,,,
7/31/2026,8/4/2026,310480,Augusto de Lima - MG,4,1,365,-,,,,,,,,,
7/31/2026,8/4/2026,430150,Augusto Pestana - RS,12,4,793,0.00,,,,,,,,,
7/31/2026,8/4/2026,240130,Augusto Severo - RN,2,5,314,-,,,,,,,,,
7/31/2026,8/4/2026,430155,Áurea - RS,4,3,435,0.00,,,,,,,,,
7/31/2026,8/4/2026,290240,Aurelino Leal - BA,9,6,429,-,,,,,,,,,
7/31/2026,8/4/2026,350420,Auriflama - SP,43,16,2959,-,,,,,,,,,
7/31/2026,8/4/2026,520260,Aurilândia - GO,7,2,284,0.09,,,,,,,,,
7/31/2026,8/4/2026,230170,Aurora - CE,11,6,807,11.41,,,,,,,,,
7/31/2026,8/4/2026,420190,Aurora - SC,14,4,1029,1.19,,,,,,,,,
7/31/2026,8/4/2026,150095,Aurora do Pará - PA,5,3,551,-,,,,,,,,,
7/31/2026,8/4/2026,170270,Aurora do Tocantins - TO,0,0,197,-,,,,,,,,,
7/31/2026,8/4/2026,130030,Autazes - AM,23,9,1229,0.88,,,,,,,,,
7/31/2026,8/4/2026,350430,Avaí - SP,8,7,458,-,,,,,,,,,
7/31/2026,8/4/2026,350440,Avanhandava - SP,12,7,784,12.57,,,,,,,,,
7/31/2026,8/4/2026,350450,Avaré - SP,259,154,13312,44.11,,,,,,,,,
7/31/2026,8/4/2026,150100,Aveiro - PA,2,0,285,-,,,,,,,,,
7/31/2026,8/4/2026,220110,Avelino Lopes - PI,5,1,356,16.42,,,,,,,,,
7/31/2026,8/4/2026,520280,Avelinópolis - GO,4,2,292,-,,,,,,,,,
7/31/2026,8/4/2026,210110,Axixá - MA,6,1,266,48.05,,,,,,,,,
7/31/2026,8/4/2026,170290,Axixá do Tocantins - TO,10,5,451,138.46,,,,,,,,,
7/31/2026,8/4/2026,170300,Babaçulândia - TO,2,3,297,-,,,,,,,,,
7/31/2026,8/4/2026,210120,Bacabal - MA,100,52,5737,0.96,,,,,,,,,
7/31/2026,8/4/2026,210125,Bacabeira - MA,11,4,659,119.25,,,,,,,,,
7/31/2026,8/4/2026,210130,Bacuri - MA,7,1,333,-,,,,,,,,,
7/31/2026,8/4/2026,210135,Bacurituba - MA,0,1,71,-,,,,,,,,,
7/31/2026,8/4/2026,350460,Bady Bassitt - SP,110,49,5222,18.54,,,,,,,,,
7/31/2026,8/4/2026,310490,Baependi - MG,42,27,2654,87.06,,,,,,,,,
7/31/2026,8/4/2026,430160,Bagé - RS,218,121,11830,5.26,,,,,,,,,
7/31/2026,8/4/2026,150110,Bagre - PA,6,2,347,-,,,,,,,,,
7/31/2026,8/4/2026,250140,Baía da Traição - PB,2,3,289,-,,,,,,,,,
7/31/2026,8/4/2026,240140,Baía Formosa - RN,9,1,653,-,,,,,,,,,
7/31/2026,8/4/2026,290250,Baianópolis - BA,8,6,469,-,,,,,,,,,
7/31/2026,8/4/2026,150120,Baião - PA,9,8,606,-,,,,,,,,,
7/31/2026,8/4/2026,290260,Baixa Grande - BA,18,6,792,-,,,,,,,,,
7/31/2026,8/4/2026,220115,Baixa Grande do Ribeiro - PI,21,9,1222,3.83,,,,,,,,,
7/31/2026,8/4/2026,230180,Baixio - CE,6,0,170,0.00,,,,,,,,,
7/31/2026,8/4/2026,320080,Baixo Guandu - ES,58,45,3806,21.87,,,,,,,,,
7/31/2026,8/4/2026,350470,Balbinos - SP,4,0,162,-,,,,,,,,,
7/31/2026,8/4/2026,310500,Baldim - MG,11,8,786,67.70,,,,,,,,,
7/31/2026,8/4/2026,520310,Baliza - GO,3,1,191,-,,,,,,,,,
7/31/2026,8/4/2026,420195,Balneário Arroio do Silva - SC,51,29,2124,6.09,,,,,,,,,
7/31/2026,8/4/2026,420205,Balneário Barra do Sul - SC,43,31,2005,-,,,,,,,,,
7/31/2026,8/4/2026,420200,Balneário Camboriú - SC,743,431,44979,15.59,,,,,,,,,
7/31/2026,8/4/2026,420207,Balneário Gaivota - SC,63,30,2544,24.65,,,,,,,,,
7/31/2026,8/4/2026,421280,Balneário Piçarras - SC,143,44,6700,164.35,,,,,,,,,
7/31/2026,8/4/2026,430163,Balneário Pinhal - RS,39,18,1834,-,,,,,,,,,
7/31/2026,8/4/2026,422000,Balneário Rincão - SC,48,32,2326,47.14,,,,,,,,,
7/31/2026,8/4/2026,410230,Balsa Nova - PR,28,16,1792,18.76,,,,,,,,,
7/31/2026,8/4/2026,350480,Bálsamo - SP,31,7,1424,45.10,,,,,,,,,
7/31/2026,8/4/2026,210140,Balsas - MA,202,75,10424,6.78,,,,,,,,,
7/31/2026,8/4/2026,310510,Bambuí - MG,40,21,2618,1.10,,,,,,,,,
7/31/2026,8/4/2026,230185,Banabuiú - CE,10,3,665,0.48,,,,,,,,,
7/31/2026,8/4/2026,350490,Bananal - SP,13,10,962,19.35,,,,,,,,,
7/31/2026,8/4/2026,250150,Bananeiras - PB,14,14,1101,6.98,,,,,,,,,
7/31/2026,8/4/2026,310520,Bandeira - MG,3,1,169,-,,,,,,,,,
7/31/2026,8/4/2026,310530,Bandeira do Sul - MG,14,9,761,-,,,,,,,,,
7/31/2026,8/4/2026,420208,Bandeirante - SC,10,2,297,29.19,,,,,,,,,
7/31/2026,8/4/2026,500150,Bandeirantes - MS,8,5,915,43.53,,,,,,,,,
7/31/2026,8/4/2026,410240,Bandeirantes - PR,51,35,4283,84.12,,,,,,,,,
7/31/2026,8/4/2026,170305,Bandeirantes do Tocantins - TO,2,0,192,-,,,,,,,,,
7/31/2026,8/4/2026,150125,Bannach - PA,4,2,181,-,,,,,,,,,
7/31/2026,8/4/2026,290265,Banzaê - BA,2,3,317,-,,,,,,,,,
7/31/2026,8/4/2026,430165,Barão - RS,9,6,718,139.00,,,,,,,,,
7/31/2026,8/4/2026,350500,Barão de Antonina - SP,3,1,267,-,,,,,,,,,
7/31/2026,8/4/2026,310540,Barão de Cocais - MG,63,29,3430,131.56,,,,,,,,,
7/31/2026,8/4/2026,430170,Barão de Cotegipe - RS,15,8,1131,0.78,,,,,,,,,
7/31/2026,8/4/2026,210150,Barão de Grajaú - MA,12,6,795,32.57,,,,,,,,,
7/31/2026,8/4/2026,510160,Barão de Melgaço - MT,8,12,408,-,,,,,,,,,
7/31/2026,8/4/2026,310550,Barão de Monte Alto - MG,2,5,286,-,,,,,,,,,
7/31/2026,8/4/2026,430175,Barão do Triunfo - RS,3,3,300,0.19,,,,,,,,,
7/31/2026,8/4/2026,250153,Baraúna - PB,9,1,278,17.95,,,,,,,,,
7/31/2026,8/4/2026,240145,Baraúna - RN,19,6,1218,13.70,,,,,,,,,
7/31/2026,8/4/2026,310560,Barbacena - MG,269,160,13778,8.95,,,,,,,,,
7/31/2026,8/4/2026,230190,Barbalha - CE,69,39,3816,47.99,,,,,,,,,
7/31/2026,8/4/2026,350510,Barbosa - SP,8,3,537,17.58,,,,,,,,,
7/31/2026,8/4/2026,410250,Barbosa Ferraz - PR,7,10,983,-,,,,,,,,,
7/31/2026,8/4/2026,150130,Barcarena - PA,186,94,8893,18.40,,,,,,,,,
7/31/2026,8/4/2026,240150,Barcelona - RN,3,0,141,-,,,,,,,,,
7/31/2026,8/4/2026,130040,Barcelos - AM,9,7,594,60.16,,,,,,,,,
7/31/2026,8/4/2026,350520,Bariri - SP,57,32,4200,22.84,,,,,,,,,
7/31/2026,8/4/2026,290270,Barra - BA,38,12,1723,2.21,,,,,,,,,
7/31/2026,8/4/2026,420209,Barra Bonita - SC,1,1,141,-,,,,,,,,,
7/31/2026,8/4/2026,350530,Barra Bonita - SP,94,37,5275,81.85,,,,,,,,,
7/31/2026,8/4/2026,290280,Barra da Estiva - BA,12,12,2098,35.53,,,,,,,,,
7/31/2026,8/4/2026,220117,Barra D'Alcântara - PI,0,0,132,-,,,,,,,,,
7/31/2026,8/4/2026,260130,Barra de Guabiraba - PE,12,5,465,-,,,,,,,,,
7/31/2026,8/4/2026,250160,Barra de Santa Rosa - PB,7,0,594,-,,,,,,,,,
7/31/2026,8/4/2026,250157,Barra de Santana - PB,6,1,195,-,,,,,,,,,
7/31/2026,8/4/2026,270050,Barra de Santo Antônio - AL,19,2,818,16.57,,,,,,,,,
7/31/2026,8/4/2026,320090,Barra de São Francisco - ES,92,48,4832,1.29,,,,,,,,,
7/31/2026,8/4/2026,270060,Barra de São Miguel - AL,20,10,932,0.46,,,,,,,,,
7/31/2026,8/4/2026,250170,Barra de São Miguel - PB,7,2,167,11.89,,,,,,,,,
7/31/2026,8/4/2026,510170,Barra do Bugres - MT,48,33,3107,20.15,,,,,,,,,
7/31/2026,8/4/2026,350535,Barra do Chapéu - SP,1,5,341,-,,,,,,,,,
7/31/2026,8/4/2026,290290,Barra do Choça - BA,65,19,2465,6.16,,,,,,,,,
7/31/2026,8/4/2026,210160,Barra do Corda - MA,117,30,4589,0.19,,,,,,,,,
7/31/2026,8/4/2026,510180,Barra do Garças - MT,177,85,9533,15.49,,,,,,,,,
7/31/2026,8/4/2026,430185,Barra do Guarita - RS,3,2,273,72.00,,,,,,,,,
7/31/2026,8/4/2026,410270,Barra do Jacaré - PR,2,2,178,-,,,,,,,,,
7/31/2026,8/4/2026,290300,Barra do Mendes - BA,6,6,474,4.09,,,,,,,,,
7/31/2026,8/4/2026,170307,Barra do Ouro - TO,3,0,195,-,,,,,,,,,
7/31/2026,8/4/2026,330030,Barra do Piraí - RJ,159,95,9195,0.41,,,,,,,,,
7/31/2026,8/4/2026,430187,Barra do Quaraí - RS,14,4,547,40.00,,,,,,,,,
7/31/2026,8/4/2026,430190,Barra do Ribeiro - RS,20,14,1414,24.00,,,,,,,,,
7/31/2026,8/4/2026,430192,Barra do Rio Azul - RS,0,1,142,-,,,,,,,,,
7/31/2026,8/4/2026,290310,Barra do Rocha - BA,1,3,186,-,,,,,,,,,
7/31/2026,8/4/2026,350540,Barra do Turvo - SP,7,6,578,227.23,,,,,,,,,
7/31/2026,8/4/2026,280060,Barra dos Coqueiros - SE,88,49,3249,21.98,,,,,,,,,
7/31/2026,8/4/2026,430195,Barra Funda - RS,2,1,373,0.13,,,,,,,,,
7/31/2026,8/4/2026,310570,Barra Longa - MG,7,3,472,-,,,,,,,,,
7/31/2026,8/4/2026,330040,Barra Mansa - RJ,358,190,20838,14.12,,,,,,,,,
7/31/2026,8/4/2026,420210,Barra Velha - SC,215,134,9597,44.49,,,,,,,,,
7/31/2026,8/4/2026,410260,Barracão - PR,25,13,1781,4.96,,,,,,,,,
7/31/2026,8/4/2026,430180,Barracão - RS,6,4,497,-,,,,,,,,,
7/31/2026,8/4/2026,220120,Barras - PI,24,16,2335,2.41,,,,,,,,,
7/31/2026,8/4/2026,230195,Barreira - CE,19,22,1321,48.00,,,,,,,,,
7/31/2026,8/4/2026,290320,Barreiras - BA,342,162,18365,30.15,,,,,,,,,
7/31/2026,8/4/2026,220130,Barreiras do Piauí - PI,4,0,99,-,,,,,,,,,
7/31/2026,8/4/2026,130050,Barreirinha - AM,9,5,551,0.31,,,,,,,,,
7/31/2026,8/4/2026,210170,Barreirinhas - MA,77,22,3481,9.37,,,,,,,,,
7/31/2026,8/4/2026,260140,Barreiros - PE,25,17,2344,-,,,,,,,,,
7/31/2026,8/4/2026,350550,Barretos - SP,327,146,18473,37.30,,,,,,,,,
7/31/2026,8/4/2026,350560,Barrinha - SP,66,35,3400,52.65,,,,,,,,,
7/31/2026,8/4/2026,230200,Barro - CE,10,11,721,93.08,,,,,,,,,
7/31/2026,8/4/2026,290323,Barro Alto - BA,7,4,391,-,,,,,,,,,
7/31/2026,8/4/2026,520320,Barro Alto - GO,14,8,1112,0.54,,,,,,,,,
7/31/2026,8/4/2026,220140,Barro Duro - PI,3,1,234,-,,,,,,,,,
7/31/2026,8/4/2026,290330,Barro Preto - BA,6,3,229,-,,,,,,,,,
7/31/2026,8/4/2026,290327,Barrocas - BA,10,7,762,-,,,,,,,,,
7/31/2026,8/4/2026,170310,Barrolândia - TO,3,2,362,-,,,,,,,,,
7/31/2026,8/4/2026,230205,Barroquinha - CE,13,12,610,12.47,,,,,,,,,
7/31/2026,8/4/2026,430200,Barros Cassal - RS,10,3,725,41.34,,,,,,,,,
7/31/2026,8/4/2026,310590,Barroso - MG,30,13,1827,13.91,,,,,,,,,
7/31/2026,8/4/2026,350570,Barueri - SP,1580,736,79377,55.48,,,,,,,,,
7/31/2026,8/4/2026,350580,Bastos - SP,50,19,2375,10.51,,,,,,,,,
7/31/2026,8/4/2026,500190,Bataguassu - MS,44,32,2830,7.07,,,,,,,,,
7/31/2026,8/4/2026,270070,Batalha - AL,5,2,640,32.09,,,,,,,,,
7/31/2026,8/4/2026,220150,Batalha - PI,10,11,849,19.76,,,,,,,,,
7/31/2026,8/4/2026,350590,Batatais - SP,133,68,8207,46.43,,,,,,,,,
7/31/2026,8/4/2026,500200,Batayporã - MS,14,11,1053,1.71,,,,,,,,,
7/31/2026,8/4/2026,230210,Baturité - CE,125,16,2577,4.52,,,,,,,,,
7/31/2026,8/4/2026,350600,Bauru - SP,1267,755,68029,45.66,,,,,,,,,
7/31/2026,8/4/2026,250180,Bayeux - PB,123,69,6493,15.87,,,,,,,,,
7/31/2026,8/4/2026,350610,Bebedouro - SP,175,96,10946,21.06,,,,,,,,,
7/31/2026,8/4/2026,230220,Beberibe - CE,66,35,3143,11.38,,,,,,,,,
7/31/2026,8/4/2026,230230,Bela Cruz - CE,22,7,1399,104.20,,,,,,,,,
7/31/2026,8/4/2026,500210,Bela Vista - MS,35,16,1933,10.03,,,,,,,,,
7/31/2026,8/4/2026,410275,Bela Vista da Caroba - PR,4,2,206,-,,,,,,,,,
7/31/2026,8/4/2026,520330,Bela Vista de Goiás - GO,77,35,3694,0.36,,,,,,,,,
7/31/2026,8/4/2026,310600,Bela Vista de Minas - MG,24,8,832,59.79,,,,,,,,,
7/31/2026,8/4/2026,210177,Bela Vista do Maranhão - MA,4,0,289,-,,,,,,,,,
7/31/2026,8/4/2026,410280,Bela Vista do Paraíso - PR,101,21,2211,16.48,,,,,,,,,
7/31/2026,8/4/2026,220155,Bela Vista do Piauí - PI,2,1,161,-,,,,,,,,,
7/31/2026,8/4/2026,420213,Bela Vista do Toldo - SC,7,1,319,1.12,,,,,,,,,
7/31/2026,8/4/2026,210173,Belágua - MA,0,0,129,-,,,,,,,,,
7/31/2026,8/4/2026,270080,Belém - AL,3,1,155,-,,,,,,,,,
7/31/2026,8/4/2026,150140,Belém - PA,2133,1334,127214,1.41,,,,,,,,,
7/31/2026,8/4/2026,250190,Belém - PB,19,12,1127,-,,,,,,,,,
7/31/2026,8/4/2026,260150,Belém de Maria - PE,0,3,244,-,,,,,,,,,
7/31/2026,8/4/2026,250200,Belém do Brejo do Cruz - PB,2,0,210,-,,,,,,,,,
7/31/2026,8/4/2026,220157,Belém do Piauí - PI,1,0,173,-,,,,,,,,,
7/31/2026,8/4/2026,260160,Belém do São Francisco - PE,6,3,690,-,,,,,,,,,
7/31/2026,8/4/2026,330045,Belford Roxo - RJ,1014,489,39497,20.89,,,,,,,,,
7/31/2026,8/4/2026,310610,Belmiro Braga - MG,9,6,398,-,,,,,,,,,
7/31/2026,8/4/2026,290340,Belmonte - BA,12,8,1073,-,,,,,,,,,
7/31/2026,8/4/2026,420215,Belmonte - SC,4,3,286,-,,,,,,,,,
7/31/2026,8/4/2026,290350,Belo Campo - BA,12,11,817,-,,,,,,,,,
7/31/2026,8/4/2026,310620,Belo Horizonte - MG,8907,5369,485096,6.55,,,,,,,,,
7/31/2026,8/4/2026,260170,Belo Jardim - PE,105,54,4733,3.50,,,,,,,,,
7/31/2026,8/4/2026,270090,Belo Monte - AL,4,1,120,66.29,,,,,,,,,
7/31/2026,8/4/2026,310630,Belo Oriente - MG,50,31,2064,-,,,,,,,,,
7/31/2026,8/4/2026,310640,Belo Vale - MG,9,4,692,-,,,,,,,,,
7/31/2026,8/4/2026,150145,Belterra - PA,14,8,895,-,,,,,,,,,
7/31/2026,8/4/2026,220160,Beneditinos - PI,6,3,347,-,,,,,,,,,
7/31/2026,8/4/2026,210180,Benedito Leite - MA,2,1,135,-,,,,,,,,,
7/31/2026,8/4/2026,420220,Benedito Novo - SC,23,15,1525,1.17,,,,,,,,,
7/31/2026,8/4/2026,150150,Benevides - PA,101,64,4952,-,,,,,,,,,
7/31/2026,8/4/2026,130060,Benjamin Constant - AM,11,4,883,1.30,,,,,,,,,
7/31/2026,8/4/2026,430205,Benjamin Constant do Sul - RS,1,1,81,-,,,,,,,,,
7/31/2026,8/4/2026,350620,Bento de Abreu - SP,1,4,225,-,,,,,,,,,
7/31/2026,8/4/2026,240160,Bento Fernandes - RN,2,1,133,-,,,,,,,,,
7/31/2026,8/4/2026,430210,Bento Gonçalves - RS,362,194,24324,16.05,,,,,,,,,
7/31/2026,8/4/2026,210190,Bequimão - MA,6,1,470,-,,,,,,,,,
7/31/2026,8/4/2026,310650,Berilo - MG,0,3,536,-,,,,,,,,,
7/31/2026,8/4/2026,310665,Berizal - MG,9,3,199,-,,,,,,,,,
7/31/2026,8/4/2026,250205,Bernardino Batista - PB,1,1,89,-,,,,,,,,,
7/31/2026,8/4/2026,350630,Bernardino de Campos - SP,15,14,1113,41.31,,,,,,,,,
7/31/2026,8/4/2026,210193,Bernardo do Mearim - MA,3,0,148,659.12,,,,,,,,,
7/31/2026,8/4/2026,170320,Bernardo Sayão - TO,2,2,224,-,,,,,,,,,
7/31/2026,8/4/2026,350635,Bertioga - SP,201,111,10904,42.76,,,,,,,,,
7/31/2026,8/4/2026,220170,Bertolínia - PI,7,5,284,0.23,,,,,,,,,
7/31/2026,8/4/2026,310660,Bertópolis - MG,5,2,168,-,,,,,,,,,
7/31/2026,8/4/2026,130063,Beruri - AM,4,0,347,3.15,,,,,,,,,
7/31/2026,8/4/2026,260180,Betânia - PE,15,4,250,-,,,,,,,,,
7/31/2026,8/4/2026,220173,Betânia do Piauí - PI,4,1,227,-,,,,,,,,,
7/31/2026,8/4/2026,310670,Betim - MG,1370,736,58689,16.57,,,,,,,,,
7/31/2026,8/4/2026,260190,Bezerros - PE,74,42,3675,82.87,,,,,,,,,
7/31/2026,8/4/2026,310680,Bias Fortes - MG,1,1,176,-,,,,,,,,,
7/31/2026,8/4/2026,310690,Bicas - MG,19,20,1691,-,,,,,,,,,
7/31/2026,8/4/2026,420230,Biguaçu - SC,360,230,17934,26.58,,,,,,,,,
7/31/2026,8/4/2026,350640,Bilac - SP,18,10,1094,28.35,,,,,,,,,
7/31/2026,8/4/2026,310700,Biquinhas - MG,0,0,229,-,,,,,,,,,
7/31/2026,8/4/2026,350650,Birigui - SP,340,191,19407,28.94,,,,,,,,,
7/31/2026,8/4/2026,350660,Biritiba-Mirim - SP,56,30,2930,18.72,,,,,,,,,
7/31/2026,8/4/2026,290360,Biritinga - BA,4,5,354,-,,,,,,,,,
7/31/2026,8/4/2026,410290,Bituruna - PR,35,19,1716,-,,,,,,,,,
7/31/2026,8/4/2026,420240,Blumenau - SC,1480,780,80873,3.95,,,,,,,,,
7/31/2026,8/4/2026,320100,Boa Esperança - ES,14,15,1294,2.52,,,,,,,,,
7/31/2026,8/4/2026,310710,Boa Esperança - MG,77,63,4777,7.10,,,,,,,,,
7/31/2026,8/4/2026,410300,Boa Esperança - PR,17,6,533,-,,,,,,,,,
7/31/2026,8/4/2026,410302,Boa Esperança do Iguaçu - PR,28,4,253,-,,,,,,,,,
7/31/2026,8/4/2026,350670,Boa Esperança do Sul - SP,25,22,1279,41.61,,,,,,,,,
7/31/2026,8/4/2026,220177,Boa Hora - PI,3,4,201,-,,,,,,,,,
7/31/2026,8/4/2026,290370,Boa Nova - BA,8,6,526,-,,,,,,,,,
7/31/2026,8/4/2026,250210,Boa Ventura - PB,4,0,165,142.21,,,,,,,,,
7/31/2026,8/4/2026,410304,Boa Ventura de São Roque - PR,6,4,485,19.57,,,,,,,,,
7/31/2026,8/4/2026,230240,Boa Viagem - CE,23,14,2032,7.65,,,,,,,,,
7/31/2026,8/4/2026,250215,Boa Vista - PB,10,7,530,-,,,,,,,,,
7/31/2026,8/4/2026,140010,Boa Vista - RR,831,390,38991,14.47,,,,,,,,,
7/31/2026,8/4/2026,410305,Boa Vista da Aparecida - PR,15,5,1007,-,,,,,,,,,
7/31/2026,8/4/2026,430215,Boa Vista das Missões - RS,4,2,236,-,,,,,,,,,
7/31/2026,8/4/2026,430220,Boa Vista do Buricá - RS,15,8,1277,38.55,,,,,,,,,
7/31/2026,8/4/2026,430222,Boa Vista do Cadeado - RS,3,0,128,0.00,,,,,,,,,
7/31/2026,8/4/2026,210197,Boa Vista do Gurupi - MA,6,2,200,-,,,,,,,,,
7/31/2026,8/4/2026,430223,Boa Vista do Incra - RS,5,3,208,7.52,,,,,,,,,
7/31/2026,8/4/2026,130068,Boa Vista do Ramos - AM,3,2,413,-,,,,,,,,,
7/31/2026,8/4/2026,430225,Boa Vista do Sul - RS,1,0,269,-,,,,,,,,,
7/31/2026,8/4/2026,290380,Boa Vista do Tupim - BA,8,6,495,-,,,,,,,,,
7/31/2026,8/4/2026,270100,Boca da Mata - AL,21,12,1110,0.17,,,,,,,,,
7/31/2026,8/4/2026,130070,Boca do Acre - AM,23,14,1360,6.76,,,,,,,,,
7/31/2026,8/4/2026,220180,Bocaina - PI,0,1,103,-,,,,,,,,,
7/31/2026,8/4/2026,350680,Bocaina - SP,27,13,1491,65.65,,,,,,,,,
7/31/2026,8/4/2026,310720,Bocaina de Minas - MG,4,5,686,-,,,,,,,,,
7/31/2026,8/4/2026,420243,Bocaina do Sul - SC,2,2,272,-,,,,,,,,,
7/31/2026,8/4/2026,310730,Bocaiúva - MG,62,29,3896,11.62,,,,,,,,,
7/31/2026,8/4/2026,410310,Bocaiúva do Sul - PR,32,21,1493,203.03,,,,,,,,,
7/31/2026,8/4/2026,240165,Bodó - RN,2,1,106,-,,,,,,,,,
7/31/2026,8/4/2026,260200,Bodocó - PE,11,6,912,-,,,,,,,,,
7/31/2026,8/4/2026,500215,Bodoquena - MS,8,7,744,12.00,,,,,,,,,
7/31/2026,8/4/2026,350690,Bofete - SP,26,18,1400,44.85,,,,,,,,,
7/31/2026,8/4/2026,350700,Boituva - SP,171,99,10719,31.80,,,,,,,,,
7/31/2026,8/4/2026,260210,Bom Conselho - PE,25,8,1309,-,,,,,,,,,
7/31/2026,8/4/2026,310740,Bom Despacho - MG,119,70,6708,52.98,,,,,,,,,
7/31/2026,8/4/2026,210200,Bom Jardim - MA,12,8,634,8.25,,,,,,,,,
7/31/2026,8/4/2026,260220,Bom Jardim - PE,16,7,1062,-,,,,,,,,,
7/31/2026,8/4/2026,330050,Bom Jardim - RJ,51,25,3549,22.51,,,,,,,,,
7/31/2026,8/4/2026,420250,Bom Jardim da Serra - SC,7,5,438,-,,,,,,,,,
7/31/2026,8/4/2026,520340,Bom Jardim de Goiás - GO,7,5,764,186.77,,,,,,,,,
7/31/2026,8/4/2026,310750,Bom Jardim de Minas - MG,7,6,836,55.29,,,,,,,,,
7/31/2026,8/4/2026,250220,Bom Jesus - PB,4,1,99,-,,,,,,,,,
7/31/2026,8/4/2026,220190,Bom Jesus - PI,45,17,3027,3.73,,,,,,,,,
7/31/2026,8/4/2026,240170,Bom Jesus - RN,11,6,590,-,,,,,,,,,
7/31/2026,8/4/2026,430230,Bom Jesus - RS,18,7,1205,19.96,,,,,,,,,
7/31/2026,8/4/2026,420253,Bom Jesus - SC,6,4,427,23.13,,,,,,,,,
7/31/2026,8/4/2026,290390,Bom Jesus da Lapa - BA,67,38,4265,7.55,,,,,,,,,
7/31/2026,8/4/2026,310760,Bom Jesus da Penha - MG,6,1,375,0.13,,,,,,,,,
7/31/2026,8/4/2026,290395,Bom Jesus da Serra - BA,5,1,273,-,,,,,,,,,
7/31/2026,8/4/2026,210203,Bom Jesus das Selvas - MA,15,12,715,5.06,,,,,,,,,
7/31/2026,8/4/2026,520350,Bom Jesus de Goiás - GO,40,21,2223,7.92,,,,,,,,,
7/31/2026,8/4/2026,310770,Bom Jesus do Amparo - MG,9,3,544,-,,,,,,,,,
7/31/2026,8/4/2026,510185,Bom Jesus do Araguaia - MT,10,9,753,-,,,,,,,,,
7/31/2026,8/4/2026,310780,Bom Jesus do Galho - MG,17,8,1008,-,,,,,,,,,
7/31/2026,8/4/2026,330060,Bom Jesus do Itabapoana - RJ,41,28,3929,19.26,,,,,,,,,
7/31/2026,8/4/2026,320110,Bom Jesus do Norte - ES,23,12,1417,24.08,,,,,,,,,
7/31/2026,8/4/2026,420257,Bom Jesus do Oeste - SC,0,3,250,-,,,,,,,,,
7/31/2026,8/4/2026,410315,Bom Jesus do Sul - PR,7,4,345,-,,,,,,,,,
7/31/2026,8/4/2026,150157,Bom Jesus do Tocantins - PA,12,3,590,-,,,,,,,,,
7/31/2026,8/4/2026,170330,Bom Jesus do Tocantins - TO,2,3,195,-,,,,,,,,,
7/31/2026,8/4/2026,350710,Bom Jesus dos Perdões - SP,61,32,3625,62.06,,,,,,,,,
7/31/2026,8/4/2026,210207,Bom Lugar - MA,5,3,202,-,,,,,,,,,
7/31/2026,8/4/2026,430235,Bom Princípio - RS,31,19,2505,3.58,,,,,,,,,
7/31/2026,8/4/2026,220191,Bom Princípio do Piauí - PI,5,1,116,-,,,,,,,,,
7/31/2026,8/4/2026,430237,Bom Progresso - RS,3,2,148,0.20,,,,,,,,,
7/31/2026,8/4/2026,310790,Bom Repouso - MG,19,9,917,-,,,,,,,,,
7/31/2026,8/4/2026,420260,Bom Retiro - SC,9,11,1178,-,,,,,,,,,
7/31/2026,8/4/2026,430240,Bom Retiro do Sul - RS,35,16,1607,5.25,,,,,,,,,
7/31/2026,8/4/2026,310800,Bom Sucesso - MG,21,17,1460,-,,,,,,,,,
7/31/2026,8/4/2026,250230,Bom Sucesso - PB,4,3,159,-,,,,,,,,,
7/31/2026,8/4/2026,410320,Bom Sucesso - PR,17,15,611,-,,,,,,,,,
7/31/2026,8/4/2026,350715,Bom Sucesso de Itararé - SP,6,2,315,-,,,,,,,,,
7/31/2026,8/4/2026,410322,Bom Sucesso do Sul - PR,4,3,338,-,,,,,,,,,
7/31/2026,8/4/2026,420245,Bombinhas - SC,123,55,6209,2.52,,,,,,,,,
7/31/2026,8/4/2026,310810,Bonfim - MG,9,5,714,-,,,,,,,,,
7/31/2026,8/4/2026,140015,Bonfim - RR,7,1,526,19.36,,,,,,,,,
7/31/2026,8/4/2026,220192,Bonfim do Piauí - PI,3,0,116,11.90,,,,,,,,,
7/31/2026,8/4/2026,520355,Bonfinópolis - GO,16,6,1060,1.25,,,,,,,,,
7/31/2026,8/4/2026,310820,Bonfinópolis de Minas - MG,7,5,659,-,,,,,,,,,
7/31/2026,8/4/2026,290400,Boninal - BA,15,3,488,-,,,,,,,,,
7/31/2026,8/4/2026,290405,Bonito - BA,8,6,533,-,,,,,,,,,
7/31/2026,8/4/2026,500220,Bonito - MS,72,40,3937,15.34,,,,,,,,,
7/31/2026,8/4/2026,150160,Bonito - PA,5,4,340,-,,,,,,,,,
7/31/2026,8/4/2026,260230,Bonito - PE,35,26,2101,80.19,,,,,,,,,
7/31/2026,8/4/2026,310825,Bonito de Minas - MG,6,2,295,-,,,,,,,,,
7/31/2026,8/4/2026,250240,Bonito de Santa Fé - PB,3,4,348,-,,,,,,,,,
7/31/2026,8/4/2026,520357,Bonópolis - GO,3,3,369,-,,,,,,,,,
7/31/2026,8/4/2026,250250,Boqueirão - PB,16,16,936,0.03,,,,,,,,,
7/31/2026,8/4/2026,430245,Boqueirão do Leão - RS,10,7,561,35.34,,,,,,,,,
7/31/2026,8/4/2026,220194,Boqueirão do Piauí - PI,5,2,253,-,,,,,,,,,
7/31/2026,8/4/2026,280067,Boquim - SE,14,5,1050,0.05,,,,,,,,,
7/31/2026,8/4/2026,290410,Boquira - BA,7,2,650,24.16,,,,,,,,,
7/31/2026,8/4/2026,350720,Borá - SP,2,2,99,-,,,,,,,,,
7/31/2026,8/4/2026,350730,Boracéia - SP,8,4,624,-,,,,,,,,,
7/31/2026,8/4/2026,130080,Borba - AM,7,4,608,-,,,,,,,,,
7/31/2026,8/4/2026,250270,Borborema - PB,33,9,309,-,,,,,,,,,
7/31/2026,8/4/2026,350740,Borborema - SP,37,19,2200,57.23,,,,,,,,,
7/31/2026,8/4/2026,310830,Borda da Mata - MG,34,18,2276,9.31,,,,,,,,,
7/31/2026,8/4/2026,350745,Borebi - SP,7,5,322,-,,,,,,,,,
7/31/2026,8/4/2026,410330,Borrazópolis - PR,6,10,794,-,,,,,,,,,
7/31/2026,8/4/2026,430250,Bossoroca - RS,4,2,437,-,,,,,,,,,
7/31/2026,8/4/2026,310840,Botelhos - MG,27,19,1776,18.06,,,,,,,,,
7/31/2026,8/4/2026,350750,Botucatu - SP,434,250,22842,27.64,,,,,,,,,
7/31/2026,8/4/2026,310850,Botumirim - MG,6,5,293,3.62,,,,,,,,,
7/31/2026,8/4/2026,290420,Botuporã - BA,3,2,396,-,,,,,,,,,
7/31/2026,8/4/2026,420270,Botuverá - SC,13,5,760,-,,,,,,,,,
7/31/2026,8/4/2026,430258,Bozano - RS,1,4,130,46.70,,,,,,,,,
7/31/2026,8/4/2026,420280,Braço do Norte - SC,83,68,5179,5.38,,,,,,,,,
7/31/2026,8/4/2026,420285,Braço do Trombudo - SC,8,5,540,-,,,,,,,,,
7/31/2026,8/4/2026,430260,Braga - RS,2,2,192,16.81,,,,,,,,,
7/31/2026,8/4/2026,150170,Bragança - PA,67,36,4848,32.68,,,,,,,,,
7/31/2026,8/4/2026,350760,Bragança Paulista - SP,497,296,30556,36.34,,,,,,,,,
7/31/2026,8/4/2026,410335,Braganey - PR,8,5,450,-,,,,,,,,,
7/31/2026,8/4/2026,270110,Branquinha - AL,6,5,215,-,,,,,,,,,
7/31/2026,8/4/2026,310870,Brás Pires - MG,2,1,284,-,,,,,,,,,
7/31/2026,8/4/2026,150172,Brasil Novo - PA,7,8,992,48.51,,,,,,,,,
7/31/2026,8/4/2026,500230,Brasilândia - MS,32,15,1146,14.72,,,,,,,,,
7/31/2026,8/4/2026,310855,Brasilândia de Minas - MG,25,17,1462,2.30,,,,,,,,,
7/31/2026,8/4/2026,410337,Brasilândia do Sul - PR,10,6,333,13.56,,,,,,,,,
7/31/2026,8/4/2026,170360,Brasilândia do Tocantins - TO,2,1,88,-,,,,,,,,,
7/31/2026,8/4/2026,120010,Brasiléia - AC,19,10,1701,24.74,,,,,,,,,
7/31/2026,8/4/2026,220196,Brasileira - PI,4,0,308,-,,,,,,,,,
7/31/2026,8/4/2026,530010,Brasília - DF,9750,5276,433752,14.44,,,,,,,,,
7/31/2026,8/4/2026,310860,Brasília de Minas - MG,27,25,2012,93.86,,,,,,,,,
7/31/2026,8/4/2026,510190,Brasnorte - MT,32,11,1729,43.20,,,,,,,,,
7/31/2026,8/4/2026,350770,Braúna - SP,10,4,637,8.68,,,,,,,,,
7/31/2026,8/4/2026,310880,Braúnas - MG,2,2,193,-,,,,,,,,,
7/31/2026,8/4/2026,520360,Brazabrantes - GO,7,4,425,-,,,,,,,,,
7/31/2026,8/4/2026,310890,Brazópolis - MG,13,18,1372,-,,,,,,,,,
7/31/2026,8/4/2026,260240,Brejão - PE,4,2,285,88.29,,,,,,,,,
7/31/2026,8/4/2026,320115,Brejetuba - ES,19,10,1006,-,,,,,,,,,
7/31/2026,8/4/2026,260250,Brejinho - PE,7,6,331,-,,,,,,,,,
7/31/2026,8/4/2026,240180,Brejinho - RN,16,2,798,69.91,,,,,,,,,
7/31/2026,8/4/2026,170370,Brejinho de Nazaré - TO,10,5,350,-,,,,,,,,,
7/31/2026,8/4/2026,210210,Brejo - MA,8,9,931,-,,,,,,,,,
7/31/2026,8/4/2026,350775,Brejo Alegre - SP,6,3,239,-,,,,,,,,,
7/31/2026,8/4/2026,260260,Brejo da Madre de Deus - PE,44,16,2116,8.65,,,,,,,,,
7/31/2026,8/4/2026,210215,Brejo de Areia - MA,1,3,149,-,,,,,,,,,
7/31/2026,8/4/2026,250280,Brejo do Cruz - PB,16,7,718,11.65,,,,,,,,,
7/31/2026,8/4/2026,220198,Brejo do Piauí - PI,1,3,97,1.70,,,,,,,,,
7/31/2026,8/4/2026,250290,Brejo dos Santos - PB,5,1,234,-,,,,,,,,,
7/31/2026,8/4/2026,280070,Brejo Grande - SE,8,4,142,-,,,,,,,,,
7/31/2026,8/4/2026,150175,Brejo Grande do Araguaia - PA,5,2,239,21.49,,,,,,,,,
7/31/2026,8/4/2026,230250,Brejo Santo - CE,41,23,2225,13.02,,,,,,,,,
7/31/2026,8/4/2026,290430,Brejões - BA,7,4,542,-,,,,,,,,,
7/31/2026,8/4/2026,290440,Brejolândia - BA,3,5,218,-,,,,,,,,,
7/31/2026,8/4/2026,150178,Breu Branco - PA,26,16,1477,17.78,,,,,,,,,
7/31/2026,8/4/2026,150180,Breves - PA,42,25,2818,-,,,,,,,,,
7/31/2026,8/4/2026,520380,Britânia - GO,11,6,776,9.18,,,,,,,,,
7/31/2026,8/4/2026,430265,Brochier - RS,8,4,578,7.74,,,,,,,,,
7/31/2026,8/4/2026,350780,Brodowski - SP,88,31,4113,81.57,,,,,,,,,
7/31/2026,8/4/2026,350790,Brotas - SP,44,33,3329,-,,,,,,,,,
7/31/2026,8/4/2026,290450,Brotas de Macaúbas - BA,4,3,472,-,,,,,,,,,
7/31/2026,8/4/2026,310900,Brumadinho - MG,99,40,5365,9.03,,,,,,,,,
7/31/2026,8/4/2026,290460,Brumado - BA,99,57,6975,15.81,,,,,,,,,
7/31/2026,8/4/2026,420287,Brunópolis - SC,4,0,215,-,,,,,,,,,
7/31/2026,8/4/2026,420290,Brusque - SC,563,277,28802,4.31,,,,,,,,,
7/31/2026,8/4/2026,310910,Bueno Brandão - MG,9,9,1161,-,,,,,,,,,
7/31/2026,8/4/2026,310920,Buenópolis - MG,8,7,739,-,,,,,,,,,
7/31/2026,8/4/2026,260270,Buenos Aires - PE,6,3,303,-,,,,,,,,,
7/31/2026,8/4/2026,290470,Buerarema - BA,16,4,942,-,,,,,,,,,
7/31/2026,8/4/2026,310925,Bugre - MG,6,1,231,-,,,,,,,,,
7/31/2026,8/4/2026,260280,Buíque - PE,27,13,1139,38.07,,,,,,,,,
7/31/2026,8/4/2026,120013,Bujari - AC,6,3,341,0.23,,,,,,,,,
7/31/2026,8/4/2026,150190,Bujaru - PA,12,4,530,-,,,,,,,,,
7/31/2026,8/4/2026,350800,Buri - SP,29,12,1912,17.82,,,,,,,,,
7/31/2026,8/4/2026,350810,Buritama - SP,44,20,2630,62.22,,,,,,,,,
7/31/2026,8/4/2026,210220,Buriti - MA,10,7,440,-,,,,,,,,,
7/31/2026,8/4/2026,520390,Buriti Alegre - GO,13,7,1072,-,,,,,,,,,
7/31/2026,8/4/2026,210230,Buriti Bravo - MA,7,3,583,0.02,,,,,,,,,
7/31/2026,8/4/2026,520393,Buriti de Goiás - GO,4,5,308,-,,,,,,,,,
7/31/2026,8/4/2026,170380,Buriti do Tocantins - TO,4,5,416,-,,,,,,,,,
7/31/2026,8/4/2026,220200,Buriti dos Lopes - PI,5,5,603,47.78,,,,,,,,,
7/31/2026,8/4/2026,220202,Buriti dos Montes - PI,5,2,255,-,,,,,,,,,
7/31/2026,8/4/2026,210232,Buriticupu - MA,27,18,1920,13.34,,,,,,,,,
7/31/2026,8/4/2026,520396,Buritinópolis - GO,4,1,163,-,,,,,,,,,
7/31/2026,8/4/2026,290475,Buritirama - BA,2,3,604,-,,,,,,,,,
7/31/2026,8/4/2026,210235,Buritirana - MA,5,5,245,0.12,,,,,,,,,
7/31/2026,8/4/2026,310930,Buritis - MG,46,24,2390,13.33,,,,,,,,,
7/31/2026,8/4/2026,110045,Buritis - RO,35,32,2297,12.76,,,,,,,,,
7/31/2026,8/4/2026,350820,Buritizal - SP,10,3,566,-,,,,,,,,,
7/31/2026,8/4/2026,310940,Buritizeiro - MG,30,19,1781,3.80,,,,,,,,,
7/31/2026,8/4/2026,430270,Butiá - RS,33,12,1858,3.00,,,,,,,,,
7/31/2026,8/4/2026,130083,Caapiranga - AM,1,1,192,-,,,,,,,,,
7/31/2026,8/4/2026,250300,Caaporã - PB,27,12,926,-,,,,,,,,,
7/31/2026,8/4/2026,500240,Caarapó - MS,52,24,2965,13.51,,,,,,,,,
7/31/2026,8/4/2026,290480,Caatiba - BA,1,2,252,-,,,,,,,,,
7/31/2026,8/4/2026,250310,Cabaceiras - PB,9,2,452,-,,,,,,,,,
7/31/2026,8/4/2026,290485,Cabaceiras do Paraguaçu - BA,5,1,531,-,,,,,,,,,
7/31/2026,8/4/2026,310945,Cabeceira Grande - MG,10,10,582,-,,,,,,,,,
7/31/2026,8/4/2026,520400,Cabeceiras - GO,15,5,587,-,,,,,,,,,
7/31/2026,8/4/2026,220205,Cabeceiras do Piauí - PI,6,1,236,-,,,,,,,,,
7/31/2026,8/4/2026,250320,Cabedelo - PB,130,73,6966,20.13,,,,,,,,,
7/31/2026,8/4/2026,110003,Cabixi - RO,6,8,398,-,,,,,,,,,
7/31/2026,8/4/2026,260290,Cabo de Santo Agostinho - PE,314,207,15454,23.15,,,,,,,,,
7/31/2026,8/4/2026,330070,Cabo Frio - RJ,711,346,33503,13.29,,,,,,,,,
7/31/2026,8/4/2026,310950,Cabo Verde - MG,13,6,884,11.08,,,,,,,,,
7/31/2026,8/4/2026,350830,Cabrália Paulista - SP,12,4,556,-,,,,,,,,,
7/31/2026,8/4/2026,350840,Cabreúva - SP,129,60,6296,16.75,,,,,,,,,
7/31/2026,8/4/2026,260300,Cabrobó - PE,22,25,1374,32.15,,,,,,,,,
7/31/2026,8/4/2026,420300,Caçador - SC,156,93,9723,36.79,,,,,,,,,
7/31/2026,8/4/2026,350850,Caçapava - SP,265,144,11045,40.90,,,,,,,,,
7/31/2026,8/4/2026,430280,Caçapava do Sul - RS,39,24,3177,37.99,,,,,,,,,
7/31/2026,8/4/2026,110060,Cacaulândia - RO,3,1,179,47.08,,,,,,,,,
7/31/2026,8/4/2026,430290,Cacequi - RS,13,14,889,2.55,,,,,,,,,
7/31/2026,8/4/2026,510250,Cáceres - MT,175,100,8880,11.73,,,,,,,,,
7/31/2026,8/4/2026,290490,Cachoeira - BA,15,14,1615,-,,,,,,,,,
7/31/2026,8/4/2026,520410,Cachoeira Alta - GO,17,6,983,-,,,,,,,,,
7/31/2026,8/4/2026,310960,Cachoeira da Prata - MG,5,2,488,-,,,,,,,,,
7/31/2026,8/4/2026,520420,Cachoeira de Goiás - GO,4,0,125,-,,,,,,,,,
7/31/2026,8/4/2026,310970,Cachoeira de Minas - MG,21,11,1080,0.13,,,,,,,,,
7/31/2026,8/4/2026,310270,Cachoeira de Pajeú - MG,7,8,479,-,,,,,,,,,
7/31/2026,8/4/2026,150200,Cachoeira do Arari - PA,5,2,360,96.38,,,,,,,,,
7/31/2026,8/4/2026,150195,Cachoeira do Piriá - PA,10,3,422,-,,,,,,,,,
7/31/2026,8/4/2026,430300,Cachoeira do Sul - RS,112,83,9135,3.46,,,,,,,,,
7/31/2026,8/4/2026,250330,Cachoeira dos Índios - PB,6,5,334,0.11,,,,,,,,,
7/31/2026,8/4/2026,520425,Cachoeira Dourada - GO,17,9,713,-,,,,,,,,,
7/31/2026,8/4/2026,310980,Cachoeira Dourada - MG,3,4,208,-,,,,,,,,,
7/31/2026,8/4/2026,210237,Cachoeira Grande - MA,0,0,103,-,,,,,,,,,
7/31/2026,8/4/2026,350860,Cachoeira Paulista - SP,50,32,3086,72.57,,,,,,,,,
7/31/2026,8/4/2026,330080,Cachoeiras de Macacu - RJ,97,49,5497,20.00,,,,,,,,,
7/31/2026,8/4/2026,260310,Cachoeirinha - PE,11,5,718,17.08,,,,,,,,,
7/31/2026,8/4/2026,430310,Cachoeirinha - RS,470,323,23537,25.84,,,,,,,,,
7/31/2026,8/4/2026,170382,Cachoeirinha - TO,2,0,111,382.85,,,,,,,,,
7/31/2026,8/4/2026,320120,Cachoeiro de Itapemirim - ES,527,253,28800,17.51,,,,,,,,,
7/31/2026,8/4/2026,250340,Cacimba de Areia - PB,4,5,97,-,,,,,,,,,
7/31/2026,8/4/2026,250350,Cacimba de Dentro - PB,12,5,589,-,,,,,,,,,
7/31/2026,8/4/2026,250355,Cacimbas - PB,8,1,224,-,,,,,,,,,
7/31/2026,8/4/2026,270120,Cacimbinhas - AL,3,3,354,-,,,,,,,,,
7/31/2026,8/4/2026,430320,Cacique Doble - RS,3,0,389,-,,,,,,,,,
7/31/2026,8/4/2026,110004,Cacoal - RO,224,122,10811,12.94,,,,,,,,,
7/31/2026,8/4/2026,350870,Caconde - SP,27,21,2278,18.86,,,,,,,,,
7/31/2026,8/4/2026,520430,Caçu - GO,26,19,1734,21.73,,,,,,,,,
7/31/2026,8/4/2026,290500,Caculé - BA,22,22,2295,26.23,,,,,,,,,
7/31/2026,8/4/2026,290510,Caém - BA,8,4,371,72.33,,,,,,,,,
7/31/2026,8/4/2026,310990,Caetanópolis - MG,22,13,1279,-,,,,,,,,,
7/31/2026,8/4/2026,290515,Caetanos - BA,9,2,311,-,,,,,,,,,
7/31/2026,8/4/2026,311000,Caeté - MG,76,45,4445,69.09,,,,,,,,,
7/31/2026,8/4/2026,260320,Caetés - PE,10,5,517,-,,,,,,,,,
7/31/2026,8/4/2026,290520,Caetité - BA,59,31,3980,51.62,,,,,,,,,
7/31/2026,8/4/2026,290530,Cafarnaum - BA,9,4,581,-,,,,,,,,,
7/31/2026,8/4/2026,410340,Cafeara - PR,12,5,258,-,,,,,,,,,
7/31/2026,8/4/2026,410345,Cafelândia - PR,44,22,2413,15.73,,,,,,,,,
7/31/2026,8/4/2026,350880,Cafelândia - SP,45,12,2074,20.06,,,,,,,,,
7/31/2026,8/4/2026,410347,Cafezal do Sul - PR,9,4,337,169.85,,,,,,,,,
7/31/2026,8/4/2026,350890,Caiabu - SP,3,2,297,-,,,,,,,,,
7/31/2026,8/4/2026,311010,Caiana - MG,6,4,335,-,,,,,,,,,
7/31/2026,8/4/2026,520440,Caiapônia - GO,24,9,1439,5.31,,,,,,,,,
7/31/2026,8/4/2026,430330,Caibaté - RS,6,6,528,-,,,,,,,,,
7/31/2026,8/4/2026,420310,Caibi - SC,17,7,932,1.14,,,,,,,,,
7/31/2026,8/4/2026,250360,Caiçara - PB,3,2,246,-,,,,,,,,,
7/31/2026,8/4/2026,430340,Caiçara - RS,5,1,408,31.89,,,,,,,,,
7/31/2026,8/4/2026,240185,Caiçara do Norte - RN,5,1,273,5.12,,,,,,,,,
7/31/2026,8/4/2026,240190,Caiçara do Rio do Vento - RN,2,3,157,-,,,,,,,,,
7/31/2026,8/4/2026,240200,Caicó - RN,90,67,5935,30.93,,,,,,,,,
7/31/2026,8/4/2026,350900,Caieiras - SP,267,166,13414,33.67,,,,,,,,,
7/31/2026,8/4/2026,290540,Cairu - BA,27,19,2251,25.18,,,,,,,,,
7/31/2026,8/4/2026,350910,Caiuá - SP,4,6,197,-,,,,,,,,,
7/31/2026,8/4/2026,350920,Cajamar - SP,346,190,15311,18.02,,,,,,,,,
7/31/2026,8/4/2026,210240,Cajapió - MA,0,0,136,-,,,,,,,,,
7/31/2026,8/4/2026,210250,Cajari - MA,2,1,180,-,,,,,,,,,
7/31/2026,8/4/2026,350925,Cajati - SP,57,30,2633,10.46,,,,,,,,,
7/31/2026,8/4/2026,250370,Cajazeiras - PB,92,36,5223,8.66,,,,,,,,,
7/31/2026,8/4/2026,220207,Cajazeiras do Piauí - PI,1,1,97,-,,,,,,,,,
7/31/2026,8/4/2026,250375,Cajazeirinhas - PB,4,0,84,-,,,,,,,,,
7/31/2026,8/4/2026,350930,Cajobi - SP,15,6,1038,-,,,,,,,,,
7/31/2026,8/4/2026,270130,Cajueiro - AL,9,5,704,-,,,,,,,,,
7/31/2026,8/4/2026,220208,Cajueiro da Praia - PI,7,3,680,73.77,,,,,,,,,
7/31/2026,8/4/2026,311020,Cajuri - MG,7,2,324,-,,,,,,,,,
7/31/2026,8/4/2026,350940,Cajuru - SP,57,30,2695,92.88,,,,,,,,,
7/31/2026,8/4/2026,260330,Calçado - PE,2,2,173,-,,,,,,,,,
7/31/2026,8/4/2026,160020,Calçoene - AP,3,2,443,0.00,,,,,,,,,
7/31/2026,8/4/2026,311030,Caldas - MG,21,9,1576,16.28,,,,,,,,,
7/31/2026,8/4/2026,250380,Caldas Brandão - PB,1,2,210,-,,,,,,,,,
7/31/2026,8/4/2026,520450,Caldas Novas - GO,297,196,15653,1.70,,,,,,,,,
7/31/2026,8/4/2026,520455,Caldazinha - GO,6,2,368,-,,,,,,,,,
7/31/2026,8/4/2026,290550,Caldeirão Grande - BA,4,4,371,-,,,,,,,,,
7/31/2026,8/4/2026,220209,Caldeirão Grande do Piauí - PI,3,2,147,-,,,,,,,,,
7/31/2026,8/4/2026,410350,Califórnia - PR,14,15,1102,1.45,,,,,,,,,
7/31/2026,8/4/2026,420315,Calmon - SC,3,5,291,-,,,,,,,,,
7/31/2026,8/4/2026,260340,Calumbi - PE,1,1,169,-,,,,,,,,,
7/31/2026,8/4/2026,290560,Camacan - BA,26,15,1595,-,,,,,,,,,
7/31/2026,8/4/2026,290570,Camaçari - BA,733,397,32538,20.45,,,,,,,,,
7/31/2026,8/4/2026,311040,Camacho - MG,2,1,181,49.77,,,,,,,,,
7/31/2026,8/4/2026,250390,Camalaú - PB,2,4,233,-,,,,,,,,,
7/31/2026,8/4/2026,290580,Camamu - BA,27,14,1889,-,,,,,,,,,
7/31/2026,8/4/2026,311050,Camanducaia - MG,77,29,3715,30.63,,,,,,,,,
7/31/2026,8/4/2026,500260,Camapuã - MS,23,24,1724,14.39,,,,,,,,,
7/31/2026,8/4/2026,430350,Camaquã - RS,153,74,8404,1.05,,,,,,,,,
7/31/2026,8/4/2026,260345,Camaragibe - PE,318,164,13769,34.11,,,,,,,,,
7/31/2026,8/4/2026,430355,Camargo - RS,8,2,341,8.39,,,,,,,,,
7/31/2026,8/4/2026,410360,Cambará - PR,30,31,2889,6.57,,,,,,,,,
7/31/2026,8/4/2026,430360,Cambará do Sul - RS,13,12,1111,-,,,,,,,,,
7/31/2026,8/4/2026,410370,Cambé - PR,340,154,15770,0.86,,,,,,,,,
7/31/2026,8/4/2026,410380,Cambira - PR,11,7,1206,6.05,,,,,,,,,
7/31/2026,8/4/2026,420320,Camboriú - SC,521,242,22572,50.30,,,,,,,,,
7/31/2026,8/4/2026,330090,Cambuci - RJ,23,14,1193,17.08,,,,,,,,,
7/31/2026,8/4/2026,311060,Cambuí - MG,63,45,4369,21.07,,,,,,,,,
7/31/2026,8/4/2026,311070,Cambuquira - MG,21,6,1364,39.40,,,,,,,,,
7/31/2026,8/4/2026,150210,Cametá - PA,39,19,2773,76.93,,,,,,,,,
7/31/2026,8/4/2026,230260,Camocim - CE,47,34,3800,63.62,,,,,,,,,
7/31/2026,8/4/2026,260350,Camocim de São Félix - PE,5,7,679,-,,,,,,,,,
7/31/2026,8/4/2026,311080,Campanário - MG,4,1,256,-,,,,,,,,,
7/31/2026,8/4/2026,311090,Campanha - MG,28,19,2019,14.14,,,,,,,,,
7/31/2026,8/4/2026,270135,Campestre - AL,4,4,223,-,,,,,,,,,
7/31/2026,8/4/2026,311100,Campestre - MG,20,13,1945,6.17,,,,,,,,,
7/31/2026,8/4/2026,430367,Campestre da Serra - RS,1,0,244,-,,,,,,,,,
7/31/2026,8/4/2026,520460,Campestre de Goiás - GO,2,2,294,-,,,,,,,,,
7/31/2026,8/4/2026,210255,Campestre do Maranhão - MA,6,2,498,-,,,,,,,,,
7/31/2026,8/4/2026,410390,Campina da Lagoa - PR,19,10,1433,41.22,,,,,,,,,
7/31/2026,8/4/2026,430370,Campina das Missões - RS,8,3,585,65.20,,,,,,,,,
7/31/2026,8/4/2026,350945,Campina do Monte Alegre - SP,10,8,729,-,,,,,,,,,
7/31/2026,8/4/2026,410395,Campina do Simão - PR,3,3,217,6.19,,,,,,,,,
7/31/2026,8/4/2026,250400,Campina Grande - PB,902,536,48088,20.75,,,,,,,,,
7/31/2026,8/4/2026,410400,Campina Grande do Sul - PR,174,80,7618,65.88,,,,,,,,,
7/31/2026,8/4/2026,311110,Campina Verde - MG,29,19,2054,32.56,,,,,,,,,
7/31/2026,8/4/2026,520465,Campinaçu - GO,6,0,266,-,,,,,,,,,
7/31/2026,8/4/2026,510260,Campinápolis - MT,12,3,721,0.00,,,,,,,,,
7/31/2026,8/4/2026,350950,Campinas - SP,3725,1977,217834,68.59,,,,,,,,,
7/31/2026,8/4/2026,220210,Campinas do Piauí - PI,0,0,108,-,,,,,,,,,
7/31/2026,8/4/2026,430380,Campinas do Sul - RS,8,3,851,2.82,,,,,,,,,
7/31/2026,8/4/2026,520470,Campinorte - GO,21,18,1435,13.59,,,,,,,,,
7/31/2026,8/4/2026,270140,Campo Alegre - AL,35,18,1545,0.41,,,,,,,,,
7/31/2026,8/4/2026,420330,Campo Alegre - SC,28,21,1888,412.13,,,,,,,,,
7/31/2026,8/4/2026,520480,Campo Alegre de Goiás - GO,10,5,823,-,,,,,,,,,
7/31/2026,8/4/2026,290590,Campo Alegre de Lourdes - BA,25,6,1054,13.19,,,,,,,,,
7/31/2026,8/4/2026,220211,Campo Alegre do Fidalgo - PI,1,1,182,-,,,,,,,,,
7/31/2026,8/4/2026,311115,Campo Azul - MG,0,1,99,-,,,,,,,,,
7/31/2026,8/4/2026,311120,Campo Belo - MG,121,76,6826,9.93,,,,,,,,,
7/31/2026,8/4/2026,420340,Campo Belo do Sul - SC,10,5,663,-,,,,,,,,,
7/31/2026,8/4/2026,430390,Campo Bom - RS,214,120,11729,13.39,,,,,,,,,
7/31/2026,8/4/2026,410405,Campo Bonito - PR,9,3,338,27.51,,,,,,,,,
7/31/2026,8/4/2026,280100,Campo do Brito - SE,16,8,1012,4.12,,,,,,,,,
7/31/2026,8/4/2026,311130,Campo do Meio - MG,54,29,2200,44.91,,,,,,,,,
7/31/2026,8/4/2026,410410,Campo do Tenente - PR,11,6,776,114.54,,,,,,,,,
7/31/2026,8/4/2026,420350,Campo Erê - SC,15,13,1477,3.14,,,,,,,,,
7/31/2026,8/4/2026,311140,Campo Florido - MG,9,11,800,0.12,,,,,,,,,
7/31/2026,8/4/2026,290600,Campo Formoso - BA,38,28,3320,38.67,,,,,,,,,
7/31/2026,8/4/2026,270150,Campo Grande - AL,0,2,182,-,,,,,,,,,
7/31/2026,8/4/2026,500270,Campo Grande - MS,3178,1697,146872,32.73,,,,,,,,,
7/31/2026,8/4/2026,220213,Campo Grande do Piauí - PI,1,2,216,1.69,,,,,,,,,
7/31/2026,8/4/2026,410420,Campo Largo - PR,398,208,19016,19.01,,,,,,,,,
7/31/2026,8/4/2026,220217,Campo Largo do Piauí - PI,3,2,154,-,,,,,,,,,
7/31/2026,8/4/2026,520485,Campo Limpo de Goiás - GO,13,6,737,29.11,,,,,,,,,
7/31/2026,8/4/2026,350960,Campo Limpo Paulista - SP,218,111,9828,82.12,,,,,,,,,
7/31/2026,8/4/2026,410425,Campo Magro - PR,74,36,3312,96.91,,,,,,,,,
7/31/2026,8/4/2026,220220,Campo Maior - PI,34,26,3357,33.29,,,,,,,,,
7/31/2026,8/4/2026,410430,Campo Mourão - PR,306,140,17852,11.15,,,,,,,,,
7/31/2026,8/4/2026,430400,Campo Novo - RS,8,1,580,0.02,,,,,,,,,
7/31/2026,8/4/2026,110070,Campo Novo de Rondônia - RO,3,3,378,21.55,,,,,,,,,
7/31/2026,8/4/2026,510263,Campo Novo do Parecis - MT,173,58,7528,6.74,,,,,,,,,
7/31/2026,8/4/2026,240210,Campo Redondo - RN,7,2,352,23.73,,,,,,,,,
7/31/2026,8/4/2026,510267,Campo Verde - MT,144,70,6978,8.06,,,,,,,,,
7/31/2026,8/4/2026,311150,Campos Altos - MG,25,16,1444,17.50,,,,,,,,,
7/31/2026,8/4/2026,520490,Campos Belos - GO,41,25,2490,7.82,,,,,,,,,
7/31/2026,8/4/2026,430410,Campos Borges - RS,8,3,444,6.02,,,,,,,,,
7/31/2026,8/4/2026,510268,Campos de Júlio - MT,31,20,1860,0.00,,,,,,,,,
7/31/2026,8/4/2026,350970,Campos do Jordão - SP,146,64,8731,69.01,,,,,,,,,
7/31/2026,8/4/2026,330100,Campos dos Goytacazes - RJ,931,486,48241,17.65,,,,,,,,,
7/31/2026,8/4/2026,311160,Campos Gerais - MG,36,23,2363,41.10,,,,,,,,,
7/31/2026,8/4/2026,170384,Campos Lindos - TO,10,3,480,24.17,,,,,,,,,
7/31/2026,8/4/2026,420360,Campos Novos - SC,78,43,5059,150.47,,,,,,,,,
7/31/2026,8/4/2026,350980,Campos Novos Paulista - SP,7,2,389,2.77,,,,,,,,,
7/31/2026,8/4/2026,230270,Campos Sales - CE,19,11,1224,5.29,,,,,,,,,
7/31/2026,8/4/2026,520495,Campos Verdes - GO,5,0,386,-,,,,,,,,,
7/31/2026,8/4/2026,260360,Camutanga - PE,3,4,286,-,,,,,,,,,
7/31/2026,8/4/2026,311190,Cana Verde - MG,9,4,502,-,,,,,,,,,
7/31/2026,8/4/2026,311170,Canaã - MG,2,1,239,-,,,,,,,,,
7/31/2026,8/4/2026,150215,Canaã dos Carajás - PA,168,76,9009,52.10,,,,,,,,,
7/31/2026,8/4/2026,510269,Canabrava do Norte - MT,9,8,406,10.40,,,,,,,,,
7/31/2026,8/4/2026,350990,Cananéia - SP,23,9,1403,45.71,,,,,,,,,
7/31/2026,8/4/2026,270160,Canapi - AL,4,5,264,-,,,,,,,,,
7/31/2026,8/4/2026,290610,Canápolis - BA,1,2,280,-,,,,,,,,,
7/31/2026,8/4/2026,311180,Canápolis - MG,20,9,1028,-,,,,,,,,,
7/31/2026,8/4/2026,290620,Canarana - BA,18,7,859,71.72,,,,,,,,,
7/31/2026,8/4/2026,510270,Canarana - MT,111,34,4688,13.86,,,,,,,,,
7/31/2026,8/4/2026,350995,Canas - SP,12,6,486,0.04,,,,,,,,,
7/31/2026,8/4/2026,220225,Canavieira - PI,2,0,103,-,,,,,,,,,
7/31/2026,8/4/2026,290630,Canavieiras - BA,22,20,1973,-,,,,,,,,,
7/31/2026,8/4/2026,290640,Candeal - BA,3,2,247,-,,,,,,,,,
7/31/2026,8/4/2026,290650,Candeias - BA,90,60,5536,26.32,,,,,,,,,
7/31/2026,8/4/2026,311200,Candeias - MG,16,4,1249,-,,,,,,,,,
7/31/2026,8/4/2026,110080,Candeias do Jamari - RO,37,16,1322,21.83,,,,,,,,,
7/31/2026,8/4/2026,430420,Candelária - RS,26,15,2476,0.58,,,,,,,,,
7/31/2026,8/4/2026,290660,Candiba - BA,7,3,584,-,,,,,,,,,
7/31/2026,8/4/2026,410440,Cândido de Abreu - PR,18,7,941,14.78,,,,,,,,,
7/31/2026,8/4/2026,430430,Cândido Godói - RS,7,3,741,74.32,,,,,,,,,
7/31/2026,8/4/2026,210260,Cândido Mendes - MA,8,4,426,-,,,,,,,,,
7/31/2026,8/4/2026,351000,Cândido Mota - SP,56,31,3564,34.65,,,,,,,,,
7/31/2026,8/4/2026,351010,Cândido Rodrigues - SP,11,2,372,41.56,,,,,,,,,
7/31/2026,8/4/2026,290670,Cândido Sales - BA,17,14,1313,-,,,,,,,,,
7/31/2026,8/4/2026,430435,Candiota - RS,10,18,1031,0.00,,,,,,,,,
7/31/2026,8/4/2026,410442,Candói - PR,27,11,1461,38.79,,,,,,,,,
7/31/2026,8/4/2026,430440,Canela - RS,190,110,10052,9.93,,,,,,,,,
7/31/2026,8/4/2026,420370,Canelinha - SC,33,18,1949,1.65,,,,,,,,,
7/31/2026,8/4/2026,240220,Canguaretama - RN,21,25,1530,22.21,,,,,,,,,
7/31/2026,8/4/2026,430450,Canguçu - RS,62,38,3924,5.87,,,,,,,,,
7/31/2026,8/4/2026,280110,Canhoba - SE,4,2,56,9.34,,,,,,,,,
7/31/2026,8/4/2026,260370,Canhotinho - PE,14,8,843,-,,,,,,,,,
7/31/2026,8/4/2026,230280,Canindé - CE,40,22,3513,40.11,,,,,,,,,
7/31/2026,8/4/2026,280120,Canindé de São Francisco - SE,28,23,1239,5.10,,,,,,,,,
7/31/2026,8/4/2026,351015,Canitar - SP,22,17,669,-,,,,,,,,,
7/31/2026,8/4/2026,430460,Canoas - RS,1116,683,56271,10.07,,,,,,,,,
7/31/2026,8/4/2026,420380,Canoinhas - SC,91,55,7201,76.28,,,,,,,,,
7/31/2026,8/4/2026,290680,Cansanção - BA,10,10,1334,-,,,,,,,,,
7/31/2026,8/4/2026,140017,Cantá - RR,5,4,536,0.83,,,,,,,,,
7/31/2026,8/4/2026,311205,Cantagalo - MG,4,4,273,-,,,,,,,,,
7/31/2026,8/4/2026,410445,Cantagalo - PR,18,8,1097,0.16,,,,,,,,,
7/31/2026,8/4/2026,330110,Cantagalo - RJ,35,22,2160,22.28,,,,,,,,,
7/31/2026,8/4/2026,210270,Cantanhede - MA,2,3,390,-,,,,,,,,,
7/31/2026,8/4/2026,220230,Canto do Buriti - PI,11,10,1153,1.73,,,,,,,,,
7/31/2026,8/4/2026,290682,Canudos - BA,14,9,606,33.91,,,,,,,,,
7/31/2026,8/4/2026,430461,Canudos do Vale - RS,0,3,130,-,,,,,,,,,
7/31/2026,8/4/2026,130090,Canutama - AM,8,2,241,0.13,,,,,,,,,
7/31/2026,8/4/2026,150220,Capanema - PA,74,46,5719,0.82,,,,,,,,,
7/31/2026,8/4/2026,410450,Capanema - PR,34,13,2131,3.23,,,,,,,,,
7/31/2026,8/4/2026,420325,Capão Alto - SC,5,4,208,-,,,,,,,,,
7/31/2026,8/4/2026,351020,Capão Bonito - SP,71,58,5027,74.48,,,,,,,,,
7/31/2026,8/4/2026,430462,Capão Bonito do Sul - RS,2,2,138,-,,,,,,,,,
7/31/2026,8/4/2026,430463,Capão da Canoa - RS,241,146,13452,11.13,,,,,,,,,
7/31/2026,8/4/2026,430465,Capão do Cipó - RS,1,0,184,-,,,,,,,,,
7/31/2026,8/4/2026,430466,Capão do Leão - RS,63,37,2763,0.79,,,,,,,,,
7/31/2026,8/4/2026,311210,Caparaó - MG,6,7,326,-,,,,,,,,,
7/31/2026,8/4/2026,270170,Capela - AL,4,9,604,-,,,,,,,,,
7/31/2026,8/4/2026,280130,Capela - SE,32,11,1271,3.18,,,,,,,,,
7/31/2026,8/4/2026,430468,Capela de Santana - RS,25,21,1205,58.29,,,,,,,,,
7/31/2026,8/4/2026,351030,Capela do Alto - SP,45,25,2364,20.31,,,,,,,,,
7/31/2026,8/4/2026,290685,Capela do Alto Alegre - BA,13,3,592,-,,,,,,,,,
7/31/2026,8/4/2026,311220,Capela Nova - MG,6,4,322,-,,,,,,,,,
7/31/2026,8/4/2026,311230,Capelinha - MG,87,38,4719,14.30,,,,,,,,,
7/31/2026,8/4/2026,311240,Capetinga - MG,5,5,444,-,,,,,,,,,
7/31/2026,8/4/2026,250403,Capim - PB,3,3,239,-,,,,,,,,,
7/31/2026,8/4/2026,311250,Capim Branco - MG,23,19,1406,89.47,,,,,,,,,
7/31/2026,8/4/2026,290687,Capim Grosso - BA,63,34,3352,9.60,,,,,,,,,
7/31/2026,8/4/2026,311260,Capinópolis - MG,23,15,1529,13.13,,,,,,,,,
7/31/2026,8/4/2026,420390,Capinzal - SC,44,23,2922,79.80,,,,,,,,,
7/31/2026,8/4/2026,210275,Capinzal do Norte - MA,4,1,332,-,,,,,,,,,
7/31/2026,8/4/2026,230290,Capistrano - CE,113,9,658,0.38,,,,,,,,,
7/31/2026,8/4/2026,430469,Capitão - RS,5,0,217,-,,,,,,,,,
7/31/2026,8/4/2026,311265,Capitão Andrade - MG,4,3,467,-,,,,,,,,,
7/31/2026,8/4/2026,220240,Capitão de Campos - PI,5,5,388,14.62,,,,,,,,,
7/31/2026,8/4/2026,311270,Capitão Enéas - MG,9,8,829,-,,,,,,,,,
7/31/2026,8/4/2026,220245,Capitão Gervásio Oliveira - PI,3,0,165,-,,,,,,,,,
7/31/2026,8/4/2026,410460,Capitão Leônidas Marques - PR,24,21,1906,9.91,,,,,,,,,
7/31/2026,8/4/2026,150230,Capitão Poço - PA,39,20,3892,58.01,,,,,,,,,
7/31/2026,8/4/2026,311280,Capitólio - MG,28,16,2108,48.18,,,,,,,,,
7/31/2026,8/4/2026,351040,Capivari - SP,99,50,6243,39.38,,,,,,,,,
7/31/2026,8/4/2026,420395,Capivari de Baixo - SC,66,41,3179,16.43,,,,,,,,,
7/31/2026,8/4/2026,430467,Capivari do Sul - RS,11,7,704,17.12,,,,,,,,,
7/31/2026,8/4/2026,120017,Capixaba - AC,5,4,289,39.91,,,,,,,,,
7/31/2026,8/4/2026,260380,Capoeiras - PE,5,6,353,-,,,,,,,,,
7/31/2026,8/4/2026,311290,Caputira - MG,7,6,515,-,,,,,,,,,
7/31/2026,8/4/2026,430471,Caraá - RS,13,5,515,41.98,,,,,,,,,
7/31/2026,8/4/2026,140020,Caracaraí - RR,14,6,742,-,,,,,,,,,
7/31/2026,8/4/2026,500280,Caracol - MS,6,13,465,-,,,,,,,,,
7/31/2026,8/4/2026,220250,Caracol - PI,4,2,372,-,,,,,,,,,
7/31/2026,8/4/2026,351050,Caraguatatuba - SP,521,256,20512,30.80,,,,,,,,,
7/31/2026,8/4/2026,311300,Caraí - MG,10,3,671,35.97,,,,,,,,,
7/31/2026,8/4/2026,290689,Caraíbas - BA,5,3,398,-,,,,,,,,,
7/31/2026,8/4/2026,410465,Carambeí - PR,54,35,3412,59.08,,,,,,,,,
7/31/2026,8/4/2026,311310,Caranaíba - MG,0,1,132,-,,,,,,,,,
7/31/2026,8/4/2026,311320,Carandaí - MG,37,25,2406,24.32,,,,,,,,,
7/31/2026,8/4/2026,311330,Carangola - MG,59,48,3552,102.31,,,,,,,,,
7/31/2026,8/4/2026,330093,Carapebus - RJ,19,13,1090,-,,,,,,,,,
7/31/2026,8/4/2026,351060,Carapicuíba - SP,1213,628,47825,34.36,,,,,,,,,
7/31/2026,8/4/2026,311340,Caratinga - MG,177,111,11680,34.39,,,,,,,,,
7/31/2026,8/4/2026,130100,Carauari - AM,8,5,699,0.12,,,,,,,,,
7/31/2026,8/4/2026,250407,Caraúbas - PB,1,0,167,-,,,,,,,,,
7/31/2026,8/4/2026,240230,Caraúbas - RN,13,9,962,14.84,,,,,,,,,
7/31/2026,8/4/2026,220253,Caraúbas do Piauí - PI,2,1,194,-,,,,,,,,,
7/31/2026,8/4/2026,290690,Caravelas - BA,17,8,941,-,,,,,,,,,
7/31/2026,8/4/2026,430470,Carazinho - RS,133,83,8870,4.93,,,,,,,,,
7/31/2026,8/4/2026,311350,Carbonita - MG,16,5,747,-,,,,,,,,,
7/31/2026,8/4/2026,290700,Cardeal da Silva - BA,6,4,336,8.23,,,,,,,,,
7/31/2026,8/4/2026,351070,Cardoso - SP,29,15,1306,-,,,,,,,,,
7/31/2026,8/4/2026,330115,Cardoso Moreira - RJ,10,6,1105,66.45,,,,,,,,,
7/31/2026,8/4/2026,311360,Careaçu - MG,4,10,668,-,,,,,,,,,
7/31/2026,8/4/2026,130110,Careiro - AM,11,7,867,16.75,,,,,,,,,
7/31/2026,8/4/2026,130115,Careiro da Várzea - AM,3,3,450,0.41,,,,,,,,,
7/31/2026,8/4/2026,320130,Cariacica - ES,1062,609,50225,2.15,,,,,,,,,
7/31/2026,8/4/2026,230300,Caridade - CE,8,7,536,5.84,,,,,,,,,
7/31/2026,8/4/2026,220255,Caridade do Piauí - PI,3,5,223,-,,,,,,,,,
7/31/2026,8/4/2026,290710,Carinhanha - BA,14,7,1007,-,,,,,,,,,
7/31/2026,8/4/2026,280140,Carira - SE,3,2,701,0.02,,,,,,,,,
7/31/2026,8/4/2026,230310,Cariré - CE,1,2,606,0.45,,,,,,,,,
7/31/2026,8/4/2026,170386,Cariri do Tocantins - TO,6,1,356,22.39,,,,,,,,,
7/31/2026,8/4/2026,230320,Caririaçu - CE,16,12,837,71.72,,,,,,,,,
7/31/2026,8/4/2026,230330,Cariús - CE,12,3,513,72.00,,,,,,,,,
7/31/2026,8/4/2026,510279,Carlinda - MT,13,7,814,12.46,,,,,,,,,
7/31/2026,8/4/2026,410470,Carlópolis - PR,42,23,1931,28.28,,,,,,,,,
7/31/2026,8/4/2026,430480,Carlos Barbosa - RS,61,45,4598,6.76,,,,,,,,,
7/31/2026,8/4/2026,311370,Carlos Chagas - MG,15,13,1400,-,,,,,,,,,
7/31/2026,8/4/2026,430485,Carlos Gomes - RS,2,1,96,-,,,,,,,,,
7/31/2026,8/4/2026,311380,Carmésia - MG,1,2,262,-,,,,,,,,,
7/31/2026,8/4/2026,330120,Carmo - RJ,34,16,1818,70.18,,,,,,,,,
7/31/2026,8/4/2026,311390,Carmo da Cachoeira - MG,19,5,1007,-,,,,,,,,,
7/31/2026,8/4/2026,311400,Carmo da Mata - MG,16,12,1213,-,,,,,,,,,
7/31/2026,8/4/2026,311410,Carmo de Minas - MG,18,20,1295,73.95,,,,,,,,,
7/31/2026,8/4/2026,311420,Carmo do Cajuru - MG,53,31,3297,26.25,,,,,,,,,
7/31/2026,8/4/2026,311430,Carmo do Paranaíba - MG,61,37,3921,236.31,,,,,,,,,
7/31/2026,8/4/2026,311440,Carmo do Rio Claro - MG,34,22,2381,70.61,,,,,,,,,
7/31/2026,8/4/2026,520500,Carmo do Rio Verde - GO,9,7,742,-,,,,,,,,,
7/31/2026,8/4/2026,170388,Carmolândia - TO,1,3,130,-,,,,,,,,,
7/31/2026,8/4/2026,280150,Carmópolis - SE,14,7,807,0.72,,,,,,,,,
7/31/2026,8/4/2026,311450,Carmópolis de Minas - MG,49,25,2486,16.23,,,,,,,,,
7/31/2026,8/4/2026,260390,Carnaíba - PE,14,16,843,-,,,,,,,,,
7/31/2026,8/4/2026,240240,Carnaúba dos Dantas - RN,11,11,719,50.90,,,,,,,,,
7/31/2026,8/4/2026,240250,Carnaubais - RN,8,1,456,-,,,,,,,,,
7/31/2026,8/4/2026,230340,Carnaubal - CE,13,7,779,0.00,,,,,,,,,
7/31/2026,8/4/2026,260392,Carnaubeira da Penha - PE,6,3,166,89.03,,,,,,,,,
7/31/2026,8/4/2026,311455,Carneirinho - MG,17,7,734,-,,,,,,,,,
7/31/2026,8/4/2026,270180,Carneiros - AL,4,3,196,-,,,,,,,,,
7/31/2026,8/4/2026,140023,Caroebe - RR,14,3,390,90.27,,,,,,,,,
7/31/2026,8/4/2026,210280,Carolina - MA,14,12,1510,12.26,,,,,,,,,
7/31/2026,8/4/2026,260400,Carpina - PE,106,79,6858,41.01,,,,,,,,,
7/31/2026,8/4/2026,311460,Carrancas - MG,6,5,504,-,,,,,,,,,
7/31/2026,8/4/2026,250410,Carrapateira - PB,10,0,89,-,,,,,,,,,
7/31/2026,8/4/2026,170389,Carrasco Bonito - TO,2,2,65,-,,,,,,,,,
7/31/2026,8/4/2026,260410,Caruaru - PE,991,634,48415,16.74,,,,,,,,,
7/31/2026,8/4/2026,210290,Carutapera - MA,13,6,695,8.72,,,,,,,,,
7/31/2026,8/4/2026,311470,Carvalhópolis - MG,7,4,299,-,,,,,,,,,
7/31/2026,8/4/2026,311480,Carvalhos - MG,4,4,426,-,,,,,,,,,
7/31/2026,8/4/2026,351080,Casa Branca - SP,59,55,3257,14.42,,,,,,,,,
7/31/2026,8/4/2026,311490,Casa Grande - MG,4,1,180,-,,,,,,,,,
7/31/2026,8/4/2026,290720,Casa Nova - BA,34,19,2247,-,,,,,,,,,
7/31/2026,8/4/2026,430490,Casca - RS,8,10,1496,0.10,,,,,,,,,
7/31/2026,8/4/2026,311500,Cascalho Rico - MG,5,2,201,-,,,,,,,,,
7/31/2026,8/4/2026,230350,Cascavel - CE,94,48,4414,32.27,,,,,,,,,
7/31/2026,8/4/2026,410480,Cascavel - PR,1369,695,66897,1.75,,,,,,,,,
7/31/2026,8/4/2026,170390,Caseara - TO,6,3,382,-,,,,,,,,,
7/31/2026,8/4/2026,430495,Caseiros - RS,4,5,348,24.00,,,,,,,,,
7/31/2026,8/4/2026,330130,Casimiro de Abreu - RJ,96,49,4925,15.92,,,,,,,,,
7/31/2026,8/4/2026,260415,Casinhas - PE,6,1,185,-,,,,,,,,,
7/31/2026,8/4/2026,250415,Casserengue - PB,3,2,232,71.98,,,,,,,,,
7/31/2026,8/4/2026,311510,Cássia - MG,22,15,1917,0.13,,,,,,,,,
7/31/2026,8/4/2026,351090,Cássia dos Coqueiros - SP,4,4,323,-,,,,,,,,,
7/31/2026,8/4/2026,500290,Cassilândia - MS,26,19,2771,28.96,,,,,,,,,
7/31/2026,8/4/2026,150240,Castanhal - PA,287,176,16801,2.68,,,,,,,,,
7/31/2026,8/4/2026,510285,Castanheira - MT,12,6,706,14.70,,,,,,,,,
7/31/2026,8/4/2026,110090,Castanheiras - RO,2,1,129,-,,,,,,,,,
7/31/2026,8/4/2026,520505,Castelândia - GO,5,2,236,-,,,,,,,,,
7/31/2026,8/4/2026,320140,Castelo - ES,72,35,5061,3.59,,,,,,,,,
7/31/2026,8/4/2026,220260,Castelo do Piauí - PI,14,7,1141,-,,,,,,,,,
7/31/2026,8/4/2026,351100,Castilho - SP,24,13,1716,19.02,,,,,,,,,
7/31/2026,8/4/2026,410490,Castro - PR,171,115,9879,24.17,,,,,,,,,
7/31/2026,8/4/2026,290730,Castro Alves - BA,48,17,1943,-,,,,,,,,,
7/31/2026,8/4/2026,311530,Cataguases - MG,98,53,7090,13.35,,,,,,,,,
7/31/2026,8/4/2026,520510,Catalão - GO,289,193,15588,25.90,,,,,,,,,
7/31/2026,8/4/2026,351110,Catanduva - SP,295,162,18442,37.17,,,,,,,,,
7/31/2026,8/4/2026,410500,Catanduvas - PR,12,4,881,33.76,,,,,,,,,
7/31/2026,8/4/2026,420400,Catanduvas - SC,21,5,1787,98.10,,,,,,,,,
7/31/2026,8/4/2026,230360,Catarina - CE,5,0,323,4.85,,,,,,,,,
7/31/2026,8/4/2026,311535,Catas Altas - MG,9,8,693,-,,,,,,,,,
7/31/2026,8/4/2026,311540,Catas Altas da Noruega - MG,2,2,224,-,,,,,,,,,
7/31/2026,8/4/2026,260420,Catende - PE,18,13,1228,-,,,,,,,,,
7/31/2026,8/4/2026,351120,Catiguá - SP,11,3,686,3.71,,,,,,,,,
7/31/2026,8/4/2026,250420,Catingueira - PB,2,0,136,-,,,,,,,,,
7/31/2026,8/4/2026,290740,Catolândia - BA,3,0,105,-,,,,,,,,,
7/31/2026,8/4/2026,250430,Catolé do Rocha - PB,30,22,2121,2.55,,,,,,,,,
7/31/2026,8/4/2026,290750,Catu - BA,56,45,3284,42.22,,,,,,,,,
7/31/2026,8/4/2026,430500,Catuípe - RS,11,8,905,0.19,,,,,,,,,
7/31/2026,8/4/2026,311545,Catuji - MG,8,8,447,24.73,,,,,,,,,
7/31/2026,8/4/2026,230365,Catunda - CE,5,0,306,0.00,,,,,,,,,
7/31/2026,8/4/2026,520520,Caturaí - GO,7,6,532,-,,,,,,,,,
7/31/2026,8/4/2026,290755,Caturama - BA,2,1,240,73.22,,,,,,,,,
7/31/2026,8/4/2026,250435,Caturité - PB,3,2,186,-,,,,,,,,,
7/31/2026,8/4/2026,311547,Catuti - MG,4,0,179,-,,,,,,,,,
7/31/2026,8/4/2026,230370,Caucaia - CE,796,333,25973,15.97,,,,,,,,,
7/31/2026,8/4/2026,520530,Cavalcante - GO,9,9,821,-,,,,,,,,,
7/31/2026,8/4/2026,311550,Caxambu - MG,43,24,2898,95.73,,,,,,,,,
7/31/2026,8/4/2026,420410,Caxambu do Sul - SC,3,1,425,1.05,,,,,,,,,
7/31/2026,8/4/2026,210300,Caxias - MA,124,64,7466,4.63,,,,,,,,,
7/31/2026,8/4/2026,430510,Caxias do Sul - RS,1520,997,85340,7.32,,,,,,,,,
7/31/2026,8/4/2026,220265,Caxingó - PI,1,1,156,-,,,,,,,,,
7/31/2026,8/4/2026,240260,Ceará-Mirim - RN,81,48,3944,31.81,,,,,,,,,
7/31/2026,8/4/2026,210310,Cedral - MA,2,0,177,-,,,,,,,,,
7/31/2026,8/4/2026,351130,Cedral - SP,37,20,2128,13.06,,,,,,,,,
7/31/2026,8/4/2026,230380,Cedro - CE,12,7,736,-,,,,,,,,,
7/31/2026,8/4/2026,260430,Cedro - PE,4,2,401,-,,,,,,,,,
7/31/2026,8/4/2026,280160,Cedro de São João - SE,4,1,199,-,,,,,,,,,
7/31/2026,8/4/2026,311560,Cedro do Abaeté - MG,0,2,79,-,,,,,,,,,
7/31/2026,8/4/2026,420415,Celso Ramos - SC,2,5,285,-,,,,,,,,,
7/31/2026,8/4/2026,430511,Centenário - RS,2,2,217,7.40,,,,,,,,,
7/31/2026,8/4/2026,170410,Centenário - TO,1,0,91,-,,,,,,,,,
7/31/2026,8/4/2026,410510,Centenário do Sul - PR,14,11,982,89.85,,,,,,,,,
7/31/2026,8/4/2026,290760,Central - BA,17,5,455,-,,,,,,,,,
7/31/2026,8/4/2026,311570,Central de Minas - MG,7,8,598,-,,,,,,,,,
7/31/2026,8/4/2026,210312,Central do Maranhão - MA,2,3,149,-,,,,,,,,,
7/31/2026,8/4/2026,311580,Centralina - MG,12,7,895,-,,,,,,,,,
7/31/2026,8/4/2026,210315,Centro do Guilherme - MA,5,1,245,-,,,,,,,,,
7/31/2026,8/4/2026,210317,Centro Novo do Maranhão - MA,5,2,472,-,,,,,,,,,
7/31/2026,8/4/2026,110005,Cerejeiras - RO,40,26,2051,8.55,,,,,,,,,
7/31/2026,8/4/2026,520540,Ceres - GO,44,30,3490,6.62,,,,,,,,,
7/31/2026,8/4/2026,351140,Cerqueira César - SP,40,25,2226,34.59,,,,,,,,,
7/31/2026,8/4/2026,351150,Cerquilho - SP,151,63,6972,32.52,,,,,,,,,
7/31/2026,8/4/2026,430512,Cerrito - RS,4,3,474,0.68,,,,,,,,,
7/31/2026,8/4/2026,410520,Cerro Azul - PR,11,11,1031,-,,,,,,,,,
7/31/2026,8/4/2026,430513,Cerro Branco - RS,2,1,216,-,,,,,,,,,
7/31/2026,8/4/2026,240270,Cerro Corá - RN,10,2,617,29.89,,,,,,,,,
7/31/2026,8/4/2026,430515,Cerro Grande - RS,3,4,219,-,,,,,,,,,
7/31/2026,8/4/2026,430517,Cerro Grande do Sul - RS,10,7,704,2.73,,,,,,,,,
7/31/2026,8/4/2026,430520,Cerro Largo - RS,19,16,1968,-,,,,,,,,,
7/31/2026,8/4/2026,420417,Cerro Negro - SC,5,3,173,-,,,,,,,,,
7/31/2026,8/4/2026,351160,Cesário Lange - SP,42,20,2074,26.73,,,,,,,,,
7/31/2026,8/4/2026,410530,Céu Azul - PR,12,8,1456,1.11,,,,,,,,,
7/31/2026,8/4/2026,520545,Cezarina - GO,17,2,893,2.94,,,,,,,,,
7/31/2026,8/4/2026,260440,Chã de Alegria - PE,11,11,503,-,,,,,,,,,
7/31/2026,8/4/2026,260450,Chã Grande - PE,13,8,1020,-,,,,,,,,,
7/31/2026,8/4/2026,270190,Chã Preta - AL,3,2,175,-,,,,,,,,,
7/31/2026,8/4/2026,311590,Chácara - MG,7,6,415,-,,,,,,,,,
7/31/2026,8/4/2026,311600,Chalé - MG,4,0,322,-,,,,,,,,,
7/31/2026,8/4/2026,430530,Chapada - RS,10,14,1143,42.07,,,,,,,,,
7/31/2026,8/4/2026,170510,Chapada da Natividade - TO,3,2,170,-,,,,,,,,,
7/31/2026,8/4/2026,170460,Chapada de Areia - TO,0,2,60,-,,,,,,,,,
7/31/2026,8/4/2026,311610,Chapada do Norte - MG,6,4,494,70.17,,,,,,,,,
7/31/2026,8/4/2026,510300,Chapada dos Guimarães - MT,42,27,2817,19.14,,,,,,,,,
7/31/2026,8/4/2026,311615,Chapada Gaúcha - MG,20,5,930,16.06,,,,,,,,,
7/31/2026,8/4/2026,520547,Chapadão do Céu - GO,35,23,1925,20.03,,,,,,,,,
7/31/2026,8/4/2026,420419,Chapadão do Lageado - SC,1,1,215,-,,,,,,,,,
7/31/2026,8/4/2026,500295,Chapadão do Sul - MS,204,65,6724,4.76,,,,,,,,,
7/31/2026,8/4/2026,210320,Chapadinha - MA,46,30,3219,0.73,,,,,,,,,
7/31/2026,8/4/2026,420420,Chapecó - SC,973,472,52679,4.96,,,,,,,,,
7/31/2026,8/4/2026,351170,Charqueada - SP,30,16,1716,-,,,,,,,,,
7/31/2026,8/4/2026,430535,Charqueadas - RS,61,53,3715,16.47,,,,,,,,,
7/31/2026,8/4/2026,430537,Charrua - RS,1,0,141,-,,,,,,,,,
7/31/2026,8/4/2026,230390,Chaval - CE,6,8,469,-,,,,,,,,,
7/31/2026,8/4/2026,355720,Chavantes - SP,23,14,1368,47.33,,,,,,,,,
7/31/2026,8/4/2026,150250,Chaves - PA,1,1,161,-,,,,,,,,,
7/31/2026,8/4/2026,311620,Chiador - MG,3,1,238,-,,,,,,,,,
7/31/2026,8/4/2026,430540,Chiapetta - RS,6,3,467,15.35,,,,,,,,,
7/31/2026,8/4/2026,410540,Chopinzinho - PR,36,25,2933,15.07,,,,,,,,,
7/31/2026,8/4/2026,230393,Choró - CE,5,2,226,0.00,,,,,,,,,
7/31/2026,8/4/2026,230395,Chorozinho - CE,15,7,972,0.05,,,,,,,,,
7/31/2026,8/4/2026,290770,Chorrochó - BA,6,4,285,-,,,,,,,,,
7/31/2026,8/4/2026,430543,Chuí - RS,18,6,1681,0.00,,,,,,,,,
7/31/2026,8/4/2026,110092,Chupinguaia - RO,18,7,771,105.37,,,,,,,,,
7/31/2026,8/4/2026,430544,Chuvisca - RS,3,0,238,-,,,,,,,,,
7/31/2026,8/4/2026,410550,Cianorte - PR,218,102,12723,8.62,,,,,,,,,
7/31/2026,8/4/2026,290780,Cícero Dantas - BA,28,21,1691,-,,,,,,,,,
7/31/2026,8/4/2026,410560,Cidade Gaúcha - PR,17,4,1447,12.23,,,,,,,,,
7/31/2026,8/4/2026,520549,Cidade Ocidental - GO,225,115,8331,37.47,,,,,,,,,
7/31/2026,8/4/2026,210325,Cidelândia - MA,8,6,478,-,,,,,,,,,
7/31/2026,8/4/2026,430545,Cidreira - RS,47,24,2194,12.65,,,,,,,,,
7/31/2026,8/4/2026,290790,Cipó - BA,22,14,888,11.25,,,,,,,,,
7/31/2026,8/4/2026,311630,Cipotânea - MG,1,1,243,-,,,,,,,,,
7/31/2026,8/4/2026,430550,Ciríaco - RS,9,4,486,89.03,,,,,,,,,
7/31/2026,8/4/2026,311640,Claraval - MG,10,4,288,-,,,,,,,,,
7/31/2026,8/4/2026,311650,Claro dos Poções - MG,9,6,367,-,,,,,,,,,
7/31/2026,8/4/2026,510305,Cláudia - MT,13,10,1422,7.82,,,,,,,,,
7/31/2026,8/4/2026,311660,Cláudio - MG,81,28,4680,15.07,,,,,,,,,
7/31/2026,8/4/2026,351190,Clementina - SP,11,11,697,-,,,,,,,,,
7/31/2026,8/4/2026,410570,Clevelândia - PR,25,14,1770,8.29,,,,,,,,,
7/31/2026,8/4/2026,290800,Coaraci - BA,12,6,1107,77.82,,,,,,,,,
7/31/2026,8/4/2026,130120,Coari - AM,34,20,2221,9.33,,,,,,,,,
7/31/2026,8/4/2026,220270,Cocal - PI,12,7,1010,0.02,,,,,,,,,
7/31/2026,8/4/2026,220271,Cocal de Telha - PI,4,0,157,-,,,,,,,,,
7/31/2026,8/4/2026,420425,Cocal do Sul - SC,58,28,2537,90.18,,,,,,,,,
7/31/2026,8/4/2026,220272,Cocal dos Alves - PI,2,4,243,-,,,,,,,,,
7/31/2026,8/4/2026,510310,Cocalinho - MT,16,5,823,16.02,,,,,,,,,
7/31/2026,8/4/2026,520551,Cocalzinho de Goiás - GO,30,10,1527,127.02,,,,,,,,,
7/31/2026,8/4/2026,290810,Cocos - BA,6,4,874,-,,,,,,,,,
7/31/2026,8/4/2026,130130,Codajás - AM,9,5,552,0.00,,,,,,,,,
7/31/2026,8/4/2026,210330,Codó - MA,56,24,3520,0.03,,,,,,,,,
7/31/2026,8/4/2026,210340,Coelho Neto - MA,22,12,1595,0.02,,,,,,,,,
7/31/2026,8/4/2026,311670,Coimbra - MG,13,3,936,136.27,,,,,,,,,
7/31/2026,8/4/2026,270200,Coité do Nóia - AL,5,3,283,3.90,,,,,,,,,
7/31/2026,8/4/2026,220273,Coivaras - PI,2,2,106,-,,,,,,,,,
7/31/2026,8/4/2026,150260,Colares - PA,5,0,288,-,,,,,,,,,
7/31/2026,8/4/2026,320150,Colatina - ES,302,161,18988,6.12,,,,,,,,,
7/31/2026,8/4/2026,510320,Colíder - MT,56,34,4025,3.21,,,,,,,,,
7/31/2026,8/4/2026,351200,Colina - SP,34,15,2164,28.89,,,,,,,,,
7/31/2026,8/4/2026,210350,Colinas - MA,10,8,1478,0.00,,,,,,,,,
7/31/2026,8/4/2026,430558,Colinas - RS,5,1,379,8.55,,,,,,,,,
7/31/2026,8/4/2026,520552,Colinas do Sul - GO,2,1,315,-,,,,,,,,,
7/31/2026,8/4/2026,170550,Colinas do Tocantins - TO,43,28,3822,13.97,,,,,,,,,
7/31/2026,8/4/2026,171670,Colméia - TO,8,8,704,6.63,,,,,,,,,
7/31/2026,8/4/2026,510325,Colniza - MT,40,18,2369,15.99,,,,,,,,,
7/31/2026,8/4/2026,351210,Colômbia - SP,13,5,678,-,,,,,,,,,
7/31/2026,8/4/2026,410580,Colombo - PR,943,450,37021,7.40,,,,,,,,,
7/31/2026,8/4/2026,220275,Colônia do Gurguéia - PI,7,2,345,-,,,,,,,,,
7/31/2026,8/4/2026,220277,Colônia do Piauí - PI,5,2,189,-,,,,,,,,,
7/31/2026,8/4/2026,270210,Colônia Leopoldina - AL,11,3,636,0.02,,,,,,,,,
7/31/2026,8/4/2026,410590,Colorado - PR,45,32,3662,4.26,,,,,,,,,
7/31/2026,8/4/2026,430560,Colorado - RS,7,2,372,0.09,,,,,,,,,
7/31/2026,8/4/2026,110006,Colorado do Oeste - RO,19,13,1548,-,,,,,,,,,
7/31/2026,8/4/2026,311680,Coluna - MG,3,3,508,-,,,,,,,,,
7/31/2026,8/4/2026,170555,Combinado - TO,7,3,417,-,,,,,,,,,
7/31/2026,8/4/2026,311690,Comendador Gomes - MG,4,1,270,-,,,,,,,,,
7/31/2026,8/4/2026,330095,Comendador Levy Gasparian - RJ,15,10,1162,20.96,,,,,,,,,
7/31/2026,8/4/2026,311700,Comercinho - MG,3,0,259,-,,,,,,,,,
7/31/2026,8/4/2026,510330,Comodoro - MT,44,18,2499,55.61,,,,,,,,,
7/31/2026,8/4/2026,250440,Conceição - PB,10,8,836,20.67,,,,,,,,,
7/31/2026,8/4/2026,311710,Conceição da Aparecida - MG,8,10,827,-,,,,,,,,,
7/31/2026,8/4/2026,320160,Conceição da Barra - ES,49,25,2620,-,,,,,,,,,
7/31/2026,8/4/2026,311520,Conceição da Barra de Minas - MG,3,3,227,-,,,,,,,,,
7/31/2026,8/4/2026,290820,Conceição da Feira - BA,34,15,1375,13.75,,,,,,,,,
7/31/2026,8/4/2026,311730,Conceição das Alagoas - MG,54,34,2263,33.41,,,,,,,,,
7/31/2026,8/4/2026,311720,Conceição das Pedras - MG,5,2,165,-,,,,,,,,,
7/31/2026,8/4/2026,311740,Conceição de Ipanema - MG,4,1,190,-,,,,,,,,,
7/31/2026,8/4/2026,330140,Conceição de Macabu - RJ,21,16,1648,8.65,,,,,,,,,
7/31/2026,8/4/2026,290830,Conceição do Almeida - BA,15,8,781,-,,,,,,,,,
7/31/2026,8/4/2026,150270,Conceição do Araguaia - PA,42,16,3141,-,,,,,,,,,
7/31/2026,8/4/2026,220280,Conceição do Canindé - PI,4,1,173,-,,,,,,,,,
7/31/2026,8/4/2026,320170,Conceição do Castelo - ES,24,9,1425,11.84,,,,,,,,,
7/31/2026,8/4/2026,290840,Conceição do Coité - BA,62,39,5132,18.55,,,,,,,,,
7/31/2026,8/4/2026,290850,Conceição do Jacuípe - BA,85,37,4978,3.65,,,,,,,,,
7/31/2026,8/4/2026,210355,Conceição do Lago-Açu - MA,3,1,189,-,,,,,,,,,
7/31/2026,8/4/2026,311750,Conceição do Mato Dentro - MG,65,32,2436,51.08,,,,,,,,,
7/31/2026,8/4/2026,311760,Conceição do Pará - MG,5,5,593,-,,,,,,,,,
7/31/2026,8/4/2026,311770,Conceição do Rio Verde - MG,18,10,1188,0.11,,,,,,,,,
7/31/2026,8/4/2026,170560,Conceição do Tocantins - TO,7,5,242,0.19,,,,,,,,,
7/31/2026,8/4/2026,311780,Conceição dos Ouros - MG,23,10,1420,0.44,,,,,,,,,
7/31/2026,8/4/2026,351220,Conchal - SP,41,26,2805,34.35,,,,,,,,,
7/31/2026,8/4/2026,351230,Conchas - SP,46,14,1835,10.25,,,,,,,,,
7/31/2026,8/4/2026,420430,Concórdia - SC,193,102,12375,33.72,,,,,,,,,
7/31/2026,8/4/2026,150275,Concórdia do Pará - PA,22,9,1228,96.62,,,,,,,,,
7/31/2026,8/4/2026,250450,Condado - PB,4,1,250,-,,,,,,,,,
7/31/2026,8/4/2026,260460,Condado - PE,20,8,1044,83.05,,,,,,,,,
7/31/2026,8/4/2026,290860,Conde - BA,26,15,1164,24.24,,,,,,,,,
7/31/2026,8/4/2026,250460,Conde - PB,48,27,2232,57.48,,,,,,,,,
7/31/2026,8/4/2026,290870,Condeúba - BA,15,9,972,44.29,,,,,,,,,
7/31/2026,8/4/2026,430570,Condor - RS,8,10,846,-,,,,,,,,,
7/31/2026,8/4/2026,311783,Cônego Marinho - MG,3,2,181,-,,,,,,,,,
7/31/2026,8/4/2026,311787,Confins - MG,32,17,1407,71.58,,,,,,,,,
7/31/2026,8/4/2026,510335,Confresa - MT,117,52,5249,18.60,,,,,,,,,
7/31/2026,8/4/2026,250470,Congo - PB,2,1,259,262.87,,,,,,,,,
7/31/2026,8/4/2026,311790,Congonhal - MG,31,22,1488,21.77,,,,,,,,,
7/31/2026,8/4/2026,311800,Congonhas - MG,125,71,5904,18.36,,,,,,,,,
7/31/2026,8/4/2026,311810,Congonhas do Norte - MG,3,0,291,-,,,,,,,,,
7/31/2026,8/4/2026,410600,Congonhinhas - PR,6,8,590,-,,,,,,,,,
7/31/2026,8/4/2026,311820,Conquista - MG,9,4,487,-,,,,,,,,,
7/31/2026,8/4/2026,510336,Conquista D'Oeste - MT,6,1,413,1.38,,,,,,,,,
7/31/2026,8/4/2026,311830,Conselheiro Lafaiete - MG,268,194,16255,50.16,,,,,,,,,
7/31/2026,8/4/2026,410610,Conselheiro Mairinck - PR,5,5,346,16.45,,,,,,,,,
7/31/2026,8/4/2026,311840,Conselheiro Pena - MG,33,14,2104,39.10,,,,,,,,,
7/31/2026,8/4/2026,311850,Consolação - MG,3,0,112,-,,,,,,,,,
7/31/2026,8/4/2026,430580,Constantina - RS,17,10,1331,-,,,,,,,,,
7/31/2026,8/4/2026,311860,Contagem - MG,2307,1346,102986,74.93,,,,,,,,,
7/31/2026,8/4/2026,410620,Contenda - PR,51,22,2199,32.71,,,,,,,,,
7/31/2026,8/4/2026,290880,Contendas do Sincorá - BA,5,0,217,-,,,,,,,,,
7/31/2026,8/4/2026,311870,Coqueiral - MG,16,9,866,18.72,,,,,,,,,
7/31/2026,8/4/2026,430583,Coqueiro Baixo - RS,1,0,78,-,,,,,,,,,
7/31/2026,8/4/2026,270220,Coqueiro Seco - AL,3,4,287,-,,,,,,,,,
7/31/2026,8/4/2026,430585,Coqueiros do Sul - RS,2,0,194,-,,,,,,,,,
7/31/2026,8/4/2026,311880,Coração de Jesus - MG,23,9,1183,127.46,,,,,,,,,
7/31/2026,8/4/2026,290890,Coração de Maria - BA,27,14,1410,73.21,,,,,,,,,
7/31/2026,8/4/2026,410630,Corbélia - PR,36,27,2639,4.93,,,,,,,,,
7/31/2026,8/4/2026,330150,Cordeiro - RJ,45,37,2858,23.09,,,,,,,,,
7/31/2026,8/4/2026,351240,Cordeirópolis - SP,67,38,3583,58.19,,,,,,,,,
7/31/2026,8/4/2026,290900,Cordeiros - BA,3,2,365,-,,,,,,,,,
7/31/2026,8/4/2026,420435,Cordilheira Alta - SC,15,2,926,1.66,,,,,,,,,
7/31/2026,8/4/2026,311890,Cordisburgo - MG,15,5,714,53.16,,,,,,,,,
7/31/2026,8/4/2026,311900,Cordislândia - MG,4,3,221,-,,,,,,,,,
7/31/2026,8/4/2026,230400,Coreaú - CE,15,13,821,14.40,,,,,,,,,
7/31/2026,8/4/2026,250480,Coremas - PB,13,13,896,1.52,,,,,,,,,
7/31/2026,8/4/2026,500310,Corguinho - MS,17,6,448,36.45,,,,,,,,,
7/31/2026,8/4/2026,290910,Coribe - BA,9,6,467,24.17,,,,,,,,,
7/31/2026,8/4/2026,311910,Corinto - MG,50,21,2367,89.87,,,,,,,,,
7/31/2026,8/4/2026,410640,Cornélio Procópio - PR,92,48,6295,29.03,,,,,,,,,
7/31/2026,8/4/2026,311920,Coroaci - MG,10,4,980,-,,,,,,,,,
7/31/2026,8/4/2026,351250,Coroados - SP,14,7,693,-,,,,,,,,,
7/31/2026,8/4/2026,210360,Coroatá - MA,27,17,1775,4.53,,,,,,,,,
7/31/2026,8/4/2026,311930,Coromandel - MG,41,27,3260,0.10,,,,,,,,,
7/31/2026,8/4/2026,430587,Coronel Barros - RS,1,2,276,-,,,,,,,,,
7/31/2026,8/4/2026,430590,Coronel Bicaco - RS,11,6,657,72.00,,,,,,,,,
7/31/2026,8/4/2026,410645,Coronel Domingos Soares - PR,5,5,518,-,,,,,,,,,
7/31/2026,8/4/2026,240280,Coronel Ezequiel - RN,4,2,166,-,,,,,,,,,
7/31/2026,8/4/2026,311940,Coronel Fabriciano - MG,232,158,12878,18.88,,,,,,,,,
7/31/2026,8/4/2026,420440,Coronel Freitas - SC,12,15,1326,-,,,,,,,,,
7/31/2026,8/4/2026,240290,Coronel João Pessoa - RN,3,0,204,-,,,,,,,,,
7/31/2026,8/4/2026,290920,Coronel João Sá - BA,7,4,468,-,,,,,,,,,
7/31/2026,8/4/2026,220285,Coronel José Dias - PI,1,0,162,-,,,,,,,,,
7/31/2026,8/4/2026,351260,Coronel Macedo - SP,4,3,293,-,,,,,,,,,
7/31/2026,8/4/2026,420445,Coronel Martins - SC,1,1,161,-,,,,,,,,,
7/31/2026,8/4/2026,311950,Coronel Murta - MG,9,7,463,-,,,,,,,,,
7/31/2026,8/4/2026,311960,Coronel Pacheco - MG,7,0,266,-,,,,,,,,,
7/31/2026,8/4/2026,430593,Coronel Pilar - RS,2,0,101,-,,,,,,,,,
7/31/2026,8/4/2026,500315,Coronel Sapucaia - MS,12,7,1139,-,,,,,,,,,
7/31/2026,8/4/2026,410650,Coronel Vivida - PR,38,24,2657,40.81,,,,,,,,,
7/31/2026,8/4/2026,311970,Coronel Xavier Chaves - MG,8,1,341,1.20,,,,,,,,,
7/31/2026,8/4/2026,311980,Córrego Danta - MG,5,3,264,-,,,,,,,,,
7/31/2026,8/4/2026,311990,Córrego do Bom Jesus - MG,13,4,398,30.08,,,,,,,,,
7/31/2026,8/4/2026,520570,Córrego do Ouro - GO,3,2,200,3.03,,,,,,,,,
7/31/2026,8/4/2026,311995,Córrego Fundo - MG,19,11,1037,-,,,,,,,,,
7/31/2026,8/4/2026,312000,Córrego Novo - MG,0,2,216,-,,,,,,,,,
7/31/2026,8/4/2026,420455,Correia Pinto - SC,39,25,1608,43.81,,,,,,,,,
7/31/2026,8/4/2026,220290,Corrente - PI,20,15,1854,0.02,,,,,,,,,
7/31/2026,8/4/2026,260470,Correntes - PE,6,3,289,-,,,,,,,,,
7/31/2026,8/4/2026,290930,Correntina - BA,35,21,2301,-,,,,,,,,,
7/31/2026,8/4/2026,260480,Cortês - PE,6,3,417,-,,,,,,,,,
7/31/2026,8/4/2026,500320,Corumbá - MS,145,80,8366,27.64,,,,,,,,,
7/31/2026,8/4/2026,520580,Corumbá de Goiás - GO,9,5,856,-,,,,,,,,,
7/31/2026,8/4/2026,520590,Corumbaíba - GO,15,6,900,-,,,,,,,,,
7/31/2026,8/4/2026,351270,Corumbataí - SP,10,6,443,-,,,,,,,,,
7/31/2026,8/4/2026,410655,Corumbataí do Sul - PR,0,0,234,-,,,,,,,,,
7/31/2026,8/4/2026,110007,Corumbiara - RO,11,7,548,0.02,,,,,,,,,
7/31/2026,8/4/2026,420450,Corupá - SC,51,27,2559,152.79,,,,,,,,,
7/31/2026,8/4/2026,270230,Coruripe - AL,60,36,2740,15.83,,,,,,,,,
7/31/2026,8/4/2026,351280,Cosmópolis - SP,162,79,6341,29.98,,,,,,,,,
7/31/2026,8/4/2026,351290,Cosmorama - SP,10,2,943,21.34,,,,,,,,,
7/31/2026,8/4/2026,110008,Costa Marques - RO,13,9,698,0.05,,,,,,,,,
7/31/2026,8/4/2026,500325,Costa Rica - MS,50,18,3400,31.69,,,,,,,,,
7/31/2026,8/4/2026,290940,Cotegipe - BA,8,4,410,-,,,,,,,,,
7/31/2026,8/4/2026,351300,Cotia - SP,950,481,46328,29.86,,,,,,,,,
7/31/2026,8/4/2026,430595,Cotiporã - RS,2,3,433,-,,,,,,,,,
7/31/2026,8/4/2026,510337,Cotriguaçu - MT,15,11,831,1.20,,,,,,,,,
7/31/2026,8/4/2026,312010,Couto de Magalhães de Minas - MG,5,10,524,-,,,,,,,,,
7/31/2026,8/4/2026,170600,Couto Magalhães - TO,2,1,299,0.05,,,,,,,,,
7/31/2026,8/4/2026,430597,Coxilha - RS,8,4,325,1.28,,,,,,,,,
7/31/2026,8/4/2026,500330,Coxim - MS,70,43,3772,4.80,,,,,,,,,
7/31/2026,8/4/2026,250485,Coxixola - PB,2,2,81,-,,,,,,,,,
7/31/2026,8/4/2026,270235,Craíbas - AL,14,11,770,116.08,,,,,,,,,
7/31/2026,8/4/2026,230410,Crateús - CE,78,55,4588,9.50,,,,,,,,,
7/31/2026,8/4/2026,230420,Crato - CE,238,96,8765,6.67,,,,,,,,,
7/31/2026,8/4/2026,351310,Cravinhos - SP,102,61,5600,-,,,,,,,,,
7/31/2026,8/4/2026,290950,Cravolândia - BA,0,4,238,-,,,,,,,,,
7/31/2026,8/4/2026,420460,Criciúma - SC,775,444,40110,4.43,,,,,,,,,
7/31/2026,8/4/2026,312015,Crisólita - MG,2,1,182,-,,,,,,,,,
7/31/2026,8/4/2026,290960,Crisópolis - BA,7,6,526,-,,,,,,,,,
7/31/2026,8/4/2026,430600,Crissiumal - RS,7,7,1163,3.22,,,,,,,,,
7/31/2026,8/4/2026,312020,Cristais - MG,12,18,1036,40.52,,,,,,,,,
7/31/2026,8/4/2026,351320,Cristais Paulista - SP,20,11,1035,122.55,,,,,,,,,
7/31/2026,8/4/2026,430605,Cristal - RS,19,14,832,17.65,,,,,,,,,
7/31/2026,8/4/2026,430607,Cristal do Sul - RS,6,1,204,0.44,,,,,,,,,
7/31/2026,8/4/2026,170610,Cristalândia - TO,8,2,548,59.03,,,,,,,,,
7/31/2026,8/4/2026,220300,Cristalândia do Piauí - PI,7,1,217,-,,,,,,,,,
7/31/2026,8/4/2026,312030,Cristália - MG,4,0,197,-,,,,,,,,,
7/31/2026,8/4/2026,520620,Cristalina - GO,120,66,6334,12.35,,,,,,,,,
7/31/2026,8/4/2026,312040,Cristiano Otoni - MG,6,4,514,-,,,,,,,,,
7/31/2026,8/4/2026,520630,Cristianópolis - GO,2,4,355,1.14,,,,,,,,,
7/31/2026,8/4/2026,312050,Cristina - MG,23,7,1325,94.90,,,,,,,,,
7/31/2026,8/4/2026,280170,Cristinápolis - SE,12,6,612,0.02,,,,,,,,,
7/31/2026,8/4/2026,220310,Cristino Castro - PI,7,4,632,0.68,,,,,,,,,
7/31/2026,8/4/2026,290970,Cristópolis - BA,7,0,470,-,,,,,,,,,
7/31/2026,8/4/2026,520640,Crixás - GO,29,16,1687,26.40,,,,,,,,,
7/31/2026,8/4/2026,170625,Crixás do Tocantins - TO,0,2,101,-,,,,,,,,,
7/31/2026,8/4/2026,230423,Croatá - CE,13,4,688,-,,,,,,,,,
7/31/2026,8/4/2026,520650,Cromínia - GO,4,7,445,-,,,,,,,,,
7/31/2026,8/4/2026,312060,Crucilândia - MG,8,3,617,38.93,,,,,,,,,
7/31/2026,8/4/2026,230425,Cruz - CE,49,16,2922,21.47,,,,,,,,,
7/31/2026,8/4/2026,430610,Cruz Alta - RS,116,72,7573,18.58,,,,,,,,,
7/31/2026,8/4/2026,290980,Cruz das Almas - BA,98,61,6084,30.93,,,,,,,,,
7/31/2026,8/4/2026,250490,Cruz do Espírito Santo - PB,13,8,568,-,,,,,,,,,
7/31/2026,8/4/2026,410680,Cruz Machado - PR,20,7,1278,15.61,,,,,,,,,
7/31/2026,8/4/2026,351330,Cruzália - SP,7,3,308,-,,,,,,,,,
7/31/2026,8/4/2026,430613,Cruzaltense - RS,2,2,84,-,,,,,,,,,
7/31/2026,8/4/2026,351340,Cruzeiro - SP,144,104,8162,43.66,,,,,,,,,
7/31/2026,8/4/2026,312070,Cruzeiro da Fortaleza - MG,10,3,463,-,,,,,,,,,
7/31/2026,8/4/2026,410657,Cruzeiro do Iguaçu - PR,6,6,495,-,,,,,,,,,
7/31/2026,8/4/2026,410660,Cruzeiro do Oeste - PR,31,19,2327,13.59,,,,,,,,,
7/31/2026,8/4/2026,120020,Cruzeiro do Sul - AC,92,53,5593,3.08,,,,,,,,,
7/31/2026,8/4/2026,410670,Cruzeiro do Sul - PR,6,4,445,-,,,,,,,,,
7/31/2026,8/4/2026,430620,Cruzeiro do Sul - RS,27,16,1478,13.27,,,,,,,,,
7/31/2026,8/4/2026,240300,Cruzeta - RN,14,5,616,56.99,,,,,,,,,
7/31/2026,8/4/2026,312080,Cruzília - MG,37,30,2064,95.08,,,,,,,,,
7/31/2026,8/4/2026,410685,Cruzmaltina - PR,4,1,213,-,,,,,,,,,
7/31/2026,8/4/2026,351350,Cubatão - SP,573,198,14489,16.17,,,,,,,,,
7/31/2026,8/4/2026,250500,Cubati - PB,3,1,319,-,,,,,,,,,
7/31/2026,8/4/2026,510340,Cuiabá - MT,2879,1387,119402,17.23,,,,,,,,,
7/31/2026,8/4/2026,250510,Cuité - PB,10,16,1328,0.15,,,,,,,,,
7/31/2026,8/4/2026,250523,Cuité de Mamanguape - PB,7,5,287,-,,,,,,,,,
7/31/2026,8/4/2026,250520,Cuitegi - PB,5,7,271,-,,,,,,,,,
7/31/2026,8/4/2026,110094,Cujubim - RO,13,12,1069,0.01,,,,,,,,,
7/31/2026,8/4/2026,520660,Cumari - GO,1,2,275,-,,,,,,,,,
7/31/2026,8/4/2026,260490,Cumaru - PE,5,4,328,37.14,,,,,,,,,
7/31/2026,8/4/2026,150276,Cumaru do Norte - PA,13,4,485,-,,,,,,,,,
7/31/2026,8/4/2026,280190,Cumbe - SE,2,1,138,-,,,,,,,,,
7/31/2026,8/4/2026,351360,Cunha - SP,29,19,2475,13.33,,,,,,,,,
7/31/2026,8/4/2026,420470,Cunha Porã - SC,16,9,1872,-,,,,,,,,,
7/31/2026,8/4/2026,420475,Cunhataí - SC,2,0,196,-,,,,,,,,,
7/31/2026,8/4/2026,312083,Cuparaque - MG,4,3,338,-,,,,,,,,,
7/31/2026,8/4/2026,260500,Cupira - PE,29,15,1852,23.17,,,,,,,,,
7/31/2026,8/4/2026,290990,Curaçá - BA,11,14,1077,73.12,,,,,,,,,
7/31/2026,8/4/2026,220320,Curimatá - PI,14,3,686,0.01,,,,,,,,,
7/31/2026,8/4/2026,150277,Curionópolis - PA,23,12,1151,28.15,,,,,,,,,
7/31/2026,8/4/2026,410690,Curitiba - PR,8363,4365,440717,1.90,,,,,,,,,
7/31/2026,8/4/2026,420480,Curitibanos - SC,84,62,5095,84.19,,,,,,,,,
7/31/2026,8/4/2026,410700,Curiúva - PR,17,14,1113,4.67,,,,,,,,,
7/31/2026,8/4/2026,220323,Currais - PI,2,2,112,-,,,,,,,,,
7/31/2026,8/4/2026,240310,Currais Novos - RN,44,39,3901,25.71,,,,,,,,,
7/31/2026,8/4/2026,250527,Curral de Cima - PB,1,1,125,-,,,,,,,,,
7/31/2026,8/4/2026,312087,Curral de Dentro - MG,8,8,448,-,,,,,,,,,
7/31/2026,8/4/2026,220327,Curral Novo do Piauí - PI,2,0,144,-,,,,,,,,,
7/31/2026,8/4/2026,250530,Curral Velho - PB,1,1,72,-,,,,,,,,,
7/31/2026,8/4/2026,150280,Curralinho - PA,14,8,524,-,,,,,,,,,
7/31/2026,8/4/2026,220325,Curralinhos - PI,3,1,131,-,,,,,,,,,
7/31/2026,8/4/2026,150285,Curuá - PA,3,3,353,-,,,,,,,,,
7/31/2026,8/4/2026,150290,Curuçá - PA,20,15,1023,-,,,,,,,,,
7/31/2026,8/4/2026,210370,Cururupu - MA,12,8,779,84.43,,,,,,,,,
7/31/2026,8/4/2026,510343,Curvelândia - MT,6,5,448,4.73,,,,,,,,,
7/31/2026,8/4/2026,312090,Curvelo - MG,176,101,9589,7.25,,,,,,,,,
7/31/2026,8/4/2026,260510,Custódia - PE,33,17,1594,85.14,,,,,,,,,
7/31/2026,8/4/2026,160021,Cutias - AP,3,0,95,-,,,,,,,,,
7/31/2026,8/4/2026,520670,Damianópolis - GO,11,2,279,-,,,,,,,,,
7/31/2026,8/4/2026,250535,Damião - PB,9,1,214,-,,,,,,,,,
7/31/2026,8/4/2026,520680,Damolândia - GO,7,0,426,75.89,,,,,,,,,
7/31/2026,8/4/2026,170650,Darcinópolis - TO,8,2,403,-,,,,,,,,,
7/31/2026,8/4/2026,291000,Dário Meira - BA,1,1,366,-,,,,,,,,,
7/31/2026,8/4/2026,312100,Datas - MG,23,4,455,-,,,,,,,,,
7/31/2026,8/4/2026,430630,David Canabarro - RS,8,4,542,6.85,,,,,,,,,
7/31/2026,8/4/2026,520690,Davinópolis - GO,4,1,182,25.35,,,,,,,,,
7/31/2026,8/4/2026,210375,Davinópolis - MA,18,11,659,0.04,,,,,,,,,
7/31/2026,8/4/2026,312110,Delfim Moreira - MG,6,5,725,-,,,,,,,,,
7/31/2026,8/4/2026,312120,Delfinópolis - MG,9,11,819,-,,,,,,,,,
7/31/2026,8/4/2026,270240,Delmiro Gouveia - AL,41,35,2946,12.01,,,,,,,,,
7/31/2026,8/4/2026,312125,Delta - MG,11,8,786,0.12,,,,,,,,,
7/31/2026,8/4/2026,220330,Demerval Lobão - PI,12,9,943,4.54,,,,,,,,,
7/31/2026,8/4/2026,510345,Denise - MT,12,6,489,0.24,,,,,,,,,
7/31/2026,8/4/2026,500345,Deodápolis - MS,20,10,1165,23.70,,,,,,,,,
7/31/2026,8/4/2026,230426,Deputado Irapuan Pinheiro - CE,2,3,248,3.00,,,,,,,,,
7/31/2026,8/4/2026,430632,Derrubadas - RS,0,6,222,-,,,,,,,,,
7/31/2026,8/4/2026,351370,Descalvado - SP,78,35,4914,2.36,,,,,,,,,
7/31/2026,8/4/2026,420490,Descanso - SC,11,4,1012,96.10,,,,,,,,,
7/31/2026,8/4/2026,312130,Descoberto - MG,2,3,435,-,,,,,,,,,
7/31/2026,8/4/2026,250540,Desterro - PB,66,8,483,90.34,,,,,,,,,
7/31/2026,8/4/2026,312140,Desterro de Entre Rios - MG,7,3,575,-,,,,,,,,,
7/31/2026,8/4/2026,312150,Desterro do Melo - MG,4,3,307,-,,,,,,,,,
7/31/2026,8/4/2026,430635,Dezesseis de Novembro - RS,1,0,150,-,,,,,,,,,
7/31/2026,8/4/2026,351380,Diadema - SP,1185,599,50713,37.48,,,,,,,,,
7/31/2026,8/4/2026,250560,Diamante - PB,2,0,207,-,,,,,,,,,
7/31/2026,8/4/2026,410710,Diamante do Norte - PR,7,5,519,-,,,,,,,,,
7/31/2026,8/4/2026,410712,Diamante do Sul - PR,1,2,166,24.64,,,,,,,,,
7/31/2026,8/4/2026,410715,Diamante D'Oeste - PR,3,4,411,-,,,,,,,,,
7/31/2026,8/4/2026,312160,Diamantina - MG,98,61,5892,21.72,,,,,,,,,
7/31/2026,8/4/2026,510350,Diamantino - MT,53,22,3279,11.10,,,,,,,,,
7/31/2026,8/4/2026,170700,Dianópolis - TO,21,14,1824,4.08,,,,,,,,,
7/31/2026,8/4/2026,291005,Dias D'Ávila - BA,115,72,5672,3.14,,,,,,,,,
7/31/2026,8/4/2026,430637,Dilermando de Aguiar - RS,5,1,182,-,,,,,,,,,
7/31/2026,8/4/2026,312170,Diogo de Vasconcelos - MG,3,0,166,-,,,,,,,,,
7/31/2026,8/4/2026,312180,Dionísio - MG,6,5,480,-,,,,,,,,,
7/31/2026,8/4/2026,420500,Dionísio Cerqueira - SC,40,11,2547,-,,,,,,,,,
7/31/2026,8/4/2026,520710,Diorama - GO,1,1,179,-,,,,,,,,,
7/31/2026,8/4/2026,351385,Dirce Reis - SP,3,0,125,-,,,,,,,,,
7/31/2026,8/4/2026,220335,Dirceu Arcoverde - PI,3,2,185,-,,,,,,,,,
7/31/2026,8/4/2026,280200,Divina Pastora - SE,13,2,163,41.80,,,,,,,,,
7/31/2026,8/4/2026,312190,Divinésia - MG,7,2,470,10.75,,,,,,,,,
7/31/2026,8/4/2026,312200,Divino - MG,26,13,1935,0.07,,,,,,,,,
7/31/2026,8/4/2026,312210,Divino das Laranjeiras - MG,3,2,298,-,,,,,,,,,
7/31/2026,8/4/2026,320180,Divino de São Lourenço - ES,9,2,554,0.13,,,,,,,,,
7/31/2026,8/4/2026,351390,Divinolândia - SP,11,8,1535,9.45,,,,,,,,,
7/31/2026,8/4/2026,312220,Divinolândia de Minas - MG,5,7,637,-,,,,,,,,,
7/31/2026,8/4/2026,312230,Divinópolis - MG,870,513,43913,10.57,,,,,,,,,
7/31/2026,8/4/2026,520830,Divinópolis de Goiás - GO,16,4,314,-,,,,,,,,,
7/31/2026,8/4/2026,170710,Divinópolis do Tocantins - TO,10,5,646,31.17,,,,,,,,,
7/31/2026,8/4/2026,312235,Divisa Alegre - MG,15,3,610,39.32,,,,,,,,,
7/31/2026,8/4/2026,312240,Divisa Nova - MG,8,9,491,-,,,,,,,,,
7/31/2026,8/4/2026,312245,Divisópolis - MG,7,2,477,5.49,,,,,,,,,
7/31/2026,8/4/2026,351400,Dobrada - SP,20,4,815,12.69,,,,,,,,,
7/31/2026,8/4/2026,351410,Dois Córregos - SP,29,16,2817,17.12,,,,,,,,,
7/31/2026,8/4/2026,430640,Dois Irmãos - RS,87,55,5338,11.62,,,,,,,,,
7/31/2026,8/4/2026,430642,Dois Irmãos das Missões - RS,1,0,115,-,,,,,,,,,
7/31/2026,8/4/2026,500348,Dois Irmãos do Buriti - MS,6,6,688,24.00,,,,,,,,,
7/31/2026,8/4/2026,170720,Dois Irmãos do Tocantins - TO,4,1,402,126.07,,,,,,,,,
7/31/2026,8/4/2026,430645,Dois Lajeados - RS,4,3,452,-,,,,,,,,,
7/31/2026,8/4/2026,270250,Dois Riachos - AL,4,3,256,-,,,,,,,,,
7/31/2026,8/4/2026,410720,Dois Vizinhos - PR,83,60,6875,16.84,,,,,,,,,
7/31/2026,8/4/2026,351420,Dolcinópolis - SP,3,2,214,-,,,,,,,,,
7/31/2026,8/4/2026,510360,Dom Aquino - MT,30,15,1027,0.00,,,,,,,,,
7/31/2026,8/4/2026,291010,Dom Basílio - BA,4,4,561,-,,,,,,,,,
7/31/2026,8/4/2026,312247,Dom Bosco - MG,11,5,258,-,,,,,,,,,
7/31/2026,8/4/2026,312250,Dom Cavati - MG,5,5,680,-,,,,,,,,,
7/31/2026,8/4/2026,150293,Dom Eliseu - PA,32,16,2985,48.43,,,,,,,,,
7/31/2026,8/4/2026,220340,Dom Expedito Lopes - PI,3,4,328,-,,,,,,,,,
7/31/2026,8/4/2026,430650,Dom Feliciano - RS,9,2,750,-,,,,,,,,,
7/31/2026,8/4/2026,220345,Dom Inocêncio - PI,5,1,380,0.14,,,,,,,,,
7/31/2026,8/4/2026,312260,Dom Joaquim - MG,5,1,333,-,,,,,,,,,
7/31/2026,8/4/2026,291020,Dom Macedo Costa - BA,3,3,221,-,,,,,,,,,
7/31/2026,8/4/2026,430660,Dom Pedrito - RS,65,46,4765,25.56,,,,,,,,,
7/31/2026,8/4/2026,210380,Dom Pedro - MA,13,12,1153,0.02,,,,,,,,,
7/31/2026,8/4/2026,430655,Dom Pedro de Alcântara - RS,11,1,279,24.00,,,,,,,,,
7/31/2026,8/4/2026,312270,Dom Silvério - MG,5,2,492,-,,,,,,,,,
7/31/2026,8/4/2026,312280,Dom Viçoso - MG,6,1,301,118.87,,,,,,,,,
7/31/2026,8/4/2026,320190,Domingos Martins - ES,71,31,4826,8.57,,,,,,,,,
7/31/2026,8/4/2026,220342,Domingos Mourão - PI,5,1,161,-,,,,,,,,,
7/31/2026,8/4/2026,420510,Dona Emma - SC,9,2,536,41.16,,,,,,,,,
7/31/2026,8/4/2026,312290,Dona Eusébia - MG,13,8,675,0.15,,,,,,,,,
7/31/2026,8/4/2026,430670,Dona Francisca - RS,3,3,293,-,,,,,,,,,
7/31/2026,8/4/2026,250570,Dona Inês - PB,9,11,535,0.10,,,,,,,,,
7/31/2026,8/4/2026,312300,Dores de Campos - MG,28,7,1556,-,,,,,,,,,
7/31/2026,8/4/2026,312310,Dores de Guanhães - MG,3,0,315,-,,,,,,,,,
7/31/2026,8/4/2026,312320,Dores do Indaiá - MG,23,14,1743,-,,,,,,,,,
7/31/2026,8/4/2026,320200,Dores do Rio Preto - ES,10,8,827,27.47,,,,,,,,,
7/31/2026,8/4/2026,312330,Dores do Turvo - MG,7,5,399,-,,,,,,,,,
7/31/2026,8/4/2026,312340,Doresópolis - MG,1,1,111,-,,,,,,,,,
7/31/2026,8/4/2026,260515,Dormentes - PE,5,5,622,-,,,,,,,,,
7/31/2026,8/4/2026,500350,Douradina - MS,6,4,490,-,,,,,,,,,
7/31/2026,8/4/2026,410725,Douradina - PR,17,7,1152,-,,,,,,,,,
7/31/2026,8/4/2026,351430,Dourado - SP,11,15,1153,-,,,,,,,,,
7/31/2026,8/4/2026,312350,Douradoquara - MG,0,9,150,-,,,,,,,,,
7/31/2026,8/4/2026,500370,Dourados - MS,636,340,35957,13.62,,,,,,,,,
7/31/2026,8/4/2026,410730,Doutor Camargo - PR,19,11,954,13.38,,,,,,,,,
7/31/2026,8/4/2026,430673,Doutor Maurício Cardoso - RS,7,1,420,-,,,,,,,,,
7/31/2026,8/4/2026,420515,Doutor Pedrinho - SC,4,4,616,-,,,,,,,,,
7/31/2026,8/4/2026,430675,Doutor Ricardo - RS,1,1,175,7.55,,,,,,,,,
7/31/2026,8/4/2026,240320,Doutor Severiano - RN,3,0,166,-,,,,,,,,,
7/31/2026,8/4/2026,412863,Doutor Ulysses - PR,7,3,312,-,,,,,,,,,
7/31/2026,8/4/2026,520725,Doverlândia - GO,6,3,606,18.61,,,,,,,,,
7/31/2026,8/4/2026,351440,Dracena - SP,70,31,6651,8.48,,,,,,,,,
7/31/2026,8/4/2026,351450,Duartina - SP,31,17,1745,43.81,,,,,,,,,
7/31/2026,8/4/2026,330160,Duas Barras - RJ,10,10,1186,44.41,,,,,,,,,
7/31/2026,8/4/2026,250580,Duas Estradas - PB,4,2,235,-,,,,,,,,,
7/31/2026,8/4/2026,170730,Dueré - TO,4,3,308,-,,,,,,,,,
7/31/2026,8/4/2026,351460,Dumont - SP,21,9,1412,49.03,,,,,,,,,
7/31/2026,8/4/2026,210390,Duque Bacelar - MA,1,2,208,-,,,,,,,,,
7/31/2026,8/4/2026,330170,Duque de Caxias - RJ,2173,1074,94358,31.56,,,,,,,,,
7/31/2026,8/4/2026,312352,Durandé - MG,7,2,372,-,,,,,,,,,
7/31/2026,8/4/2026,351470,Echaporã - SP,12,10,840,1.67,,,,,,,,,
7/31/2026,8/4/2026,320210,Ecoporanga - ES,22,24,2021,17.37,,,,,,,,,
7/31/2026,8/4/2026,520735,Edealina - GO,10,3,380,61.62,,,,,,,,,
7/31/2026,8/4/2026,520740,Edéia - GO,25,10,1297,11.81,,,,,,,,,
7/31/2026,8/4/2026,130140,Eirunepé - AM,8,6,684,24.00,,,,,,,,,
7/31/2026,8/4/2026,500375,Eldorado - MS,12,16,1087,64.00,,,,,,,,,
7/31/2026,8/4/2026,351480,Eldorado - SP,13,7,1119,7.37,,,,,,,,,
7/31/2026,8/4/2026,150295,Eldorado do Carajás - PA,18,6,1341,45.93,,,,,,,,,
7/31/2026,8/4/2026,430676,Eldorado do Sul - RS,95,57,4734,23.29,,,,,,,,,
7/31/2026,8/4/2026,220350,Elesbão Veloso - PI,10,6,632,-,,,,,,,,,
7/31/2026,8/4/2026,351490,Elias Fausto - SP,35,14,2090,1141.42,,,,,,,,,
7/31/2026,8/4/2026,220360,Eliseu Martins - PI,1,1,258,-,,,,,,,,,
7/31/2026,8/4/2026,351492,Elisiário - SP,1,3,269,-,,,,,,,,,
7/31/2026,8/4/2026,291030,Elísio Medrado - BA,10,7,365,-,,,,,,,,,
7/31/2026,8/4/2026,312360,Elói Mendes - MG,40,25,2824,37.11,,,,,,,,,
7/31/2026,8/4/2026,250590,Emas - PB,4,2,183,-,,,,,,,,,
7/31/2026,8/4/2026,351495,Embaúba - SP,1,3,251,-,,,,,,,,,
7/31/2026,8/4/2026,351500,Embu das Artes - SP,843,397,31450,-,,,,,,,,,
7/31/2026,8/4/2026,351510,Embu-Guaçu - SP,185,95,7577,143.60,,,,,,,,,
7/31/2026,8/4/2026,351512,Emilianópolis - SP,4,1,259,24.26,,,,,,,,,
7/31/2026,8/4/2026,430680,Encantado - RS,40,23,3559,46.45,,,,,,,,,
7/31/2026,8/4/2026,240330,Encanto - RN,6,0,165,-,,,,,,,,,
7/31/2026,8/4/2026,291040,Encruzilhada - BA,12,5,787,24.20,,,,,,,,,
7/31/2026,8/4/2026,430690,Encruzilhada do Sul - RS,31,14,1967,0.05,,,,,,,,,
7/31/2026,8/4/2026,410740,Enéas Marques - PR,6,7,594,-,,,,,,,,,
7/31/2026,8/4/2026,410750,Engenheiro Beltrão - PR,15,13,1481,105.71,,,,,,,,,
7/31/2026,8/4/2026,312370,Engenheiro Caldas - MG,17,11,1146,94.47,,,,,,,,,
7/31/2026,8/4/2026,351515,Engenheiro Coelho - SP,63,26,2571,86.23,,,,,,,,,
7/31/2026,8/4/2026,312380,Engenheiro Navarro - MG,6,5,372,0.40,,,,,,,,,
7/31/2026,8/4/2026,330180,Engenheiro Paulo de Frontin - RJ,15,14,1144,23.26,,,,,,,,,
7/31/2026,8/4/2026,430692,Engenho Velho - RS,1,1,70,-,,,,,,,,,
7/31/2026,8/4/2026,312385,Entre Folhas - MG,3,1,379,-,,,,,,,,,
7/31/2026,8/4/2026,291050,Entre Rios - BA,57,25,2995,45.30,,,,,,,,,
7/31/2026,8/4/2026,420517,Entre Rios - SC,3,0,168,-,,,,,,,,,
7/31/2026,8/4/2026,312390,Entre Rios de Minas - MG,23,7,1509,-,,,,,,,,,
7/31/2026,8/4/2026,410753,Entre Rios do Oeste - PR,11,3,612,0.81,,,,,,,,,
7/31/2026,8/4/2026,430695,Entre Rios do Sul - RS,5,1,310,9.08,,,,,,,,,
7/31/2026,8/4/2026,430693,Entre-Ijuís - RS,14,10,1011,46.03,,,,,,,,,
7/31/2026,8/4/2026,130150,Envira - AM,5,1,394,-,,,,,,,,,
7/31/2026,8/4/2026,120025,Epitaciolândia - AC,20,12,1246,22.17,,,,,,,,,
7/31/2026,8/4/2026,240340,Equador - RN,10,5,435,43.27,,,,,,,,,
7/31/2026,8/4/2026,430697,Erebango - RS,5,2,304,-,,,,,,,,,
7/31/2026,8/4/2026,430700,Erechim - RS,282,156,20303,10.47,,,,,,,,,
7/31/2026,8/4/2026,230427,Ererê - CE,3,2,186,-,,,,,,,,,
7/31/2026,8/4/2026,290050,Érico Cardoso - BA,4,1,295,-,,,,,,,,,
7/31/2026,8/4/2026,420519,Ermo - SC,4,7,307,-,,,,,,,,,
7/31/2026,8/4/2026,430705,Ernestina - RS,4,0,413,9.24,,,,,,,,,
7/31/2026,8/4/2026,430720,Erval Grande - RS,10,1,591,-,,,,,,,,,
7/31/2026,8/4/2026,430730,Erval Seco - RS,6,4,534,-,,,,,,,,,
7/31/2026,8/4/2026,420520,Erval Velho - SC,8,8,596,72.15,,,,,,,,,
7/31/2026,8/4/2026,312400,Ervália - MG,26,14,1706,0.13,,,,,,,,,
7/31/2026,8/4/2026,260520,Escada - PE,58,30,3024,77.64,,,,,,,,,
7/31/2026,8/4/2026,430740,Esmeralda - RS,4,3,330,-,,,,,,,,,
7/31/2026,8/4/2026,312410,Esmeraldas - MG,207,114,8148,37.91,,,,,,,,,
7/31/2026,8/4/2026,312420,Espera Feliz - MG,40,33,2519,15.81,,,,,,,,,
7/31/2026,8/4/2026,250600,Esperança - PB,44,27,2986,3.32,,,,,,,,,
7/31/2026,8/4/2026,430745,Esperança do Sul - RS,1,2,219,-,,,,,,,,,
7/31/2026,8/4/2026,410752,Esperança Nova - PR,3,0,119,3.25,,,,,,,,,
7/31/2026,8/4/2026,220370,Esperantina - PI,26,12,2155,9.12,,,,,,,,,
7/31/2026,8/4/2026,170740,Esperantina - TO,4,4,293,68.35,,,,,,,,,
7/31/2026,8/4/2026,210400,Esperantinópolis - MA,5,0,501,-,,,,,,,,,
7/31/2026,8/4/2026,410754,Espigão Alto do Iguaçu - PR,5,2,269,-,,,,,,,,,
7/31/2026,8/4/2026,110009,Espigão D'Oeste - RO,40,25,2573,9.21,,,,,,,,,
7/31/2026,8/4/2026,312430,Espinosa - MG,43,17,1941,3.71,,,,,,,,,
7/31/2026,8/4/2026,240350,Espírito Santo - RN,0,0,483,-,,,,,,,,,
7/31/2026,8/4/2026,312440,Espírito Santo do Dourado - MG,4,4,390,-,,,,,,,,,
7/31/2026,8/4/2026,351518,Espírito Santo do Pinhal - SP,98,51,5678,21.03,,,,,,,,,
7/31/2026,8/4/2026,351519,Espírito Santo do Turvo - SP,16,5,604,-,,,,,,,,,
7/31/2026,8/4/2026,291060,Esplanada - BA,22,10,1750,-,,,,,,,,,
7/31/2026,8/4/2026,430750,Espumoso - RS,27,21,2129,13.99,,,,,,,,,
7/31/2026,8/4/2026,430755,Estação - RS,6,9,812,19.49,,,,,,,,,
7/31/2026,8/4/2026,280210,Estância - SE,81,56,4354,19.19,,,,,,,,,
7/31/2026,8/4/2026,430760,Estância Velha - RS,168,101,8915,12.16,,,,,,,,,
7/31/2026,8/4/2026,430770,Esteio - RS,254,150,11458,14.19,,,,,,,,,
7/31/2026,8/4/2026,312450,Estiva - MG,12,11,1166,14.99,,,,,,,,,
7/31/2026,8/4/2026,355730,Estiva Gerbi - SP,20,22,1373,12.23,,,,,,,,,
7/31/2026,8/4/2026,210405,Estreito - MA,24,12,2345,42.82,,,,,,,,,
7/31/2026,8/4/2026,430780,Estrela - RS,76,36,5062,8.76,,,,,,,,,
7/31/2026,8/4/2026,312460,Estrela Dalva - MG,4,3,159,-,,,,,,,,,
7/31/2026,8/4/2026,270255,Estrela de Alagoas - AL,8,2,338,-,,,,,,,,,
7/31/2026,8/4/2026,312470,Estrela do Indaiá - MG,2,2,255,-,,,,,,,,,
7/31/2026,8/4/2026,520750,Estrela do Norte - GO,5,4,365,68.45,,,,,,,,,
7/31/2026,8/4/2026,351530,Estrela do Norte - SP,9,4,228,44.01,,,,,,,,,
7/31/2026,8/4/2026,312480,Estrela do Sul - MG,12,4,548,-,,,,,,,,,
7/31/2026,8/4/2026,351520,Estrela D'Oeste - SP,16,4,1092,2.75,,,,,,,,,
7/31/2026,8/4/2026,430781,Estrela Velha - RS,2,1,184,-,,,,,,,,,
7/31/2026,8/4/2026,291070,Euclides da Cunha - BA,47,27,2648,6.68,,,,,,,,,
7/31/2026,8/4/2026,351535,Euclides da Cunha Paulista - SP,15,6,500,10.46,,,,,,,,,
7/31/2026,8/4/2026,430783,Eugênio de Castro - RS,7,5,279,0.00,,,,,,,,,
7/31/2026,8/4/2026,312490,Eugenópolis - MG,12,12,996,12.25,,,,,,,,,
7/31/2026,8/4/2026,291072,Eunápolis - BA,209,133,11405,16.72,,,,,,,,,
7/31/2026,8/4/2026,230428,Eusébio - CE,328,117,14217,13.42,,,,,,,,,
7/31/2026,8/4/2026,312500,Ewbank da Câmara - MG,12,7,392,-,,,,,,,,,
7/31/2026,8/4/2026,312510,Extrema - MG,224,117,9063,48.10,,,,,,,,,
7/31/2026,8/4/2026,240360,Extremoz - RN,159,50,5417,27.41,,,,,,,,,
7/31/2026,8/4/2026,260530,Exu - PE,12,15,1108,-,,,,,,,,,
7/31/2026,8/4/2026,250610,Fagundes - PB,9,6,398,18.29,,,,,,,,,
7/31/2026,8/4/2026,430786,Fagundes Varela - RS,3,4,318,-,,,,,,,,,
7/31/2026,8/4/2026,520753,Faina - GO,8,3,614,0.45,,,,,,,,,
7/31/2026,8/4/2026,312520,Fama - MG,7,1,248,-,,,,,,,,,
7/31/2026,8/4/2026,312530,Faria Lemos - MG,2,5,205,-,,,,,,,,,
7/31/2026,8/4/2026,230430,Farias Brito - CE,11,7,531,-,,,,,,,,,
7/31/2026,8/4/2026,150300,Faro - PA,3,1,210,-,,,,,,,,,
7/31/2026,8/4/2026,410755,Farol - PR,5,1,225,-,,,,,,,,,
7/31/2026,8/4/2026,430790,Farroupilha - RS,199,133,11449,11.68,,,,,,,,,
7/31/2026,8/4/2026,351540,Fartura - SP,30,15,2099,22.20,,,,,,,,,
7/31/2026,8/4/2026,220375,Fartura do Piauí - PI,0,0,108,-,,,,,,,,,
7/31/2026,8/4/2026,291075,Fátima - BA,8,2,573,-,,,,,,,,,
7/31/2026,8/4/2026,170755,Fátima - TO,5,2,283,-,,,,,,,,,
7/31/2026,8/4/2026,500380,Fátima do Sul - MS,25,17,2030,9.09,,,,,,,,,
7/31/2026,8/4/2026,410760,Faxinal - PR,22,20,2180,3.98,,,,,,,,,
7/31/2026,8/4/2026,430800,Faxinal do Soturno - RS,9,3,915,14.20,,,,,,,,,
7/31/2026,8/4/2026,420530,Faxinal dos Guedes - SC,26,18,1552,2.12,,,,,,,,,
7/31/2026,8/4/2026,430805,Faxinalzinho - RS,3,2,249,-,,,,,,,,,
7/31/2026,8/4/2026,520760,Fazenda Nova - GO,7,4,593,3.05,,,,,,,,,
7/31/2026,8/4/2026,410765,Fazenda Rio Grande - PR,636,333,23549,28.63,,,,,,,,,
7/31/2026,8/4/2026,430807,Fazenda Vilanova - RS,12,4,582,0.12,,,,,,,,,
7/31/2026,8/4/2026,120030,Feijó - AC,13,11,1087,0.00,,,,,,,,,
7/31/2026,8/4/2026,291077,Feira da Mata - BA,4,2,177,-,,,,,,,,,
7/31/2026,8/4/2026,291080,Feira de Santana - BA,1422,796,75389,22.45,,,,,,,,,
7/31/2026,8/4/2026,270260,Feira Grande - AL,9,4,440,-,,,,,,,,,
7/31/2026,8/4/2026,260540,Feira Nova - PE,19,11,1020,-,,,,,,,,,
7/31/2026,8/4/2026,280220,Feira Nova - SE,2,1,118,-,,,,,,,,,
7/31/2026,8/4/2026,210407,Feira Nova do Maranhão - MA,3,1,179,-,,,,,,,,,
7/31/2026,8/4/2026,312540,Felício dos Santos - MG,7,1,378,-,,,,,,,,,
7/31/2026,8/4/2026,240370,Felipe Guerra - RN,3,4,285,-,,,,,,,,,
7/31/2026,8/4/2026,312560,Felisburgo - MG,6,6,310,-,,,,,,,,,
7/31/2026,8/4/2026,312570,Felixlândia - MG,26,13,1288,-,,,,,,,,,
7/31/2026,8/4/2026,430810,Feliz - RS,24,15,2029,7.70,,,,,,,,,
7/31/2026,8/4/2026,270270,Feliz Deserto - AL,2,1,157,-,,,,,,,,,
7/31/2026,8/4/2026,510370,Feliz Natal - MT,19,15,1340,15.71,,,,,,,,,
7/31/2026,8/4/2026,410770,Fênix - PR,3,4,336,2.22,,,,,,,,,
7/31/2026,8/4/2026,410773,Fernandes Pinheiro - PR,1,2,400,-,,,,,,,,,
7/31/2026,8/4/2026,312580,Fernandes Tourinho - MG,5,0,191,-,,,,,,,,,
7/31/2026,8/4/2026,260545,Fernando de Noronha - PE,11,7,1146,90.19,,,,,,,,,
7/31/2026,8/4/2026,210408,Fernando Falcão - MA,5,2,145,-,,,,,,,,,
7/31/2026,8/4/2026,240375,Fernando Pedroza - RN,8,2,180,-,,,,,,,,,
7/31/2026,8/4/2026,351560,Fernando Prestes - SP,13,5,776,23.41,,,,,,,,,
7/31/2026,8/4/2026,351550,Fernandópolis - SP,174,54,9760,16.39,,,,,,,,,
7/31/2026,8/4/2026,351565,Fernão - SP,3,0,149,-,,,,,,,,,
7/31/2026,8/4/2026,351570,Ferraz de Vasconcelos - SP,509,273,19365,38.90,,,,,,,,,
7/31/2026,8/4/2026,160023,Ferreira Gomes - AP,5,3,232,72.00,,,,,,,,,
7/31/2026,8/4/2026,260550,Ferreiros - PE,7,2,432,-,,,,,,,,,
7/31/2026,8/4/2026,312590,Ferros - MG,3,2,507,-,,,,,,,,,
7/31/2026,8/4/2026,312595,Fervedouro - MG,9,7,648,0.03,,,,,,,,,
7/31/2026,8/4/2026,410775,Figueira - PR,10,9,746,21.41,,,,,,,,,
7/31/2026,8/4/2026,500390,Figueirão - MS,4,2,450,6.76,,,,,,,,,
7/31/2026,8/4/2026,170765,Figueirópolis - TO,7,2,371,-,,,,,,,,,
7/31/2026,8/4/2026,510380,Figueirópolis D'Oeste - MT,3,1,251,24.00,,,,,,,,,
7/31/2026,8/4/2026,291085,Filadélfia - BA,11,2,789,-,,,,,,,,,
7/31/2026,8/4/2026,170770,Filadélfia - TO,1,5,306,-,,,,,,,,,
7/31/2026,8/4/2026,291090,Firmino Alves - BA,4,1,211,-,,,,,,,,,
7/31/2026,8/4/2026,520780,Firminópolis - GO,15,10,1477,95.14,,,,,,,,,
7/31/2026,8/4/2026,270280,Flexeiras - AL,5,5,363,-,,,,,,,,,
7/31/2026,8/4/2026,410785,Flor da Serra do Sul - PR,11,4,485,0.90,,,,,,,,,
7/31/2026,8/4/2026,420535,Flor do Sertão - SC,3,2,166,-,,,,,,,,,
7/31/2026,8/4/2026,351580,Flora Rica - SP,2,2,112,-,,,,,,,,,
7/31/2026,8/4/2026,410780,Floraí - PR,7,2,669,-,,,,,,,,,
7/31/2026,8/4/2026,240380,Florânia - RN,10,5,570,5.44,,,,,,,,,
7/31/2026,8/4/2026,351590,Floreal - SP,11,0,311,9.08,,,,,,,,,
7/31/2026,8/4/2026,260560,Flores - PE,16,8,653,-,,,,,,,,,
7/31/2026,8/4/2026,430820,Flores da Cunha - RS,87,57,6042,35.42,,,,,,,,,
7/31/2026,8/4/2026,520790,Flores de Goiás - GO,10,7,521,34.61,,,,,,,,,
7/31/2026,8/4/2026,220380,Flores do Piauí - PI,2,1,151,-,,,,,,,,,
7/31/2026,8/4/2026,260570,Floresta - PE,13,9,1090,-,,,,,,,,,
7/31/2026,8/4/2026,410790,Floresta - PR,51,20,1901,33.81,,,,,,,,,
7/31/2026,8/4/2026,291100,Floresta Azul - BA,3,3,351,73.31,,,,,,,,,
7/31/2026,8/4/2026,150304,Floresta do Araguaia - PA,11,5,866,-,,,,,,,,,
7/31/2026,8/4/2026,220385,Floresta do Piauí - PI,3,0,80,-,,,,,,,,,
7/31/2026,8/4/2026,312600,Florestal - MG,22,12,957,48.89,,,,,,,,,
7/31/2026,8/4/2026,410800,Florestópolis - PR,20,16,1010,0.15,,,,,,,,,
7/31/2026,8/4/2026,220390,Floriano - PI,110,45,6003,2.40,,,,,,,,,
7/31/2026,8/4/2026,430825,Floriano Peixoto - RS,0,0,99,-,,,,,,,,,
7/31/2026,8/4/2026,420540,Florianópolis - SC,2632,1610,150658,3.77,,,,,,,,,
7/31/2026,8/4/2026,410810,Flórida - PR,5,3,426,-,,,,,,,,,
7/31/2026,8/4/2026,351600,Flórida Paulista - SP,10,7,956,13.99,,,,,,,,,
7/31/2026,8/4/2026,351610,Florínia - SP,12,1,418,-,,,,,,,,,
7/31/2026,8/4/2026,130160,Fonte Boa - AM,3,2,453,72.00,,,,,,,,,
7/31/2026,8/4/2026,430830,Fontoura Xavier - RS,10,5,902,5.58,,,,,,,,,
7/31/2026,8/4/2026,312610,Formiga - MG,184,120,11720,7.66,,,,,,,,,
7/31/2026,8/4/2026,430840,Formigueiro - RS,5,3,543,-,,,,,,,,,
7/31/2026,8/4/2026,520800,Formosa - GO,307,120,12851,12.96,,,,,,,,,
7/31/2026,8/4/2026,210409,Formosa da Serra Negra - MA,6,5,506,0.11,,,,,,,,,
7/31/2026,8/4/2026,410820,Formosa do Oeste - PR,10,12,1058,119.45,,,,,,,,,
7/31/2026,8/4/2026,291110,Formosa do Rio Preto - BA,25,5,1501,18.87,,,,,,,,,
7/31/2026,8/4/2026,420543,Formosa do Sul - SC,4,2,356,-,,,,,,,,,
7/31/2026,8/4/2026,520810,Formoso - GO,10,7,524,-,,,,,,,,,
7/31/2026,8/4/2026,312620,Formoso - MG,9,4,454,138.65,,,,,,,,,
7/31/2026,8/4/2026,170820,Formoso do Araguaia - TO,18,15,1746,0.05,,,,,,,,,
7/31/2026,8/4/2026,430843,Forquetinha - RS,5,1,220,2.73,,,,,,,,,
7/31/2026,8/4/2026,230435,Forquilha - CE,21,16,1044,0.00,,,,,,,,,
7/31/2026,8/4/2026,420545,Forquilhinha - SC,95,58,4104,82.99,,,,,,,,,
7/31/2026,8/4/2026,230440,Fortaleza - CE,7812,3863,328268,23.83,,,,,,,,,
7/31/2026,8/4/2026,312630,Fortaleza de Minas - MG,2,4,307,-,,,,,,,,,
7/31/2026,8/4/2026,170825,Fortaleza do Tabocão - TO,5,5,244,-,,,,,,,,,
7/31/2026,8/4/2026,210410,Fortaleza dos Nogueiras - MA,21,5,792,6.69,,,,,,,,,
7/31/2026,8/4/2026,430845,Fortaleza dos Valos - RS,8,7,506,0.00,,,,,,,,,
7/31/2026,8/4/2026,230445,Fortim - CE,23,13,1320,6.73,,,,,,,,,
7/31/2026,8/4/2026,210420,Fortuna - MA,6,2,437,-,,,,,,,,,
7/31/2026,8/4/2026,312640,Fortuna de Minas - MG,6,4,585,-,,,,,,,,,
7/31/2026,8/4/2026,410830,Foz do Iguaçu - PR,1123,565,53593,0.79,,,,,,,,,
7/31/2026,8/4/2026,410845,Foz do Jordão - PR,9,7,448,0.05,,,,,,,,,
7/31/2026,8/4/2026,420550,Fraiburgo - SC,63,41,3883,147.60,,,,,,,,,
7/31/2026,8/4/2026,351620,Franca - SP,1501,740,67902,30.05,,,,,,,,,
7/31/2026,8/4/2026,220400,Francinópolis - PI,1,2,132,-,,,,,,,,,
7/31/2026,8/4/2026,410832,Francisco Alves - PR,11,5,633,139.77,,,,,,,,,
7/31/2026,8/4/2026,220410,Francisco Ayres - PI,1,1,111,-,,,,,,,,,
7/31/2026,8/4/2026,312650,Francisco Badaró - MG,3,5,442,-,,,,,,,,,
7/31/2026,8/4/2026,410840,Francisco Beltrão - PR,263,130,16415,2.30,,,,,,,,,
7/31/2026,8/4/2026,240390,Francisco Dantas - RN,4,1,54,-,,,,,,,,,
7/31/2026,8/4/2026,312660,Francisco Dumont - MG,4,2,316,0.13,,,,,,,,,
7/31/2026,8/4/2026,220415,Francisco Macedo - PI,3,0,108,-,,,,,,,,,
7/31/2026,8/4/2026,351630,Francisco Morato - SP,528,204,16392,45.24,,,,,,,,,
7/31/2026,8/4/2026,312670,Francisco Sá - MG,30,13,1699,-,,,,,,,,,
7/31/2026,8/4/2026,220420,Francisco Santos - PI,5,2,230,-,,,,,,,,,
7/31/2026,8/4/2026,312675,Franciscópolis - MG,0,1,248,-,,,,,,,,,
7/31/2026,8/4/2026,351640,Franco da Rocha - SP,438,176,15518,29.99,,,,,,,,,
7/31/2026,8/4/2026,230450,Frecheirinha - CE,17,14,830,18.00,,,,,,,,,
7/31/2026,8/4/2026,430850,Frederico Westphalen - RS,86,47,5586,22.75,,,,,,,,,
7/31/2026,8/4/2026,312680,Frei Gaspar - MG,3,3,251,-,,,,,,,,,
7/31/2026,8/4/2026,312690,Frei Inocêncio - MG,8,8,812,-,,,,,,,,,
7/31/2026,8/4/2026,312695,Frei Lagonegro - MG,2,1,112,-,,,,,,,,,
7/31/2026,8/4/2026,250620,Frei Martinho - PB,7,1,246,69.09,,,,,,,,,
7/31/2026,8/4/2026,260580,Frei Miguelinho - PE,7,4,443,-,,,,,,,,,
7/31/2026,8/4/2026,280230,Frei Paulo - SE,9,8,685,0.00,,,,,,,,,
7/31/2026,8/4/2026,420555,Frei Rogério - SC,4,2,169,-,,,,,,,,,
7/31/2026,8/4/2026,312700,Fronteira - MG,30,11,1519,2.85,,,,,,,,,
7/31/2026,8/4/2026,312705,Fronteira dos Vales - MG,2,1,185,-,,,,,,,,,
7/31/2026,8/4/2026,220430,Fronteiras - PI,4,3,464,-,,,,,,,,,
7/31/2026,8/4/2026,312707,Fruta de Leite - MG,3,3,172,-,,,,,,,,,
7/31/2026,8/4/2026,312710,Frutal - MG,132,77,7700,9.64,,,,,,,,,
7/31/2026,8/4/2026,240400,Frutuoso Gomes - RN,2,3,136,-,,,,,,,,,
7/31/2026,8/4/2026,320220,Fundão - ES,51,19,2420,71.97,,,,,,,,,
7/31/2026,8/4/2026,312720,Funilândia - MG,11,10,573,126.09,,,,,,,,,
7/31/2026,8/4/2026,351650,Gabriel Monteiro - SP,4,2,370,-,,,,,,,,,
7/31/2026,8/4/2026,250625,Gado Bravo - PB,1,2,138,-,,,,,,,,,
7/31/2026,8/4/2026,351660,Gália - SP,8,8,632,47.97,,,,,,,,,
7/31/2026,8/4/2026,312730,Galiléia - MG,5,10,507,23.59,,,,,,,,,
7/31/2026,8/4/2026,240410,Galinhos - RN,3,4,221,-,,,,,,,,,
7/31/2026,8/4/2026,420560,Galvão - SC,6,4,382,-,,,,,,,,,
7/31/2026,8/4/2026,260590,Gameleira - PE,13,14,756,-,,,,,,,,,
7/31/2026,8/4/2026,520815,Gameleira de Goiás - GO,10,2,305,-,,,,,,,,,
7/31/2026,8/4/2026,312733,Gameleiras - MG,2,3,187,-,,,,,,,,,
7/31/2026,8/4/2026,291120,Gandu - BA,32,16,2275,24.10,,,,,,,,,
7/31/2026,8/4/2026,260600,Garanhuns - PE,202,130,11395,20.67,,,,,,,,,
7/31/2026,8/4/2026,280240,Gararu - SE,4,2,133,-,,,,,,,,,
7/31/2026,8/4/2026,351670,Garça - SP,97,74,5904,40.17,,,,,,,,,
7/31/2026,8/4/2026,430860,Garibaldi - RS,88,49,6947,3.06,,,,,,,,,
7/31/2026,8/4/2026,420570,Garopaba - SC,133,77,7049,86.76,,,,,,,,,
7/31/2026,8/4/2026,150307,Garrafão do Norte - PA,31,20,1218,2.98,,,,,,,,,
7/31/2026,8/4/2026,430865,Garruchos - RS,6,2,168,-,,,,,,,,,
7/31/2026,8/4/2026,420580,Garuva - SC,68,37,3265,37.47,,,,,,,,,
7/31/2026,8/4/2026,420590,Gaspar - SC,285,130,15092,143.94,,,,,,,,,
7/31/2026,8/4/2026,351680,Gastão Vidigal - SP,8,2,380,154.55,,,,,,,,,
7/31/2026,8/4/2026,510385,Gaúcha do Norte - MT,19,8,1028,54.46,,,,,,,,,
7/31/2026,8/4/2026,430870,Gaurama - RS,5,3,712,0.00,,,,,,,,,
7/31/2026,8/4/2026,291125,Gavião - BA,2,2,162,-,,,,,,,,,
7/31/2026,8/4/2026,351685,Gavião Peixoto - SP,5,9,454,21.10,,,,,,,,,
7/31/2026,8/4/2026,220435,Geminiano - PI,4,2,169,-,,,,,,,,,
7/31/2026,8/4/2026,430880,General Câmara - RS,11,4,681,14.87,,,,,,,,,
7/31/2026,8/4/2026,510390,General Carneiro - MT,4,3,339,-,,,,,,,,,
7/31/2026,8/4/2026,410850,General Carneiro - PR,19,9,1559,11.31,,,,,,,,,
7/31/2026,8/4/2026,280250,General Maynard - SE,4,3,119,0.63,,,,,,,,,
7/31/2026,8/4/2026,351690,General Salgado - SP,12,14,1183,13.44,,,,,,,,,
7/31/2026,8/4/2026,230460,General Sampaio - CE,3,3,311,-,,,,,,,,,
7/31/2026,8/4/2026,430885,Gentil - RS,2,3,155,-,,,,,,,,,
7/31/2026,8/4/2026,291130,Gentio do Ouro - BA,7,3,452,-,,,,,,,,,
7/31/2026,8/4/2026,351700,Getulina - SP,18,6,763,0.79,,,,,,,,,
7/31/2026,8/4/2026,430890,Getúlio Vargas - RS,37,26,2564,29.75,,,,,,,,,
7/31/2026,8/4/2026,220440,Gilbués - PI,7,5,612,11.46,,,,,,,,,
7/31/2026,8/4/2026,270290,Girau do Ponciano - AL,15,11,951,0.00,,,,,,,,,
7/31/2026,8/4/2026,430900,Giruá - RS,25,12,1655,64.16,,,,,,,,,
7/31/2026,8/4/2026,312735,Glaucilândia - MG,3,1,131,-,,,,,,,,,
7/31/2026,8/4/2026,351710,Glicério - SP,3,2,393,-,,,,,,,,,
7/31/2026,8/4/2026,291140,Glória - BA,5,1,345,-,,,,,,,,,
7/31/2026,8/4/2026,500400,Glória de Dourados - MS,10,14,1076,-,,,,,,,,,
7/31/2026,8/4/2026,260610,Glória do Goitá - PE,29,11,1207,57.66,,,,,,,,,
7/31/2026,8/4/2026,510395,Glória D'Oeste - MT,3,2,259,0.25,,,,,,,,,
7/31/2026,8/4/2026,430905,Glorinha - RS,15,14,950,2.61,,,,,,,,,
7/31/2026,8/4/2026,210430,Godofredo Viana - MA,6,3,361,-,,,,,,,,,
7/31/2026,8/4/2026,410855,Godoy Moreira - PR,4,2,183,-,,,,,,,,,
7/31/2026,8/4/2026,312737,Goiabeira - MG,3,1,417,-,,,,,,,,,
7/31/2026,8/4/2026,312738,Goianá - MG,3,1,562,0.11,,,,,,,,,
7/31/2026,8/4/2026,260620,Goiana - PE,102,50,5177,60.09,,,,,,,,,
7/31/2026,8/4/2026,520840,Goianápolis - GO,21,10,1341,-,,,,,,,,,
7/31/2026,8/4/2026,520850,Goiandira - GO,8,5,497,64.48,,,,,,,,,
7/31/2026,8/4/2026,520860,Goianésia - GO,145,68,9156,35.30,,,,,,,,,
7/31/2026,8/4/2026,150309,Goianésia do Pará - PA,16,4,1181,48.48,,,,,,,,,
7/31/2026,8/4/2026,520870,Goiânia - GO,5870,3121,307029,6.00,,,,,,,,,
7/31/2026,8/4/2026,240420,Goianinha - RN,34,14,1969,12.75,,,,,,,,,
7/31/2026,8/4/2026,520880,Goianira - GO,212,91,8232,12.09,,,,,,,,,
7/31/2026,8/4/2026,170830,Goianorte - TO,3,1,293,-,,,,,,,,,
7/31/2026,8/4/2026,520890,Goiás - GO,34,16,2143,25.52,,,,,,,,,
7/31/2026,8/4/2026,170900,Goiatins - TO,5,1,388,64.48,,,,,,,,,
7/31/2026,8/4/2026,520910,Goiatuba - GO,67,45,4462,12.44,,,,,,,,,
7/31/2026,8/4/2026,410860,Goioerê - PR,68,43,4031,2.32,,,,,,,,,
7/31/2026,8/4/2026,410865,Goioxim - PR,3,6,370,-,,,,,,,,,
7/31/2026,8/4/2026,312740,Gonçalves - MG,11,4,970,27.98,,,,,,,,,
7/31/2026,8/4/2026,210440,Gonçalves Dias - MA,6,2,397,0.06,,,,,,,,,
7/31/2026,8/4/2026,291150,Gongogi - BA,3,1,234,-,,,,,,,,,
7/31/2026,8/4/2026,312750,Gonzaga - MG,4,2,434,-,,,,,,,,,
7/31/2026,8/4/2026,312760,Gouveia - MG,16,7,1096,-,,,,,,,,,
7/31/2026,8/4/2026,520915,Gouvelândia - GO,8,4,342,-,,,,,,,,,
7/31/2026,8/4/2026,210450,Governador Archer - MA,3,1,214,53.42,,,,,,,,,
7/31/2026,8/4/2026,420600,Governador Celso Ramos - SC,46,27,2810,1.09,,,,,,,,,
7/31/2026,8/4/2026,240430,Governador Dix-Sept Rosado - RN,9,2,407,-,,,,,,,,,
7/31/2026,8/4/2026,210455,Governador Edison Lobão - MA,17,7,1024,0.01,,,,,,,,,
7/31/2026,8/4/2026,210460,Governador Eugênio Barros - MA,6,4,285,-,,,,,,,,,
7/31/2026,8/4/2026,110100,Governador Jorge Teixeira - RO,6,2,276,0.13,,,,,,,,,
7/31/2026,8/4/2026,320225,Governador Lindenberg - ES,4,3,804,-,,,,,,,,,
7/31/2026,8/4/2026,210462,Governador Luiz Rocha - MA,2,4,175,-,,,,,,,,,
7/31/2026,8/4/2026,291160,Governador Mangabeira - BA,15,19,1414,-,,,,,,,,,
7/31/2026,8/4/2026,210465,Governador Newton Bello - MA,2,1,173,-,,,,,,,,,
7/31/2026,8/4/2026,210467,Governador Nunes Freire - MA,23,6,809,1.70,,,,,,,,,
7/31/2026,8/4/2026,312770,Governador Valadares - MG,690,438,38885,101.03,,,,,,,,,
7/31/2026,8/4/2026,230465,Graça - CE,13,5,551,-,,,,,,,,,
7/31/2026,8/4/2026,210470,Graça Aranha - MA,8,3,185,21.46,,,,,,,,,
7/31/2026,8/4/2026,280260,Gracho Cardoso - SE,2,4,137,-,,,,,,,,,
7/31/2026,8/4/2026,210480,Grajaú - MA,39,25,2911,0.21,,,,,,,,,
7/31/2026,8/4/2026,430910,Gramado - RS,235,138,11820,14.76,,,,,,,,,
7/31/2026,8/4/2026,430912,Gramado dos Loureiros - RS,3,0,126,-,,,,,,,,,
7/31/2026,8/4/2026,430915,Gramado Xavier - RS,5,2,210,27.14,,,,,,,,,
7/31/2026,8/4/2026,410870,Grandes Rios - PR,10,2,362,17.27,,,,,,,,,
7/31/2026,8/4/2026,260630,Granito - PE,9,5,574,-,,,,,,,,,
7/31/2026,8/4/2026,230470,Granja - CE,21,9,1711,55.39,,,,,,,,,
7/31/2026,8/4/2026,230480,Granjeiro - CE,2,1,127,-,,,,,,,,,
7/31/2026,8/4/2026,312780,Grão Mogol - MG,15,10,960,-,,,,,,,,,
7/31/2026,8/4/2026,420610,Grão Pará - SC,17,6,835,1.62,,,,,,,,,
7/31/2026,8/4/2026,260640,Gravatá - PE,133,68,6538,28.47,,,,,,,,,
7/31/2026,8/4/2026,430920,Gravataí - RS,847,479,39004,9.47,,,,,,,,,
7/31/2026,8/4/2026,420620,Gravatal - SC,28,19,1792,20.13,,,,,,,,,
7/31/2026,8/4/2026,230490,Groaíras - CE,11,11,761,63.07,,,,,,,,,
7/31/2026,8/4/2026,240440,Grossos - RN,7,2,530,49.41,,,,,,,,,
7/31/2026,8/4/2026,312790,Grupiara - MG,2,0,149,-,,,,,,,,,
7/31/2026,8/4/2026,430925,Guabiju - RS,3,0,156,-,,,,,,,,,
7/31/2026,8/4/2026,420630,Guabiruba - SC,86,48,4508,42.32,,,,,,,,,
7/31/2026,8/4/2026,320230,Guaçuí - ES,56,36,3914,28.15,,,,,,,,,
7/31/2026,8/4/2026,220450,Guadalupe - PI,11,8,717,5.30,,,,,,,,,
7/31/2026,8/4/2026,430930,Guaíba - RS,269,144,11632,29.22,,,,,,,,,
7/31/2026,8/4/2026,351720,Guaiçara - SP,31,14,1423,7.91,,,,,,,,,
7/31/2026,8/4/2026,351730,Guaimbê - SP,8,3,564,-,,,,,,,,,
7/31/2026,8/4/2026,410880,Guaíra - PR,46,28,3974,28.75,,,,,,,,,
7/31/2026,8/4/2026,351740,Guaíra - SP,73,32,5129,25.03,,,,,,,,,
7/31/2026,8/4/2026,410890,Guairaçá - PR,9,2,526,-,,,,,,,,,
7/31/2026,8/4/2026,230495,Guaiúba - CE,16,14,890,78.51,,,,,,,,,
7/31/2026,8/4/2026,130165,Guajará - AM,5,2,210,-,,,,,,,,,
7/31/2026,8/4/2026,110010,Guajará-Mirim - RO,33,26,2861,45.16,,,,,,,,,
7/31/2026,8/4/2026,291165,Guajeru - BA,2,1,186,-,,,,,,,,,
7/31/2026,8/4/2026,240450,Guamaré - RN,5,8,1028,-,,,,,,,,,
7/31/2026,8/4/2026,410895,Guamiranga - PR,12,3,585,10.93,,,,,,,,,
7/31/2026,8/4/2026,291170,Guanambi - BA,150,88,9779,18.53,,,,,,,,,
7/31/2026,8/4/2026,312800,Guanhães - MG,53,29,3935,16.30,,,,,,,,,
7/31/2026,8/4/2026,312810,Guapé - MG,23,13,1529,52.94,,,,,,,,,
7/31/2026,8/4/2026,351750,Guapiaçu - SP,60,31,2833,21.34,,,,,,,,,
7/31/2026,8/4/2026,351760,Guapiara - SP,26,19,1262,5.01,,,,,,,,,
7/31/2026,8/4/2026,330185,Guapimirim - RJ,109,66,5663,9.58,,,,,,,,,
7/31/2026,8/4/2026,410900,Guapirama - PR,9,9,550,41.35,,,,,,,,,
7/31/2026,8/4/2026,520920,Guapó - GO,47,25,1897,37.91,,,,,,,,,
7/31/2026,8/4/2026,430940,Guaporé - RS,60,24,4788,21.00,,,,,,,,,
7/31/2026,8/4/2026,410910,Guaporema - PR,4,3,194,-,,,,,,,,,
7/31/2026,8/4/2026,351770,Guará - SP,39,31,1935,40.63,,,,,,,,,
7/31/2026,8/4/2026,250630,Guarabira - PB,92,54,4830,32.78,,,,,,,,,
7/31/2026,8/4/2026,351780,Guaraçaí - SP,11,2,652,-,,,,,,,,,
7/31/2026,8/4/2026,410920,Guaraci - PR,10,9,461,136.74,,,,,,,,,
7/31/2026,8/4/2026,351790,Guaraci - SP,10,6,1026,-,,,,,,,,,
7/31/2026,8/4/2026,312820,Guaraciaba - MG,14,7,531,-,,,,,,,,,
7/31/2026,8/4/2026,420640,Guaraciaba - SC,16,15,1231,1.13,,,,,,,,,
7/31/2026,8/4/2026,230500,Guaraciaba do Norte - CE,26,21,2215,45.54,,,,,,,,,
7/31/2026,8/4/2026,312825,Guaraciama - MG,1,3,233,-,,,,,,,,,
7/31/2026,8/4/2026,170930,Guaraí - TO,40,9,2678,44.58,,,,,,,,,
7/31/2026,8/4/2026,520929,Guaraíta - GO,1,1,181,-,,,,,,,,,
7/31/2026,8/4/2026,230510,Guaramiranga - CE,8,4,500,-,,,,,,,,,
7/31/2026,8/4/2026,420650,Guaramirim - SC,187,76,8305,34.55,,,,,,,,,
7/31/2026,8/4/2026,312830,Guaranésia - MG,21,18,1891,69.18,,,,,,,,,
7/31/2026,8/4/2026,312840,Guarani - MG,16,9,837,17.01,,,,,,,,,
7/31/2026,8/4/2026,430950,Guarani das Missões - RS,10,10,728,0.09,,,,,,,,,
7/31/2026,8/4/2026,520940,Guarani de Goiás - GO,6,3,251,-,,,,,,,,,
7/31/2026,8/4/2026,351800,Guarani D'Oeste - SP,9,3,245,2.70,,,,,,,,,
7/31/2026,8/4/2026,410930,Guaraniaçu - PR,26,16,1628,27.19,,,,,,,,,
7/31/2026,8/4/2026,351810,Guarantã - SP,9,2,577,74.35,,,,,,,,,
7/31/2026,8/4/2026,510410,Guarantã do Norte - MT,88,32,4667,14.00,,,,,,,,,
7/31/2026,8/4/2026,320240,Guarapari - ES,472,239,21920,11.04,,,,,,,,,
7/31/2026,8/4/2026,410940,Guarapuava - PR,589,270,27163,9.43,,,,,,,,,
7/31/2026,8/4/2026,410950,Guaraqueçaba - PR,13,4,441,9.26,,,,,,,,,
7/31/2026,8/4/2026,312850,Guarará - MG,7,2,405,-,,,,,,,,,
7/31/2026,8/4/2026,351820,Guararapes - SP,64,34,3667,22.13,,,,,,,,,
7/31/2026,8/4/2026,351830,Guararema - SP,73,51,4618,32.31,,,,,,,,,
7/31/2026,8/4/2026,291180,Guaratinga - BA,6,10,658,-,,,,,,,,,
7/31/2026,8/4/2026,351840,Guaratinguetá - SP,294,162,14964,59.86,,,,,,,,,
7/31/2026,8/4/2026,410960,Guaratuba - PR,133,71,6608,13.25,,,,,,,,,
7/31/2026,8/4/2026,312860,Guarda-Mor - MG,14,9,773,0.13,,,,,,,,,
7/31/2026,8/4/2026,351850,Guareí - SP,14,7,1052,-,,,,,,,,,
7/31/2026,8/4/2026,351860,Guariba - SP,97,39,4692,11.50,,,,,,,,,
7/31/2026,8/4/2026,220455,Guaribas - PI,1,0,137,-,,,,,,,,,
7/31/2026,8/4/2026,520945,Guarinos - GO,1,3,194,-,,,,,,,,,
7/31/2026,8/4/2026,351870,Guarujá - SP,1185,483,43553,219.37,,,,,,,,,
7/31/2026,8/4/2026,420660,Guarujá do Sul - SC,7,7,688,-,,,,,,,,,
7/31/2026,8/4/2026,351880,Guarulhos - SP,4440,2254,198454,24.79,,,,,,,,,
7/31/2026,8/4/2026,420665,Guatambú - SC,22,7,921,312.07,,,,,,,,,
7/31/2026,8/4/2026,351885,Guatapará - SP,9,7,731,-,,,,,,,,,
7/31/2026,8/4/2026,312870,Guaxupé - MG,106,72,6892,12.75,,,,,,,,,
7/31/2026,8/4/2026,500410,Guia Lopes da Laguna - MS,20,9,848,107.27,,,,,,,,,
7/31/2026,8/4/2026,312880,Guidoval - MG,14,12,811,34.14,,,,,,,,,
7/31/2026,8/4/2026,210490,Guimarães - MA,3,4,231,1.00,,,,,,,,,
7/31/2026,8/4/2026,312890,Guimarânia - MG,9,6,765,-,,,,,,,,,
7/31/2026,8/4/2026,510420,Guiratinga - MT,15,9,941,96.08,,,,,,,,,
7/31/2026,8/4/2026,312900,Guiricema - MG,7,4,578,-,,,,,,,,,
7/31/2026,8/4/2026,312910,Gurinhatã - MG,2,5,287,-,,,,,,,,,
7/31/2026,8/4/2026,250640,Gurinhém - PB,6,8,480,-,,,,,,,,,
7/31/2026,8/4/2026,250650,Gurjão - PB,5,1,187,-,,,,,,,,,
7/31/2026,8/4/2026,150310,Gurupá - PA,12,5,613,-,,,,,,,,,
7/31/2026,8/4/2026,170950,Gurupi - TO,197,122,11903,30.59,,,,,,,,,
7/31/2026,8/4/2026,351890,Guzolândia - SP,9,3,482,-,,,,,,,,,
7/31/2026,8/4/2026,430955,Harmonia - RS,8,5,692,24.01,,,,,,,,,
7/31/2026,8/4/2026,520960,Heitoraí - GO,3,2,269,-,,,,,,,,,
7/31/2026,8/4/2026,312920,Heliodora - MG,8,5,517,12.12,,,,,,,,,
7/31/2026,8/4/2026,291185,Heliópolis - BA,5,5,395,-,,,,,,,,,
7/31/2026,8/4/2026,351900,Herculândia - SP,12,4,842,18.82,,,,,,,,,
7/31/2026,8/4/2026,430710,Herval - RS,9,5,550,-,,,,,,,,,
7/31/2026,8/4/2026,420670,Herval D'Oeste - SC,46,21,2729,76.12,,,,,,,,,
7/31/2026,8/4/2026,430957,Herveiras - RS,3,1,156,-,,,,,,,,,
7/31/2026,8/4/2026,230520,Hidrolândia - CE,9,7,857,46.60,,,,,,,,,
7/31/2026,8/4/2026,520970,Hidrolândia - GO,63,29,3424,69.41,,,,,,,,,
7/31/2026,8/4/2026,520980,Hidrolina - GO,6,4,351,-,,,,,,,,,
7/31/2026,8/4/2026,351905,Holambra - SP,31,18,3023,23.64,,,,,,,,,
7/31/2026,8/4/2026,410965,Honório Serpa - PR,3,3,415,-,,,,,,,,,
7/31/2026,8/4/2026,230523,Horizonte - CE,149,77,5943,8.92,,,,,,,,,
7/31/2026,8/4/2026,430960,Horizontina - RS,33,26,2514,0.96,,,,,,,,,
7/31/2026,8/4/2026,351907,Hortolândia - SP,832,445,36719,36.27,,,,,,,,,
7/31/2026,8/4/2026,220460,Hugo Napoleão - PI,1,1,113,-,,,,,,,,,
7/31/2026,8/4/2026,430965,Hulha Negra - RS,7,1,346,0.00,,,,,,,,,
7/31/2026,8/4/2026,130170,Humaitá - AM,53,27,3382,15.46,,,,,,,,,
7/31/2026,8/4/2026,430970,Humaitá - RS,7,5,489,-,,,,,,,,,
7/31/2026,8/4/2026,210500,Humberto de Campos - MA,8,5,409,-,,,,,,,,,
7/31/2026,8/4/2026,351910,Iacanga - SP,34,9,1528,4.81,,,,,,,,,
7/31/2026,8/4/2026,520990,Iaciara - GO,16,8,993,17.25,,,,,,,,,
7/31/2026,8/4/2026,351920,Iacri - SP,11,5,717,49.30,,,,,,,,,
7/31/2026,8/4/2026,291190,Iaçu - BA,20,10,1168,-,,,,,,,,,
7/31/2026,8/4/2026,312930,Iapu - MG,13,12,899,-,,,,,,,,,
7/31/2026,8/4/2026,351925,Iaras - SP,18,5,511,86.16,,,,,,,,,
7/31/2026,8/4/2026,260650,Iati - PE,9,3,409,3.25,,,,,,,,,
7/31/2026,8/4/2026,410970,Ibaiti - PR,44,31,3952,15.88,,,,,,,,,
7/31/2026,8/4/2026,430975,Ibarama - RS,3,3,207,-,,,,,,,,,
7/31/2026,8/4/2026,230526,Ibaretama - CE,4,2,315,0.00,,,,,,,,,
7/31/2026,8/4/2026,351930,Ibaté - SP,77,38,3610,24.52,,,,,,,,,
7/31/2026,8/4/2026,270300,Ibateguara - AL,11,3,449,133.97,,,,,,,,,
7/31/2026,8/4/2026,320245,Ibatiba - ES,36,23,3070,2.29,,,,,,,,,
7/31/2026,8/4/2026,410975,Ibema - PR,11,5,612,0.05,,,,,,,,,
7/31/2026,8/4/2026,312940,Ibertioga - MG,0,2,352,-,,,,,,,,,
7/31/2026,8/4/2026,312950,Ibiá - MG,29,22,2167,141.43,,,,,,,,,
7/31/2026,8/4/2026,430980,Ibiaçá - RS,8,5,545,4.91,,,,,,,,,
7/31/2026,8/4/2026,312960,Ibiaí - MG,9,7,298,-,,,,,,,,,
7/31/2026,8/4/2026,420675,Ibiam - SC,1,1,217,-,,,,,,,,,
7/31/2026,8/4/2026,230530,Ibiapina - CE,11,10,1273,24.00,,,,,,,,,
7/31/2026,8/4/2026,250660,Ibiara - PB,1,4,235,-,,,,,,,,,
7/31/2026,8/4/2026,291200,Ibiassucê - BA,7,2,502,4.32,,,,,,,,,
7/31/2026,8/4/2026,291210,Ibicaraí - BA,12,12,1405,-,,,,,,,,,
7/31/2026,8/4/2026,420680,Ibicaré - SC,7,3,432,-,,,,,,,,,
7/31/2026,8/4/2026,291220,Ibicoara - BA,18,7,1335,48.31,,,,,,,,,
7/31/2026,8/4/2026,291230,Ibicuí - BA,11,3,655,-,,,,,,,,,
7/31/2026,8/4/2026,230533,Ibicuitinga - CE,4,1,418,24.22,,,,,,,,,
7/31/2026,8/4/2026,260660,Ibimirim - PE,14,14,725,85.12,,,,,,,,,
7/31/2026,8/4/2026,291240,Ibipeba - BA,9,3,429,-,,,,,,,,,
7/31/2026,8/4/2026,291250,Ibipitanga - BA,7,4,666,54.15,,,,,,,,,
7/31/2026,8/4/2026,410980,Ibiporã - PR,153,63,7228,0.91,,,,,,,,,
7/31/2026,8/4/2026,291260,Ibiquera - BA,0,2,86,-,,,,,,,,,
7/31/2026,8/4/2026,351940,Ibirá - SP,26,13,1931,15.56,,,,,,,,,
7/31/2026,8/4/2026,312965,Ibiracatu - MG,3,1,135,-,,,,,,,,,
7/31/2026,8/4/2026,312970,Ibiraci - MG,15,3,814,5.91,,,,,,,,,
7/31/2026,8/4/2026,320250,Ibiraçu - ES,25,16,1505,87.98,,,,,,,,,
7/31/2026,8/4/2026,430990,Ibiraiaras - RS,11,2,877,1.53,,,,,,,,,
7/31/2026,8/4/2026,260670,Ibirajuba - PE,3,3,138,-,,,,,,,,,
7/31/2026,8/4/2026,420690,Ibirama - SC,50,33,2898,8.66,,,,,,,,,
7/31/2026,8/4/2026,291270,Ibirapitanga - BA,11,8,775,-,,,,,,,,,
7/31/2026,8/4/2026,291280,Ibirapuã - BA,5,4,544,-,,,,,,,,,
7/31/2026,8/4/2026,430995,Ibirapuitã - RS,5,2,320,-,,,,,,,,,
7/31/2026,8/4/2026,351950,Ibirarema - SP,18,6,822,24.53,,,,,,,,,
7/31/2026,8/4/2026,291290,Ibirataia - BA,19,10,831,-,,,,,,,,,
7/31/2026,8/4/2026,312980,Ibirité - MG,515,321,19841,28.25,,,,,,,,,
7/31/2026,8/4/2026,431000,Ibirubá - RS,60,26,3374,6.34,,,,,,,,,
7/31/2026,8/4/2026,291300,Ibitiara - BA,8,8,558,-,,,,,,,,,
7/31/2026,8/4/2026,351960,Ibitinga - SP,177,93,11132,34.26,,,,,,,,,
7/31/2026,8/4/2026,320255,Ibitirama - ES,8,11,667,45.45,,,,,,,,,
7/31/2026,8/4/2026,291310,Ibititá - BA,14,6,431,-,,,,,,,,,
7/31/2026,8/4/2026,312990,Ibitiúra de Minas - MG,3,6,342,-,,,,,,,,,
7/31/2026,8/4/2026,313000,Ibituruna - MG,4,3,245,155.47,,,,,,,,,
7/31/2026,8/4/2026,351970,Ibiúna - SP,142,72,8648,39.45,,,,,,,,,
7/31/2026,8/4/2026,291320,Ibotirama - BA,20,17,1753,4.57,,,,,,,,,
7/31/2026,8/4/2026,230535,Icapuí - CE,25,10,1321,8.20,,,,,,,,,
7/31/2026,8/4/2026,420700,Içara - SC,184,99,9900,19.32,,,,,,,,,
7/31/2026,8/4/2026,313005,Icaraí de Minas - MG,3,3,318,-,,,,,,,,,
7/31/2026,8/4/2026,410990,Icaraíma - PR,11,8,1008,-,,,,,,,,,
7/31/2026,8/4/2026,210510,Icatu - MA,2,1,255,-,,,,,,,,,
7/31/2026,8/4/2026,351980,Icém - SP,9,7,869,25.30,,,,,,,,,
7/31/2026,8/4/2026,291330,Ichu - BA,7,3,378,13.20,,,,,,,,,
7/31/2026,8/4/2026,230540,Icó - CE,47,26,2410,14.78,,,,,,,,,
7/31/2026,8/4/2026,320260,Iconha - ES,27,13,1956,8.55,,,,,,,,,
7/31/2026,8/4/2026,240460,Ielmo Marinho - RN,6,4,262,125.88,,,,,,,,,
7/31/2026,8/4/2026,351990,Iepê - SP,6,5,785,4.63,,,,,,,,,
7/31/2026,8/4/2026,270310,Igaci - AL,14,4,511,-,,,,,,,,,
7/31/2026,8/4/2026,291340,Igaporã - BA,9,6,867,-,,,,,,,,,
7/31/2026,8/4/2026,352000,Igaraçu do Tietê - SP,41,27,2161,37.81,,,,,,,,,
7/31/2026,8/4/2026,250260,Igaracy - PB,2,1,208,113.76,,,,,,,,,
7/31/2026,8/4/2026,352010,Igarapava - SP,43,17,2627,-,,,,,,,,,
7/31/2026,8/4/2026,313010,Igarapé - MG,137,77,6701,29.80,,,,,,,,,
7/31/2026,8/4/2026,210515,Igarapé do Meio - MA,9,4,259,-,,,,,,,,,
7/31/2026,8/4/2026,210520,Igarapé Grande - MA,3,3,350,15.62,,,,,,,,,
7/31/2026,8/4/2026,150320,Igarapé-Açu - PA,34,11,1384,-,,,,,,,,,
7/31/2026,8/4/2026,150330,Igarapé-Miri - PA,26,10,1670,64.38,,,,,,,,,
7/31/2026,8/4/2026,260680,Igarassu - PE,229,121,8807,47.39,,,,,,,,,
7/31/2026,8/4/2026,352020,Igaratá - SP,36,20,1665,68.79,,,,,,,,,
7/31/2026,8/4/2026,313020,Igaratinga - MG,22,22,1423,13.67,,,,,,,,,
7/31/2026,8/4/2026,291345,Igrapiúna - BA,5,0,348,-,,,,,,,,,
7/31/2026,8/4/2026,270320,Igreja Nova - AL,9,6,403,58.16,,,,,,,,,
7/31/2026,8/4/2026,431010,Igrejinha - RS,85,67,6018,32.30,,,,,,,,,
7/31/2026,8/4/2026,330187,Iguaba Grande - RJ,70,41,3543,22.38,,,,,,,,,
7/31/2026,8/4/2026,291350,Iguaí - BA,14,8,953,-,,,,,,,,,
7/31/2026,8/4/2026,352030,Iguape - SP,37,36,2711,1.26,,,,,,,,,
7/31/2026,8/4/2026,411000,Iguaraçu - PR,19,6,846,11.96,,,,,,,,,
7/31/2026,8/4/2026,260690,Iguaracy - PE,9,6,333,-,,,,,,,,,
7/31/2026,8/4/2026,313030,Iguatama - MG,14,17,750,2.44,,,,,,,,,
7/31/2026,8/4/2026,500430,Iguatemi - MS,23,7,1475,6.67,,,,,,,,,
7/31/2026,8/4/2026,230550,Iguatu - CE,124,82,6663,4.85,,,,,,,,,
7/31/2026,8/4/2026,411005,Iguatu - PR,5,2,147,-,,,,,,,,,
7/31/2026,8/4/2026,313040,Ijaci - MG,16,3,832,-,,,,,,,,,
7/31/2026,8/4/2026,431020,Ijuí - RS,215,120,13645,21.20,,,,,,,,,
7/31/2026,8/4/2026,352042,Ilha Comprida - SP,39,21,2375,60.08,,,,,,,,,
7/31/2026,8/4/2026,280270,Ilha das Flores - SE,1,1,172,-,,,,,,,,,
7/31/2026,8/4/2026,260760,Ilha de Itamaracá - PE,30,9,1210,86.20,,,,,,,,,
7/31/2026,8/4/2026,220465,Ilha Grande - PI,5,2,273,-,,,,,,,,,
7/31/2026,8/4/2026,352044,Ilha Solteira - SP,58,25,2987,92.94,,,,,,,,,
7/31/2026,8/4/2026,352040,Ilhabela - SP,127,76,6668,30.97,,,,,,,,,
7/31/2026,8/4/2026,291360,Ilhéus - BA,359,198,18610,34.39,,,,,,,,,
7/31/2026,8/4/2026,420710,Ilhota - SC,76,33,3222,53.76,,,,,,,,,
7/31/2026,8/4/2026,313050,Ilicínea - MG,7,11,1158,-,,,,,,,,,
7/31/2026,8/4/2026,431030,Ilópolis - RS,2,1,460,-,,,,,,,,,
7/31/2026,8/4/2026,250670,Imaculada - PB,2,0,221,0.11,,,,,,,,,
7/31/2026,8/4/2026,420720,Imaruí - SC,20,7,1187,98.15,,,,,,,,,
7/31/2026,8/4/2026,411007,Imbaú - PR,23,14,1102,6.75,,,,,,,,,
7/31/2026,8/4/2026,431033,Imbé - RS,74,56,3736,11.23,,,,,,,,,
7/31/2026,8/4/2026,313055,Imbé de Minas - MG,5,1,352,-,,,,,,,,,
7/31/2026,8/4/2026,420730,Imbituba - SC,203,133,10597,68.00,,,,,,,,,
7/31/2026,8/4/2026,411010,Imbituva - PR,46,20,2840,21.56,,,,,,,,,
7/31/2026,8/4/2026,420740,Imbuia - SC,8,5,702,-,,,,,,,,,
7/31/2026,8/4/2026,431036,Imigrante - RS,4,6,384,-,,,,,,,,,
7/31/2026,8/4/2026,210530,Imperatriz - MA,501,300,32161,6.46,,,,,,,,,
7/31/2026,8/4/2026,411020,Inácio Martins - PR,12,9,816,-,,,,,,,,,
7/31/2026,8/4/2026,520993,Inaciolândia - GO,6,1,499,119.65,,,,,,,,,
7/31/2026,8/4/2026,260700,Inajá - PE,9,5,505,-,,,,,,,,,
7/31/2026,8/4/2026,411030,Inajá - PR,1,2,191,0.10,,,,,,,,,
7/31/2026,8/4/2026,313060,Inconfidentes - MG,14,11,911,-,,,,,,,,,
7/31/2026,8/4/2026,313065,Indaiabira - MG,1,4,327,-,,,,,,,,,
7/31/2026,8/4/2026,420750,Indaial - SC,317,153,14676,17.87,,,,,,,,,
7/31/2026,8/4/2026,352050,Indaiatuba - SP,956,509,47916,21.98,,,,,,,,,
7/31/2026,8/4/2026,230560,Independência - CE,8,3,854,0.00,,,,,,,,,
7/31/2026,8/4/2026,431040,Independência - RS,9,4,587,69.15,,,,,,,,,
7/31/2026,8/4/2026,352060,Indiana - SP,8,8,545,3.03,,,,,,,,,
7/31/2026,8/4/2026,313070,Indianópolis - MG,5,7,572,69.42,,,,,,,,,
7/31/2026,8/4/2026,411040,Indianópolis - PR,11,2,410,19.73,,,,,,,,,
7/31/2026,8/4/2026,352070,Indiaporã - SP,2,7,351,-,,,,,,,,,
7/31/2026,8/4/2026,520995,Indiara - GO,23,14,1636,1.29,,,,,,,,,
7/31/2026,8/4/2026,280280,Indiaroba - SE,11,3,506,0.63,,,,,,,,,
7/31/2026,8/4/2026,510450,Indiavaí - MT,2,0,179,-,,,,,,,,,
7/31/2026,8/4/2026,250680,Ingá - PB,7,7,849,-,,,,,,,,,
7/31/2026,8/4/2026,313080,Ingaí - MG,4,4,225,-,,,,,,,,,
7/31/2026,8/4/2026,260710,Ingazeira - PE,1,1,136,-,,,,,,,,,
7/31/2026,8/4/2026,431041,Inhacorá - RS,5,2,246,-,,,,,,,,,
7/31/2026,8/4/2026,291370,Inhambupe - BA,31,15,1637,17.75,,,,,,,,,
7/31/2026,8/4/2026,150340,Inhangapi - PA,6,4,250,-,,,,,,,,,
7/31/2026,8/4/2026,270330,Inhapi - AL,5,2,318,-,,,,,,,,,
7/31/2026,8/4/2026,313090,Inhapim - MG,22,15,1999,12.81,,,,,,,,,
7/31/2026,8/4/2026,313100,Inhaúma - MG,14,4,672,-,,,,,,,,,
7/31/2026,8/4/2026,220470,Inhuma - PI,4,0,549,0.00,,,,,,,,,
7/31/2026,8/4/2026,521000,Inhumas - GO,135,68,7715,26.21,,,,,,,,,
7/31/2026,8/4/2026,313110,Inimutaba - MG,15,5,601,0.10,,,,,,,,,
7/31/2026,8/4/2026,500440,Inocência - MS,46,11,1878,12.47,,,,,,,,,
7/31/2026,8/4/2026,352080,Inúbia Paulista - SP,5,6,401,-,,,,,,,,,
7/31/2026,8/4/2026,420757,Iomerê - SC,4,3,323,-,,,,,,,,,
7/31/2026,8/4/2026,313115,Ipaba - MG,27,17,1384,-,,,,,,,,,
7/31/2026,8/4/2026,521010,Ipameri - GO,39,17,2876,21.90,,,,,,,,,
7/31/2026,8/4/2026,313120,Ipanema - MG,27,15,2355,0.46,,,,,,,,,
7/31/2026,8/4/2026,240470,Ipanguaçu - RN,10,3,461,-,,,,,,,,,
7/31/2026,8/4/2026,230565,Ipaporanga - CE,6,2,306,-,,,,,,,,,
7/31/2026,8/4/2026,313130,Ipatinga - MG,682,398,34357,11.70,,,,,,,,,
7/31/2026,8/4/2026,230570,Ipaumirim - CE,8,5,417,8.04,,,,,,,,,
7/31/2026,8/4/2026,352090,Ipaussu - SP,25,15,1535,-,,,,,,,,,
7/31/2026,8/4/2026,431043,Ipê - RS,13,2,729,12.74,,,,,,,,,
7/31/2026,8/4/2026,291380,Ipecaetá - BA,1,2,209,-,,,,,,,,,
7/31/2026,8/4/2026,352100,Iperó - SP,64,33,3444,5.63,,,,,,,,,
7/31/2026,8/4/2026,352110,Ipeúna - SP,8,5,808,-,,,,,,,,,
7/31/2026,8/4/2026,313140,Ipiaçu - MG,6,3,317,-,,,,,,,,,
7/31/2026,8/4/2026,291390,Ipiaú - BA,31,27,3223,11.07,,,,,,,,,
7/31/2026,8/4/2026,352115,Ipiguá - SP,20,5,840,22.83,,,,,,,,,
7/31/2026,8/4/2026,291400,Ipirá - BA,65,47,3227,9.22,,,,,,,,,
7/31/2026,8/4/2026,420760,Ipira - SC,7,4,584,-,,,,,,,,,
7/31/2026,8/4/2026,411050,Ipiranga - PR,14,13,1260,0.06,,,,,,,,,
7/31/2026,8/4/2026,521015,Ipiranga de Goiás - GO,7,0,259,-,,,,,,,,,
7/31/2026,8/4/2026,510452,Ipiranga do Norte - MT,28,10,1291,108.96,,,,,,,,,
7/31/2026,8/4/2026,220480,Ipiranga do Piauí - PI,3,1,343,-,,,,,,,,,
7/31/2026,8/4/2026,431046,Ipiranga do Sul - RS,0,0,174,-,,,,,,,,,
7/31/2026,8/4/2026,130180,Ipixuna - AM,1,1,203,-,,,,,,,,,
7/31/2026,8/4/2026,150345,Ipixuna do Pará - PA,25,8,1142,17.86,,,,,,,,,
7/31/2026,8/4/2026,260720,Ipojuca - PE,154,107,8770,43.05,,,,,,,,,
7/31/2026,8/4/2026,521020,Iporá - GO,61,36,4395,34.45,,,,,,,,,
7/31/2026,8/4/2026,411060,Iporã - PR,19,10,1692,-,,,,,,,,,
7/31/2026,8/4/2026,420765,Iporã do Oeste - SC,16,12,1633,-,,,,,,,,,
7/31/2026,8/4/2026,352120,Iporanga - SP,9,6,356,-,,,,,,,,,
7/31/2026,8/4/2026,230580,Ipu - CE,27,20,2094,9.14,,,,,,,,,
7/31/2026,8/4/2026,352130,Ipuã - SP,18,8,1386,33.33,,,,,,,,,
7/31/2026,8/4/2026,420768,Ipuaçu - SC,8,1,425,31.12,,,,,,,,,
7/31/2026,8/4/2026,260730,Ipubi - PE,13,13,1081,-,,,,,,,,,
7/31/2026,8/4/2026,240480,Ipueira - RN,3,1,121,-,,,,,,,,,
7/31/2026,8/4/2026,230590,Ipueiras - CE,16,12,1466,5.67,,,,,,,,,
7/31/2026,8/4/2026,170980,Ipueiras - TO,2,0,91,-,,,,,,,,,
7/31/2026,8/4/2026,313150,Ipuiúna - MG,15,8,918,-,,,,,,,,,
7/31/2026,8/4/2026,420770,Ipumirim - SC,8,5,677,185.20,,,,,,,,,
7/31/2026,8/4/2026,291410,Ipupiara - BA,6,2,512,-,,,,,,,,,
7/31/2026,8/4/2026,230600,Iracema - CE,7,4,709,0.07,,,,,,,,,
7/31/2026,8/4/2026,140028,Iracema - RR,4,3,264,-,,,,,,,,,
7/31/2026,8/4/2026,411065,Iracema do Oeste - PR,0,1,200,-,,,,,,,,,
7/31/2026,8/4/2026,352140,Iracemápolis - SP,36,38,3177,8.55,,,,,,,,,
7/31/2026,8/4/2026,420775,Iraceminha - SC,6,2,528,-,,,,,,,,,
7/31/2026,8/4/2026,431050,Iraí - RS,9,8,818,-,,,,,,,,,
7/31/2026,8/4/2026,313160,Iraí de Minas - MG,8,10,814,44.53,,,,,,,,,
7/31/2026,8/4/2026,291420,Irajuba - BA,4,1,200,-,,,,,,,,,
7/31/2026,8/4/2026,291430,Iramaia - BA,4,6,329,-,,,,,,,,,
7/31/2026,8/4/2026,130185,Iranduba - AM,60,30,3029,24.78,,,,,,,,,
7/31/2026,8/4/2026,420780,Irani - SC,22,15,1359,-,,,,,,,,,
7/31/2026,8/4/2026,352150,Irapuã - SP,8,4,793,11.78,,,,,,,,,
7/31/2026,8/4/2026,352160,Irapuru - SP,4,5,488,-,,,,,,,,,
7/31/2026,8/4/2026,291440,Iraquara - BA,22,9,1028,55.76,,,,,,,,,
7/31/2026,8/4/2026,291450,Irará - BA,17,6,1505,-,,,,,,,,,
7/31/2026,8/4/2026,411070,Irati - PR,130,76,7773,7.81,,,,,,,,,
7/31/2026,8/4/2026,420785,Irati - SC,0,1,201,-,,,,,,,,,
7/31/2026,8/4/2026,230610,Irauçuba - CE,21,12,877,23.79,,,,,,,,,
7/31/2026,8/4/2026,291460,Irecê - BA,143,76,7241,11.29,,,,,,,,,
7/31/2026,8/4/2026,411080,Iretama - PR,19,5,954,0.65,,,,,,,,,
7/31/2026,8/4/2026,420790,Irineópolis - SC,8,13,1027,-,,,,,,,,,
7/31/2026,8/4/2026,150350,Irituia - PA,6,5,612,-,,,,,,,,,
7/31/2026,8/4/2026,320265,Irupi - ES,8,6,1192,4.09,,,,,,,,,
7/31/2026,8/4/2026,220490,Isaías Coelho - PI,4,2,148,-,,,,,,,,,
7/31/2026,8/4/2026,521030,Israelândia - GO,1,2,245,-,,,,,,,,,
7/31/2026,8/4/2026,420800,Itá - SC,12,5,1037,-,,,,,,,,,
7/31/2026,8/4/2026,431053,Itaara - RS,13,10,782,-,,,,,,,,,
7/31/2026,8/4/2026,250690,Itabaiana - PB,23,21,1490,24.32,,,,,,,,,
7/31/2026,8/4/2026,280290,Itabaiana - SE,150,56,8010,16.05,,,,,,,,,
7/31/2026,8/4/2026,280300,Itabaianinha - SE,23,16,1508,1.11,,,,,,,,,
7/31/2026,8/4/2026,291465,Itabela - BA,24,15,1801,-,,,,,,,,,
7/31/2026,8/4/2026,352170,Itaberá - SP,27,13,1764,16.17,,,,,,,,,
7/31/2026,8/4/2026,291470,Itaberaba - BA,66,49,4923,-,,,,,,,,,
7/31/2026,8/4/2026,521040,Itaberaí - GO,177,44,5573,13.49,,,,,,,,,
7/31/2026,8/4/2026,280310,Itabi - SE,4,1,144,-,,,,,,,,,
7/31/2026,8/4/2026,313170,Itabira - MG,213,129,12106,40.90,,,,,,,,,
7/31/2026,8/4/2026,313180,Itabirinha - MG,7,7,974,-,,,,,,,,,
7/31/2026,8/4/2026,313190,Itabirito - MG,136,88,6945,29.45,,,,,,,,,
7/31/2026,8/4/2026,330190,Itaboraí - RJ,445,245,21284,38.05,,,,,,,,,
7/31/2026,8/4/2026,291480,Itabuna - BA,338,223,22109,9.18,,,,,,,,,
7/31/2026,8/4/2026,171050,Itacajá - TO,4,4,378,-,,,,,,,,,
7/31/2026,8/4/2026,313200,Itacambira - MG,0,1,130,-,,,,,,,,,
7/31/2026,8/4/2026,313210,Itacarambi - MG,20,12,959,2.39,,,,,,,,,
7/31/2026,8/4/2026,291490,Itacaré - BA,61,37,3205,4.09,,,,,,,,,
7/31/2026,8/4/2026,130190,Itacoatiara - AM,78,30,4175,7.87,,,,,,,,,
7/31/2026,8/4/2026,260740,Itacuruba - PE,1,3,108,-,,,,,,,,,
7/31/2026,8/4/2026,431055,Itacurubi - RS,2,2,190,-,,,,,,,,,
7/31/2026,8/4/2026,291500,Itaeté - BA,5,4,468,-,,,,,,,,,
7/31/2026,8/4/2026,291510,Itagi - BA,5,2,415,-,,,,,,,,,
7/31/2026,8/4/2026,291520,Itagibá - BA,21,6,815,21.11,,,,,,,,,
7/31/2026,8/4/2026,291530,Itagimirim - BA,8,2,390,-,,,,,,,,,
7/31/2026,8/4/2026,320270,Itaguaçu - ES,15,14,1019,-,,,,,,,,,
7/31/2026,8/4/2026,291535,Itaguaçu da Bahia - BA,5,3,790,13.70,,,,,,,,,
7/31/2026,8/4/2026,330200,Itaguaí - RJ,255,123,11881,41.01,,,,,,,,,
7/31/2026,8/4/2026,411090,Itaguajé - PR,7,4,507,0.15,,,,,,,,,
7/31/2026,8/4/2026,313220,Itaguara - MG,20,15,2246,120.02,,,,,,,,,
7/31/2026,8/4/2026,521056,Itaguari - GO,8,1,685,41.14,,,,,,,,,
7/31/2026,8/4/2026,521060,Itaguaru - GO,9,3,538,-,,,,,,,,,
7/31/2026,8/4/2026,171070,Itaguatins - TO,0,3,177,-,,,,,,,,,
7/31/2026,8/4/2026,352180,Itaí - SP,47,20,2757,68.93,,,,,,,,,
7/31/2026,8/4/2026,260750,Itaíba - PE,8,7,653,-,,,,,,,,,
7/31/2026,8/4/2026,230620,Itaiçaba - CE,3,3,435,-,,,,,,,,,
7/31/2026,8/4/2026,220500,Itainópolis - PI,3,7,310,24.57,,,,,,,,,
7/31/2026,8/4/2026,420810,Itaiópolis - SC,28,23,2209,-,,,,,,,,,
7/31/2026,8/4/2026,210535,Itaipava do Grajaú - MA,2,3,219,-,,,,,,,,,
7/31/2026,8/4/2026,313230,Itaipé - MG,11,4,653,0.30,,,,,,,,,
7/31/2026,8/4/2026,411095,Itaipulândia - PR,25,9,1680,14.11,,,,,,,,,
7/31/2026,8/4/2026,230625,Itaitinga - CE,179,70,5696,12.33,,,,,,,,,
7/31/2026,8/4/2026,150360,Itaituba - PA,153,82,10247,26.58,,,,,,,,,
7/31/2026,8/4/2026,521080,Itajá - GO,8,4,611,-,,,,,,,,,
7/31/2026,8/4/2026,240485,Itajá - RN,10,6,416,-,,,,,,,,,
7/31/2026,8/4/2026,420820,Itajaí - SC,1590,764,71370,1.90,,,,,,,,,
7/31/2026,8/4/2026,352190,Itajobi - SP,34,9,2235,49.28,,,,,,,,,
7/31/2026,8/4/2026,352200,Itaju - SP,14,1,362,50.66,,,,,,,,,
7/31/2026,8/4/2026,291540,Itaju do Colônia - BA,2,0,223,-,,,,,,,,,
7/31/2026,8/4/2026,313240,Itajubá - MG,232,172,12856,14.16,,,,,,,,,
7/31/2026,8/4/2026,291550,Itajuípe - BA,33,18,1165,-,,,,,,,,,
7/31/2026,8/4/2026,330205,Italva - RJ,19,9,1173,41.76,,,,,,,,,
7/31/2026,8/4/2026,291560,Itamaraju - BA,80,54,4619,19.32,,,,,,,,,
7/31/2026,8/4/2026,313250,Itamarandiba - MG,43,19,2604,45.02,,,,,,,,,
7/31/2026,8/4/2026,130195,Itamarati - AM,4,2,224,-,,,,,,,,,
7/31/2026,8/4/2026,313260,Itamarati de Minas - MG,6,2,392,-,,,,,,,,,
7/31/2026,8/4/2026,291570,Itamari - BA,5,3,250,-,,,,,,,,,
7/31/2026,8/4/2026,313270,Itambacuri - MG,22,11,1428,42.81,,,,,,,,,
7/31/2026,8/4/2026,411100,Itambaracá - PR,5,6,580,5.15,,,,,,,,,
7/31/2026,8/4/2026,291580,Itambé - BA,13,7,1080,-,,,,,,,,,
7/31/2026,8/4/2026,260765,Itambé - PE,21,10,1636,36.25,,,,,,,,,
7/31/2026,8/4/2026,411110,Itambé - PR,9,4,944,41.39,,,,,,,,,
7/31/2026,8/4/2026,313280,Itambé do Mato Dentro - MG,1,2,139,-,,,,,,,,,
7/31/2026,8/4/2026,313290,Itamogi - MG,10,13,925,-,,,,,,,,,
7/31/2026,8/4/2026,313300,Itamonte - MG,29,16,2150,-,,,,,,,,,
7/31/2026,8/4/2026,291590,Itanagra - BA,10,3,424,24.15,,,,,,,,,
7/31/2026,8/4/2026,352210,Itanhaém - SP,372,205,14844,43.68,,,,,,,,,
7/31/2026,8/4/2026,313310,Itanhandu - MG,19,19,1978,0.49,,,,,,,,,
7/31/2026,8/4/2026,510454,Itanhangá - MT,16,8,844,6.49,,,,,,,,,
7/31/2026,8/4/2026,291600,Itanhém - BA,13,11,1027,-,,,,,,,,,
7/31/2026,8/4/2026,313320,Itanhomi - MG,16,9,1128,-,,,,,,,,,
7/31/2026,8/4/2026,313330,Itaobim - MG,32,19,1835,2.78,,,,,,,,,
7/31/2026,8/4/2026,352215,Itaóca - SP,2,4,301,-,,,,,,,,,
7/31/2026,8/4/2026,330210,Itaocara - RJ,33,22,2659,24.66,,,,,,,,,
7/31/2026,8/4/2026,521090,Itapaci - GO,25,14,2196,1.24,,,,,,,,,
7/31/2026,8/4/2026,313340,Itapagipe - MG,15,8,1302,12.82,,,,,,,,,
7/31/2026,8/4/2026,230630,Itapajé - CE,24,17,2235,13.42,,,,,,,,,
7/31/2026,8/4/2026,291610,Itaparica - BA,19,17,1050,-,,,,,,,,,
7/31/2026,8/4/2026,291620,Itapé - BA,8,7,524,-,,,,,,,,,
7/31/2026,8/4/2026,291630,Itapebi - BA,10,1,409,-,,,,,,,,,
7/31/2026,8/4/2026,313350,Itapecerica - MG,33,36,2837,-,,,,,,,,,
7/31/2026,8/4/2026,352220,Itapecerica da Serra - SP,426,225,18403,40.19,,,,,,,,,
7/31/2026,8/4/2026,210540,Itapecuru Mirim - MA,41,13,2094,0.83,,,,,,,,,
7/31/2026,8/4/2026,411120,Itapejara D'Oeste - PR,20,8,1466,9.37,,,,,,,,,
7/31/2026,8/4/2026,420830,Itapema - SC,479,208,25294,1.66,,,,,,,,,
7/31/2026,8/4/2026,320280,Itapemirim - ES,94,59,4363,34.71,,,,,,,,,
7/31/2026,8/4/2026,411125,Itaperuçu - PR,70,25,3254,42.31,,,,,,,,,
7/31/2026,8/4/2026,330220,Itaperuna - RJ,219,129,12515,33.90,,,,,,,,,
7/31/2026,8/4/2026,260770,Itapetim - PE,13,8,635,38.64,,,,,,,,,
7/31/2026,8/4/2026,291640,Itapetinga - BA,87,54,4789,33.73,,,,,,,,,
7/31/2026,8/4/2026,352230,Itapetininga - SP,460,275,19525,30.58,,,,,,,,,
7/31/2026,8/4/2026,313360,Itapeva - MG,44,22,1762,14.74,,,,,,,,,
7/31/2026,8/4/2026,352240,Itapeva - SP,235,107,11182,43.15,,,,,,,,,
7/31/2026,8/4/2026,352250,Itapevi - SP,688,327,25926,29.54,,,,,,,,,
7/31/2026,8/4/2026,291650,Itapicuru - BA,10,3,710,-,,,,,,,,,
7/31/2026,8/4/2026,230640,Itapipoca - CE,145,71,6650,32.13,,,,,,,,,
7/31/2026,8/4/2026,352260,Itapira - SP,146,83,8853,31.85,,,,,,,,,
7/31/2026,8/4/2026,130200,Itapiranga - AM,10,6,643,0.65,,,,,,,,,
7/31/2026,8/4/2026,420840,Itapiranga - SC,27,24,2388,-,,,,,,,,,
7/31/2026,8/4/2026,521100,Itapirapuã - GO,9,4,682,0.09,,,,,,,,,
7/31/2026,8/4/2026,352265,Itapirapuã Paulista - SP,7,2,308,-,,,,,,,,,
7/31/2026,8/4/2026,171090,Itapiratins - TO,3,0,200,-,,,,,,,,,
7/31/2026,8/4/2026,260775,Itapissuma - PE,27,18,1064,-,,,,,,,,,
7/31/2026,8/4/2026,291660,Itapitanga - BA,1,4,317,-,,,,,,,,,
7/31/2026,8/4/2026,230650,Itapiúna - CE,10,4,570,70.35,,,,,,,,,
7/31/2026,8/4/2026,420845,Itapoá - SC,136,69,6532,147.46,,,,,,,,,
7/31/2026,8/4/2026,352270,Itápolis - SP,96,47,5071,48.02,,,,,,,,,
7/31/2026,8/4/2026,500450,Itaporã - MS,19,22,1868,0.07,,,,,,,,,
7/31/2026,8/4/2026,171110,Itaporã do Tocantins - TO,3,0,146,-,,,,,,,,,
7/31/2026,8/4/2026,250700,Itaporanga - PB,13,16,1543,0.10,,,,,,,,,
7/31/2026,8/4/2026,352280,Itaporanga - SP,22,14,1376,2.83,,,,,,,,,
7/31/2026,8/4/2026,280320,Itaporanga D'Ajuda - SE,25,7,1433,6.32,,,,,,,,,
7/31/2026,8/4/2026,250710,Itapororoca - PB,15,5,904,23.26,,,,,,,,,
7/31/2026,8/4/2026,110110,Itapuã do Oeste - RO,25,7,579,1.29,,,,,,,,,
7/31/2026,8/4/2026,431057,Itapuca - RS,2,1,116,-,,,,,,,,,
7/31/2026,8/4/2026,352290,Itapuí - SP,28,18,1665,3.71,,,,,,,,,
7/31/2026,8/4/2026,352300,Itapura - SP,13,3,346,-,,,,,,,,,
7/31/2026,8/4/2026,521120,Itapuranga - GO,34,14,2898,88.42,,,,,,,,,
7/31/2026,8/4/2026,352310,Itaquaquecetuba - SP,1047,505,39890,41.41,,,,,,,,,
7/31/2026,8/4/2026,291670,Itaquara - BA,5,2,207,-,,,,,,,,,
7/31/2026,8/4/2026,431060,Itaqui - RS,56,40,3468,5.91,,,,,,,,,
7/31/2026,8/4/2026,500460,Itaquiraí - MS,18,18,1278,36.24,,,,,,,,,
7/31/2026,8/4/2026,260780,Itaquitinga - PE,7,6,464,-,,,,,,,,,
7/31/2026,8/4/2026,320290,Itarana - ES,12,7,903,-,,,,,,,,,
7/31/2026,8/4/2026,291680,Itarantim - BA,15,13,990,-,,,,,,,,,
7/31/2026,8/4/2026,352320,Itararé - SP,97,61,5416,11.65,,,,,,,,,
7/31/2026,8/4/2026,230655,Itarema - CE,25,17,1689,0.96,,,,,,,,,
7/31/2026,8/4/2026,352330,Itariri - SP,32,8,1188,40.18,,,,,,,,,
7/31/2026,8/4/2026,521130,Itarumã - GO,11,5,672,27.02,,,,,,,,,
7/31/2026,8/4/2026,431065,Itati - RS,4,3,251,2.88,,,,,,,,,
7/31/2026,8/4/2026,330225,Itatiaia - RJ,57,42,4008,-,,,,,,,,,
7/31/2026,8/4/2026,313370,Itatiaiuçu - MG,30,19,1608,60.14,,,,,,,,,
7/31/2026,8/4/2026,352340,Itatiba - SP,322,150,17556,41.79,,,,,,,,,
7/31/2026,8/4/2026,431070,Itatiba do Sul - RS,5,2,281,-,,,,,,,,,
7/31/2026,8/4/2026,291685,Itatim - BA,31,14,1073,47.82,,,,,,,,,
7/31/2026,8/4/2026,352350,Itatinga - SP,30,16,2072,54.37,,,,,,,,,
7/31/2026,8/4/2026,230660,Itatira - CE,9,11,594,1.90,,,,,,,,,
7/31/2026,8/4/2026,250720,Itatuba - PB,7,4,316,0.04,,,,,,,,,
7/31/2026,8/4/2026,240490,Itaú - RN,3,1,225,-,,,,,,,,,
7/31/2026,8/4/2026,313375,Itaú de Minas - MG,34,19,1629,37.28,,,,,,,,,
7/31/2026,8/4/2026,510455,Itaúba - MT,16,9,812,36.06,,,,,,,,,
7/31/2026,8/4/2026,160025,Itaubal - AP,2,0,97,-,,,,,,,,,
7/31/2026,8/4/2026,521140,Itauçu - GO,13,9,1245,-,,,,,,,,,
7/31/2026,8/4/2026,220510,Itaueira - PI,4,3,519,-,,,,,,,,,
7/31/2026,8/4/2026,313380,Itaúna - MG,256,150,13618,10.98,,,,,,,,,
7/31/2026,8/4/2026,411130,Itaúna do Sul - PR,3,2,274,-,,,,,,,,,
7/31/2026,8/4/2026,313390,Itaverava - MG,2,1,374,-,,,,,,,,,
7/31/2026,8/4/2026,313400,Itinga - MG,14,7,707,5.94,,,,,,,,,
7/31/2026,8/4/2026,210542,Itinga do Maranhão - MA,19,15,1179,0.05,,,,,,,,,
7/31/2026,8/4/2026,510460,Itiquira - MT,21,7,1235,10.03,,,,,,,,,
7/31/2026,8/4/2026,352360,Itirapina - SP,30,18,1552,10.13,,,,,,,,,
7/31/2026,8/4/2026,352370,Itirapuã - SP,7,4,539,22.73,,,,,,,,,
7/31/2026,8/4/2026,291690,Itiruçu - BA,7,4,575,-,,,,,,,,,
7/31/2026,8/4/2026,291700,Itiúba - BA,10,9,1006,-,,,,,,,,,
7/31/2026,8/4/2026,352380,Itobi - SP,8,6,879,142.61,,,,,,,,,
7/31/2026,8/4/2026,291710,Itororó - BA,12,8,1171,-,,,,,,,,,
7/31/2026,8/4/2026,352390,Itu - SP,465,257,26291,16.63,,,,,,,,,
7/31/2026,8/4/2026,291720,Ituaçu - BA,10,3,963,-,,,,,,,,,
7/31/2026,8/4/2026,291730,Ituberá - BA,18,14,1559,-,,,,,,,,,
7/31/2026,8/4/2026,313410,Itueta - MG,7,1,465,-,,,,,,,,,
7/31/2026,8/4/2026,313420,Ituiutaba - MG,214,131,10419,32.42,,,,,,,,,
7/31/2026,8/4/2026,521150,Itumbiara - GO,274,152,14856,4.24,,,,,,,,,
7/31/2026,8/4/2026,313430,Itumirim - MG,20,5,610,-,,,,,,,,,
7/31/2026,8/4/2026,352400,Itupeva - SP,233,102,11601,28.40,,,,,,,,,
7/31/2026,8/4/2026,150370,Itupiranga - PA,14,11,1321,-,,,,,,,,,
7/31/2026,8/4/2026,420850,Ituporanga - SC,67,37,3989,20.93,,,,,,,,,
7/31/2026,8/4/2026,313440,Iturama - MG,75,37,4510,2.78,,,,,,,,,
7/31/2026,8/4/2026,313450,Itutinga - MG,7,6,369,-,,,,,,,,,
7/31/2026,8/4/2026,352410,Ituverava - SP,78,48,4528,18.67,,,,,,,,,
7/31/2026,8/4/2026,291733,Iuiú - BA,5,1,327,-,,,,,,,,,
7/31/2026,8/4/2026,320300,Iúna - ES,44,26,2918,3.10,,,,,,,,,
7/31/2026,8/4/2026,411140,Ivaí - PR,17,7,1104,1.36,,,,,,,,,
7/31/2026,8/4/2026,411150,Ivaiporã - PR,64,45,4268,19.85,,,,,,,,,
7/31/2026,8/4/2026,411155,Ivaté - PR,10,4,607,16.90,,,,,,,,,
7/31/2026,8/4/2026,411160,Ivatuba - PR,17,9,671,67.11,,,,,,,,,
7/31/2026,8/4/2026,500470,Ivinhema - MS,42,24,2877,16.86,,,,,,,,,
7/31/2026,8/4/2026,521160,Ivolândia - GO,5,2,234,8.89,,,,,,,,,
7/31/2026,8/4/2026,431075,Ivorá - RS,0,0,163,-,,,,,,,,,
7/31/2026,8/4/2026,431080,Ivoti - RS,76,40,4399,10.18,,,,,,,,,
7/31/2026,8/4/2026,260790,Jaboatão dos Guararapes - PE,1412,787,58850,15.17,,,,,,,,,
7/31/2026,8/4/2026,420860,Jaborá - SC,3,3,550,-,,,,,,,,,
7/31/2026,8/4/2026,291735,Jaborandi - BA,5,1,491,47.17,,,,,,,,,
7/31/2026,8/4/2026,352420,Jaborandi - SP,15,6,812,-,,,,,,,,,
7/31/2026,8/4/2026,411170,Jaboti - PR,7,8,527,81.71,,,,,,,,,
7/31/2026,8/4/2026,431085,Jaboticaba - RS,14,1,373,30.72,,,,,,,,,
7/31/2026,8/4/2026,352430,Jaboticabal - SP,185,96,10773,57.25,,,,,,,,,
7/31/2026,8/4/2026,313460,Jaboticatubas - MG,35,25,2395,1.33,,,,,,,,,
7/31/2026,8/4/2026,240500,Jaçanã - RN,4,1,360,-,,,,,,,,,
7/31/2026,8/4/2026,291740,Jacaraci - BA,6,3,479,-,,,,,,,,,
7/31/2026,8/4/2026,250730,Jacaraú - PB,12,4,760,-,,,,,,,,,
7/31/2026,8/4/2026,270340,Jacaré dos Homens - AL,2,1,116,-,,,,,,,,,
7/31/2026,8/4/2026,150375,Jacareacanga - PA,12,5,764,15.75,,,,,,,,,
7/31/2026,8/4/2026,352440,Jacareí - SP,696,377,32825,52.62,,,,,,,,,
7/31/2026,8/4/2026,411180,Jacarezinho - PR,62,62,4580,0.33,,,,,,,,,
7/31/2026,8/4/2026,352450,Jaci - SP,22,11,1215,37.36,,,,,,,,,
7/31/2026,8/4/2026,510480,Jaciara - MT,56,17,3477,34.52,,,,,,,,,
7/31/2026,8/4/2026,313470,Jacinto - MG,7,4,592,-,,,,,,,,,
7/31/2026,8/4/2026,420870,Jacinto Machado - SC,11,13,1100,-,,,,,,,,,
7/31/2026,8/4/2026,291750,Jacobina - BA,109,78,7438,10.98,,,,,,,,,
7/31/2026,8/4/2026,220515,Jacobina do Piauí - PI,5,1,188,68.02,,,,,,,,,
7/31/2026,8/4/2026,313480,Jacuí - MG,8,5,674,29.85,,,,,,,,,
7/31/2026,8/4/2026,270350,Jacuípe - AL,4,2,130,-,,,,,,,,,
7/31/2026,8/4/2026,431087,Jacuizinho - RS,2,0,99,-,,,,,,,,,
7/31/2026,8/4/2026,150380,Jacundá - PA,19,17,1818,22.24,,,,,,,,,
7/31/2026,8/4/2026,352460,Jacupiranga - SP,25,15,1607,64.68,,,,,,,,,
7/31/2026,8/4/2026,313490,Jacutinga - MG,59,30,4335,8.16,,,,,,,,,
7/31/2026,8/4/2026,431090,Jacutinga - RS,4,3,438,-,,,,,,,,,
7/31/2026,8/4/2026,411190,Jaguapitã - PR,24,11,1711,51.43,,,,,,,,,
7/31/2026,8/4/2026,291760,Jaguaquara - BA,57,33,3585,33.24,,,,,,,,,
7/31/2026,8/4/2026,313500,Jaguaraçu - MG,6,2,275,-,,,,,,,,,
7/31/2026,8/4/2026,431100,Jaguarão - RS,50,41,3803,36.00,,,,,,,,,
7/31/2026,8/4/2026,291770,Jaguarari - BA,19,21,1997,-,,,,,,,,,
7/31/2026,8/4/2026,320305,Jaguaré - ES,41,19,2828,8.83,,,,,,,,,
7/31/2026,8/4/2026,230670,Jaguaretama - CE,8,7,681,0.00,,,,,,,,,
7/31/2026,8/4/2026,431110,Jaguari - RS,17,13,1147,8.52,,,,,,,,,
7/31/2026,8/4/2026,411200,Jaguariaíva - PR,40,36,3475,24.20,,,,,,,,,
7/31/2026,8/4/2026,230680,Jaguaribara - CE,5,1,535,-,,,,,,,,,
7/31/2026,8/4/2026,230690,Jaguaribe - CE,20,17,1987,83.31,,,,,,,,,
7/31/2026,8/4/2026,291780,Jaguaripe - BA,6,2,440,-,,,,,,,,,
7/31/2026,8/4/2026,352470,Jaguariúna - SP,177,105,10147,28.87,,,,,,,,,
7/31/2026,8/4/2026,230700,Jaguaruana - CE,17,14,1704,12.19,,,,,,,,,
7/31/2026,8/4/2026,420880,Jaguaruna - SC,62,36,3637,151.42,,,,,,,,,
7/31/2026,8/4/2026,313505,Jaíba - MG,44,26,2533,48.86,,,,,,,,,
7/31/2026,8/4/2026,220520,Jaicós - PI,12,9,969,11.89,,,,,,,,,
7/31/2026,8/4/2026,352480,Jales - SP,114,59,7837,11.60,,,,,,,,,
7/31/2026,8/4/2026,352490,Jambeiro - SP,12,4,707,-,,,,,,,,,
7/31/2026,8/4/2026,313507,Jampruca - MG,3,6,210,-,,,,,,,,,
7/31/2026,8/4/2026,313510,Janaúba - MG,129,72,7406,5.70,,,,,,,,,
7/31/2026,8/4/2026,521170,Jandaia - GO,8,13,630,166.64,,,,,,,,,
7/31/2026,8/4/2026,411210,Jandaia do Sul - PR,46,35,3427,5.38,,,,,,,,,
7/31/2026,8/4/2026,291790,Jandaíra - BA,1,2,406,-,,,,,,,,,
7/31/2026,8/4/2026,240510,Jandaíra - RN,3,2,291,-,,,,,,,,,
7/31/2026,8/4/2026,352500,Jandira - SP,376,187,14474,62.09,,,,,,,,,
7/31/2026,8/4/2026,240520,Janduís - RN,2,2,173,44.20,,,,,,,,,
7/31/2026,8/4/2026,510490,Jangada - MT,4,4,475,2.20,,,,,,,,,
7/31/2026,8/4/2026,411220,Janiópolis - PR,9,5,576,0.68,,,,,,,,,
7/31/2026,8/4/2026,313520,Januária - MG,73,40,3888,2.14,,,,,,,,,
7/31/2026,8/4/2026,240530,Januário Cicco - RN,4,3,243,-,,,,,,,,,
7/31/2026,8/4/2026,313530,Japaraíba - MG,10,8,497,-,,,,,,,,,
7/31/2026,8/4/2026,270360,Japaratinga - AL,10,3,595,-,,,,,,,,,
7/31/2026,8/4/2026,280330,Japaratuba - SE,14,14,647,-,,,,,,,,,
7/31/2026,8/4/2026,330227,Japeri - RJ,160,98,7191,47.53,,,,,,,,,
7/31/2026,8/4/2026,240540,Japi - RN,3,2,144,-,,,,,,,,,
7/31/2026,8/4/2026,411230,Japira - PR,14,4,464,65.19,,,,,,,,,
7/31/2026,8/4/2026,280340,Japoatã - SE,2,6,418,-,,,,,,,,,
7/31/2026,8/4/2026,313535,Japonvar - MG,7,3,349,-,,,,,,,,,
7/31/2026,8/4/2026,500480,Japorã - MS,3,4,252,-,,,,,,,,,
7/31/2026,8/4/2026,130210,Japurá - AM,30,1,283,11.69,,,,,,,,,
7/31/2026,8/4/2026,411240,Japurá - PR,7,14,1158,-,,,,,,,,,
7/31/2026,8/4/2026,260795,Jaqueira - PE,9,4,312,-,,,,,,,,,
7/31/2026,8/4/2026,431112,Jaquirana - RS,5,2,451,0.38,,,,,,,,,
7/31/2026,8/4/2026,521180,Jaraguá - GO,79,49,5860,14.54,,,,,,,,,
7/31/2026,8/4/2026,420890,Jaraguá do Sul - SC,736,379,38283,14.78,,,,,,,,,
7/31/2026,8/4/2026,500490,Jaraguari - MS,10,4,571,12.00,,,,,,,,,
7/31/2026,8/4/2026,270370,Jaramataia - AL,1,0,99,-,,,,,,,,,
7/31/2026,8/4/2026,230710,Jardim - CE,13,3,707,14.55,,,,,,,,,
7/31/2026,8/4/2026,500500,Jardim - MS,45,28,2948,24.01,,,,,,,,,
7/31/2026,8/4/2026,411250,Jardim Alegre - PR,16,9,1289,-,,,,,,,,,
7/31/2026,8/4/2026,240550,Jardim de Angicos - RN,1,0,51,-,,,,,,,,,
7/31/2026,8/4/2026,240560,Jardim de Piranhas - RN,9,3,694,23.57,,,,,,,,,
7/31/2026,8/4/2026,220525,Jardim do Mulato - PI,2,1,88,-,,,,,,,,,
7/31/2026,8/4/2026,240570,Jardim do Seridó - RN,17,12,1013,37.24,,,,,,,,,
7/31/2026,8/4/2026,411260,Jardim Olinda - PR,2,2,132,-,,,,,,,,,
7/31/2026,8/4/2026,420895,Jardinópolis - SC,2,1,217,-,,,,,,,,,
7/31/2026,8/4/2026,352510,Jardinópolis - SP,119,51,6485,45.65,,,,,,,,,
7/31/2026,8/4/2026,431113,Jari - RS,1,2,176,-,,,,,,,,,
7/31/2026,8/4/2026,352520,Jarinu - SP,102,53,5117,33.19,,,,,,,,,
7/31/2026,8/4/2026,110011,Jaru - RO,76,54,4608,0.06,,,,,,,,,
7/31/2026,8/4/2026,521190,Jataí - GO,309,162,16304,18.84,,,,,,,,,
7/31/2026,8/4/2026,411270,Jataizinho - PR,24,11,1283,22.90,,,,,,,,,
7/31/2026,8/4/2026,260800,Jataúba - PE,18,7,512,-,,,,,,,,,
7/31/2026,8/4/2026,500510,Jateí - MS,4,2,263,0.12,,,,,,,,,
7/31/2026,8/4/2026,230720,Jati - CE,8,2,269,0.11,,,,,,,,,
7/31/2026,8/4/2026,210545,Jatobá - MA,2,2,101,-,,,,,,,,,
7/31/2026,8/4/2026,260805,Jatobá - PE,7,4,502,-,,,,,,,,,
7/31/2026,8/4/2026,220527,Jatobá do Piauí - PI,4,5,164,-,,,,,,,,,
7/31/2026,8/4/2026,352530,Jaú - SP,321,188,19247,51.98,,,,,,,,,
7/31/2026,8/4/2026,171150,Jaú do Tocantins - TO,1,1,217,-,,,,,,,,,
7/31/2026,8/4/2026,521200,Jaupaci - GO,4,5,287,2.02,,,,,,,,,
7/31/2026,8/4/2026,510500,Jauru - MT,6,4,835,42.23,,,,,,,,,
7/31/2026,8/4/2026,313540,Jeceaba - MG,4,3,394,-,,,,,,,,,
7/31/2026,8/4/2026,313545,Jenipapo de Minas - MG,8,3,449,-,,,,,,,,,
7/31/2026,8/4/2026,210547,Jenipapo dos Vieiras - MA,30,13,752,-,,,,,,,,,
7/31/2026,8/4/2026,313550,Jequeri - MG,3,4,732,-,,,,,,,,,
7/31/2026,8/4/2026,270375,Jequiá da Praia - AL,7,11,449,-,,,,,,,,,
7/31/2026,8/4/2026,291800,Jequié - BA,216,121,12718,16.12,,,,,,,,,
7/31/2026,8/4/2026,313560,Jequitaí - MG,7,5,414,97.61,,,,,,,,,
7/31/2026,8/4/2026,313570,Jequitibá - MG,10,0,642,33.52,,,,,,,,,
7/31/2026,8/4/2026,313580,Jequitinhonha - MG,23,21,1305,-,,,,,,,,,
7/31/2026,8/4/2026,291810,Jeremoabo - BA,24,13,1413,24.00,,,,,,,,,
7/31/2026,8/4/2026,250740,Jericó - PB,7,1,305,-,,,,,,,,,
7/31/2026,8/4/2026,352540,Jeriquara - SP,6,3,368,-,,,,,,,,,
7/31/2026,8/4/2026,320310,Jerônimo Monteiro - ES,22,24,1251,36.66,,,,,,,,,
7/31/2026,8/4/2026,220530,Jerumenha - PI,3,2,176,-,,,,,,,,,
7/31/2026,8/4/2026,313590,Jesuânia - MG,6,7,484,-,,,,,,,,,
7/31/2026,8/4/2026,411275,Jesuítas - PR,9,4,930,-,,,,,,,,,
7/31/2026,8/4/2026,521205,Jesúpolis - GO,2,0,137,-,,,,,,,,,
7/31/2026,8/4/2026,230725,Jijoca de Jericoacoara - CE,60,38,3295,7.59,,,,,,,,,
7/31/2026,8/4/2026,110012,Ji-Paraná - RO,346,172,16874,22.90,,,,,,,,,
7/31/2026,8/4/2026,291820,Jiquiriçá - BA,9,3,698,-,,,,,,,,,
7/31/2026,8/4/2026,291830,Jitaúna - BA,8,5,503,-,,,,,,,,,
7/31/2026,8/4/2026,420900,Joaçaba - SC,79,45,6207,5.78,,,,,,,,,
7/31/2026,8/4/2026,313600,Joaíma - MG,7,6,678,-,,,,,,,,,
7/31/2026,8/4/2026,313610,Joanésia - MG,4,4,245,-,,,,,,,,,
7/31/2026,8/4/2026,352550,Joanópolis - SP,20,13,1710,75.42,,,,,,,,,
7/31/2026,8/4/2026,260810,João Alfredo - PE,17,10,1002,2.66,,,,,,,,,
7/31/2026,8/4/2026,240580,João Câmara - RN,40,19,2442,35.19,,,,,,,,,
7/31/2026,8/4/2026,220535,João Costa - PI,2,2,73,-,,,,,,,,,
7/31/2026,8/4/2026,240590,João Dias - RN,0,1,85,-,,,,,,,,,
7/31/2026,8/4/2026,291835,João Dourado - BA,20,4,1068,58.28,,,,,,,,,
7/31/2026,8/4/2026,210550,João Lisboa - MA,21,12,1158,18.42,,,,,,,,,
7/31/2026,8/4/2026,313620,João Monlevade - MG,164,121,10341,10.27,,,,,,,,,
7/31/2026,8/4/2026,320313,João Neiva - ES,29,22,1838,0.00,,,,,,,,,
7/31/2026,8/4/2026,250750,João Pessoa - PB,2582,1418,118855,15.71,,,,,,,,,
7/31/2026,8/4/2026,313630,João Pinheiro - MG,76,44,5652,11.99,,,,,,,,,
7/31/2026,8/4/2026,352560,João Ramalho - SP,8,2,355,-,,,,,,,,,
7/31/2026,8/4/2026,313640,Joaquim Felício - MG,6,3,326,0.04,,,,,,,,,
7/31/2026,8/4/2026,270380,Joaquim Gomes - AL,7,4,525,11.19,,,,,,,,,
7/31/2026,8/4/2026,260820,Joaquim Nabuco - PE,7,1,402,-,,,,,,,,,
7/31/2026,8/4/2026,220540,Joaquim Pires - PI,7,4,349,-,,,,,,,,,
7/31/2026,8/4/2026,411280,Joaquim Távora - PR,14,22,1388,95.20,,,,,,,,,
7/31/2026,8/4/2026,251365,Joca Claudino - PB,0,0,74,-,,,,,,,,,
7/31/2026,8/4/2026,220545,Joca Marques - PI,3,1,92,-,,,,,,,,,
7/31/2026,8/4/2026,431115,Jóia - RS,15,9,529,0.00,,,,,,,,,
7/31/2026,8/4/2026,420910,Joinville - SC,2597,1417,124447,78.37,,,,,,,,,
7/31/2026,8/4/2026,313650,Jordânia - MG,6,5,580,0.13,,,,,,,,,
7/31/2026,8/4/2026,120032,Jordão - AC,0,0,215,-,,,,,,,,,
7/31/2026,8/4/2026,420915,José Boiteux - SC,5,11,466,-,,,,,,,,,
7/31/2026,8/4/2026,352570,José Bonifácio - SP,85,39,5896,44.49,,,,,,,,,
7/31/2026,8/4/2026,240600,José da Penha - RN,4,1,199,11.85,,,,,,,,,
7/31/2026,8/4/2026,220550,José de Freitas - PI,35,19,2238,0.12,,,,,,,,,
7/31/2026,8/4/2026,313652,José Gonçalves de Minas - MG,3,0,323,-,,,,,,,,,
7/31/2026,8/4/2026,313655,José Raydan - MG,5,0,310,-,,,,,,,,,
7/31/2026,8/4/2026,210560,Joselândia - MA,6,3,368,-,,,,,,,,,
7/31/2026,8/4/2026,313657,Josenópolis - MG,1,1,133,-,,,,,,,,,
7/31/2026,8/4/2026,521210,Joviânia - GO,6,9,730,-,,,,,,,,,
7/31/2026,8/4/2026,510510,Juara - MT,61,40,4260,13.52,,,,,,,,,
7/31/2026,8/4/2026,250760,Juarez Távora - PB,5,4,295,-,,,,,,,,,
7/31/2026,8/4/2026,171180,Juarina - TO,1,0,115,-,,,,,,,,,
7/31/2026,8/4/2026,313665,Juatuba - MG,74,37,3660,0.14,,,,,,,,,
7/31/2026,8/4/2026,250770,Juazeirinho - PB,11,9,840,45.64,,,,,,,,,
7/31/2026,8/4/2026,291840,Juazeiro - BA,364,228,17564,32.66,,,,,,,,,
7/31/2026,8/4/2026,230730,Juazeiro do Norte - CE,499,324,25484,38.77,,,,,,,,,
7/31/2026,8/4/2026,220551,Juazeiro do Piauí - PI,7,4,399,34.22,,,,,,,,,
7/31/2026,8/4/2026,230740,Jucás - CE,16,8,753,52.66,,,,,,,,,
7/31/2026,8/4/2026,260825,Jucati - PE,2,2,242,-,,,,,,,,,
7/31/2026,8/4/2026,291845,Jucuruçu - BA,4,2,265,-,,,,,,,,,
7/31/2026,8/4/2026,240610,Jucurutu - RN,16,10,1070,-,,,,,,,,,
7/31/2026,8/4/2026,510515,Juína - MT,115,59,6265,31.00,,,,,,,,,
7/31/2026,8/4/2026,313670,Juiz de Fora - MG,1543,934,82504,11.45,,,,,,,,,
7/31/2026,8/4/2026,220552,Júlio Borges - PI,2,1,150,-,,,,,,,,,
7/31/2026,8/4/2026,431120,Júlio de Castilhos - RS,43,20,2322,18.53,,,,,,,,,
7/31/2026,8/4/2026,352580,Júlio Mesquita - SP,8,5,436,-,,,,,,,,,
7/31/2026,8/4/2026,352585,Jumirim - SP,8,1,337,-,,,,,,,,,
7/31/2026,8/4/2026,210565,Junco do Maranhão - MA,3,0,134,-,,,,,,,,,
7/31/2026,8/4/2026,250780,Junco do Seridó - PB,0,3,461,-,,,,,,,,,
7/31/2026,8/4/2026,270390,Jundiá - AL,5,2,130,8.96,,,,,,,,,
7/31/2026,8/4/2026,240615,Jundiá - RN,4,1,111,-,,,,,,,,,
7/31/2026,8/4/2026,352590,Jundiaí - SP,1751,889,85632,-,,,,,,,,,
7/31/2026,8/4/2026,411290,Jundiaí do Sul - PR,3,3,229,-,,,,,,,,,
7/31/2026,8/4/2026,270400,Junqueiro - AL,14,7,1009,21.61,,,,,,,,,
7/31/2026,8/4/2026,352600,Junqueirópolis - SP,33,16,2284,12.29,,,,,,,,,
7/31/2026,8/4/2026,260830,Jupi - PE,9,6,502,-,,,,,,,,,
7/31/2026,8/4/2026,420917,Jupiá - SC,7,2,298,-,,,,,,,,,
7/31/2026,8/4/2026,352610,Juquiá - SP,34,12,1687,12.74,,,,,,,,,
7/31/2026,8/4/2026,352620,Juquitiba - SP,43,27,2981,7.46,,,,,,,,,
7/31/2026,8/4/2026,313680,Juramento - MG,2,1,162,73.10,,,,,,,,,
7/31/2026,8/4/2026,411295,Juranda - PR,9,10,794,-,,,,,,,,,
7/31/2026,8/4/2026,260840,Jurema - PE,7,3,324,109.14,,,,,,,,,
7/31/2026,8/4/2026,220553,Jurema - PI,2,0,111,-,,,,,,,,,
7/31/2026,8/4/2026,250790,Juripiranga - PB,12,5,541,0.02,,,,,,,,,
7/31/2026,8/4/2026,250800,Juru - PB,6,4,379,-,,,,,,,,,
7/31/2026,8/4/2026,130220,Juruá - AM,2,0,245,17.18,,,,,,,,,
7/31/2026,8/4/2026,313690,Juruaia - MG,19,10,1691,0.12,,,,,,,,,
7/31/2026,8/4/2026,510517,Juruena - MT,20,9,1321,72.58,,,,,,,,,
7/31/2026,8/4/2026,150390,Juruti - PA,26,11,2192,-,,,,,,,,,
7/31/2026,8/4/2026,510520,Juscimeira - MT,18,2,943,0.85,,,,,,,,,
7/31/2026,8/4/2026,291850,Jussara - BA,8,3,415,-,,,,,,,,,
7/31/2026,8/4/2026,521220,Jussara - GO,33,16,2992,0.48,,,,,,,,,
7/31/2026,8/4/2026,411300,Jussara - PR,24,5,805,20.27,,,,,,,,,
7/31/2026,8/4/2026,291855,Jussari - BA,7,3,336,73.83,,,,,,,,,
7/31/2026,8/4/2026,291860,Jussiape - BA,5,2,270,-,,,,,,,,,
7/31/2026,8/4/2026,130230,Jutaí - AM,6,4,477,3.86,,,,,,,,,
7/31/2026,8/4/2026,500515,Juti - MS,10,5,550,12.96,,,,,,,,,
7/31/2026,8/4/2026,313695,Juvenília - MG,3,0,182,-,,,,,,,,,
7/31/2026,8/4/2026,411310,Kaloré - PR,6,7,392,-,,,,,,,,,
7/31/2026,8/4/2026,130240,Lábrea - AM,15,10,1008,1.69,,,,,,,,,
7/31/2026,8/4/2026,420920,Lacerdópolis - SC,4,4,307,-,,,,,,,,,
7/31/2026,8/4/2026,313700,Ladainha - MG,7,5,503,-,,,,,,,,,
7/31/2026,8/4/2026,500520,Ladário - MS,15,6,954,-,,,,,,,,,
7/31/2026,8/4/2026,291870,Lafaiete Coutinho - BA,1,1,160,-,,,,,,,,,
7/31/2026,8/4/2026,313710,Lagamar - MG,12,13,558,33.89,,,,,,,,,
7/31/2026,8/4/2026,280350,Lagarto - SE,107,74,5745,8.25,,,,,,,,,
7/31/2026,8/4/2026,420930,Lages - SC,424,294,23537,14.96,,,,,,,,,
7/31/2026,8/4/2026,210570,Lago da Pedra - MA,26,12,1852,18.75,,,,,,,,,
7/31/2026,8/4/2026,210580,Lago do Junco - MA,2,1,166,28.23,,,,,,,,,
7/31/2026,8/4/2026,210594,Lago dos Rodrigues - MA,9,1,295,80.80,,,,,,,,,
7/31/2026,8/4/2026,210590,Lago Verde - MA,3,3,230,-,,,,,,,,,
7/31/2026,8/4/2026,250810,Lagoa - PB,2,1,137,-,,,,,,,,,
7/31/2026,8/4/2026,220555,Lagoa Alegre - PI,5,3,280,-,,,,,,,,,
7/31/2026,8/4/2026,431123,Lagoa Bonita do Sul - RS,2,0,102,-,,,,,,,,,
7/31/2026,8/4/2026,270410,Lagoa da Canoa - AL,12,6,472,38.39,,,,,,,,,
7/31/2026,8/4/2026,171190,Lagoa da Confusão - TO,29,15,1600,2.30,,,,,,,,,
7/31/2026,8/4/2026,313720,Lagoa da Prata - MG,157,108,8699,6.88,,,,,,,,,
7/31/2026,8/4/2026,240620,Lagoa D'Anta - RN,1,3,182,-,,,,,,,,,
7/31/2026,8/4/2026,250820,Lagoa de Dentro - PB,4,2,346,-,,,,,,,,,
7/31/2026,8/4/2026,260850,Lagoa de Itaenga - PE,12,6,959,-,,,,,,,,,
7/31/2026,8/4/2026,240630,Lagoa de Pedras - RN,2,3,182,-,,,,,,,,,
7/31/2026,8/4/2026,220557,Lagoa de São Francisco - PI,6,2,203,-,,,,,,,,,
7/31/2026,8/4/2026,240640,Lagoa de Velhos - RN,1,3,136,-,,,,,,,,,
7/31/2026,8/4/2026,220556,Lagoa do Barro do Piauí - PI,2,2,246,61.72,,,,,,,,,
7/31/2026,8/4/2026,260845,Lagoa do Carro - PE,25,6,853,-,,,,,,,,,
7/31/2026,8/4/2026,210592,Lagoa do Mato - MA,3,2,246,-,,,,,,,,,
7/31/2026,8/4/2026,260860,Lagoa do Ouro - PE,5,1,234,-,,,,,,,,,
7/31/2026,8/4/2026,220558,Lagoa do Piauí - PI,5,2,216,-,,,,,,,,,
7/31/2026,8/4/2026,220559,Lagoa do Sítio - PI,0,0,77,-,,,,,,,,,
7/31/2026,8/4/2026,171195,Lagoa do Tocantins - TO,1,0,201,-,,,,,,,,,
7/31/2026,8/4/2026,260870,Lagoa dos Gatos - PE,12,4,368,-,,,,,,,,,
7/31/2026,8/4/2026,313730,Lagoa dos Patos - MG,1,0,210,-,,,,,,,,,
7/31/2026,8/4/2026,431127,Lagoa dos Três Cantos - RS,7,1,250,0.02,,,,,,,,,
7/31/2026,8/4/2026,313740,Lagoa Dourada - MG,23,10,1127,10.55,,,,,,,,,
7/31/2026,8/4/2026,313750,Lagoa Formosa - MG,27,15,1819,-,,,,,,,,,
7/31/2026,8/4/2026,313753,Lagoa Grande - MG,6,8,838,-,,,,,,,,,
7/31/2026,8/4/2026,260875,Lagoa Grande - PE,13,12,984,-,,,,,,,,,
7/31/2026,8/4/2026,210596,Lagoa Grande do Maranhão - MA,3,2,264,-,,,,,,,,,
7/31/2026,8/4/2026,240650,Lagoa Nova - RN,12,6,935,0.17,,,,,,,,,
7/31/2026,8/4/2026,291875,Lagoa Real - BA,7,2,377,-,,,,,,,,,
7/31/2026,8/4/2026,240660,Lagoa Salgada - RN,5,3,455,-,,,,,,,,,
7/31/2026,8/4/2026,521225,Lagoa Santa - GO,1,1,204,-,,,,,,,,,
7/31/2026,8/4/2026,313760,Lagoa Santa - MG,254,154,12073,54.23,,,,,,,,,
7/31/2026,8/4/2026,250830,Lagoa Seca - PB,30,8,1375,41.54,,,,,,,,,
7/31/2026,8/4/2026,431130,Lagoa Vermelha - RS,60,29,3595,17.26,,,,,,,,,
7/31/2026,8/4/2026,431125,Lagoão - RS,10,9,395,-,,,,,,,,,
7/31/2026,8/4/2026,352630,Lagoinha - SP,11,7,522,9.36,,,,,,,,,
7/31/2026,8/4/2026,220554,Lagoinha do Piauí - PI,1,2,69,-,,,,,,,,,
7/31/2026,8/4/2026,420940,Laguna - SC,102,60,5113,56.26,,,,,,,,,
7/31/2026,8/4/2026,500525,Laguna Carapã - MS,9,5,600,7.44,,,,,,,,,
7/31/2026,8/4/2026,291880,Laje - BA,14,2,805,49.21,,,,,,,,,
7/31/2026,8/4/2026,330230,Laje do Muriaé - RJ,17,8,591,64.32,,,,,,,,,
7/31/2026,8/4/2026,431140,Lajeado - RS,362,178,18980,29.51,,,,,,,,,
7/31/2026,8/4/2026,171200,Lajeado - TO,2,3,338,-,,,,,,,,,
7/31/2026,8/4/2026,431142,Lajeado do Bugre - RS,4,1,160,-,,,,,,,,,
7/31/2026,8/4/2026,420945,Lajeado Grande - SC,1,0,166,-,,,,,,,,,
7/31/2026,8/4/2026,210598,Lajeado Novo - MA,2,0,263,-,,,,,,,,,
7/31/2026,8/4/2026,291890,Lajedão - BA,3,1,188,-,,,,,,,,,
7/31/2026,8/4/2026,291900,Lajedinho - BA,1,0,103,-,,,,,,,,,
7/31/2026,8/4/2026,260880,Lajedo - PE,54,26,2301,24.09,,,,,,,,,
7/31/2026,8/4/2026,291905,Lajedo do Tabocal - BA,6,1,289,-,,,,,,,,,
7/31/2026,8/4/2026,240670,Lajes - RN,5,3,660,-,,,,,,,,,
7/31/2026,8/4/2026,240680,Lajes Pintadas - RN,2,1,226,-,,,,,,,,,
7/31/2026,8/4/2026,313770,Lajinha - MG,20,6,1644,-,,,,,,,,,
7/31/2026,8/4/2026,291910,Lamarão - BA,1,1,163,-,,,,,,,,,
7/31/2026,8/4/2026,313780,Lambari - MG,31,24,2475,-,,,,,,,,,
7/31/2026,8/4/2026,510523,Lambari D'Oeste - MT,6,4,460,70.42,,,,,,,,,
7/31/2026,8/4/2026,313790,Lamim - MG,4,3,246,-,,,,,,,,,
7/31/2026,8/4/2026,220560,Landri Sales - PI,5,0,212,-,,,,,,,,,
7/31/2026,8/4/2026,411320,Lapa - PR,93,60,5253,17.63,,,,,,,,,
7/31/2026,8/4/2026,291915,Lapão - BA,20,7,925,-,,,,,,,,,
7/31/2026,8/4/2026,320316,Laranja da Terra - ES,7,7,743,-,,,,,,,,,
7/31/2026,8/4/2026,313800,Laranjal - MG,6,3,632,-,,,,,,,,,
7/31/2026,8/4/2026,411325,Laranjal - PR,9,3,257,0.31,,,,,,,,,
7/31/2026,8/4/2026,160027,Laranjal do Jari - AP,26,11,1500,12.22,,,,,,,,,
7/31/2026,8/4/2026,352640,Laranjal Paulista - SP,68,31,3428,70.37,,,,,,,,,
7/31/2026,8/4/2026,280360,Laranjeiras - SE,20,9,1166,11.17,,,,,,,,,
7/31/2026,8/4/2026,411330,Laranjeiras do Sul - PR,65,40,4633,19.58,,,,,,,,,
7/31/2026,8/4/2026,313810,Lassance - MG,4,2,449,-,,,,,,,,,
7/31/2026,8/4/2026,250840,Lastro - PB,0,0,75,-,,,,,,,,,
7/31/2026,8/4/2026,420950,Laurentino - SC,18,11,1326,-,,,,,,,,,
7/31/2026,8/4/2026,291920,Lauro de Freitas - BA,809,464,39137,26.78,,,,,,,,,
7/31/2026,8/4/2026,420960,Lauro Muller - SC,23,20,1559,-,,,,,,,,,
7/31/2026,8/4/2026,171215,Lavandeira - TO,3,1,80,-,,,,,,,,,
7/31/2026,8/4/2026,352650,Lavínia - SP,6,0,409,69.77,,,,,,,,,
7/31/2026,8/4/2026,313820,Lavras - MG,250,190,14482,10.90,,,,,,,,,
7/31/2026,8/4/2026,230750,Lavras da Mangabeira - CE,13,8,817,21.42,,,,,,,,,
7/31/2026,8/4/2026,431150,Lavras do Sul - RS,10,6,752,34.94,,,,,,,,,
7/31/2026,8/4/2026,352660,Lavrinhas - SP,8,4,458,43.87,,,,,,,,,
7/31/2026,8/4/2026,313830,Leandro Ferreira - MG,2,2,348,-,,,,,,,,,
7/31/2026,8/4/2026,420970,Lebon Régis - SC,16,9,910,-,,,,,,,,,
7/31/2026,8/4/2026,352670,Leme - SP,210,128,14082,20.60,,,,,,,,,
7/31/2026,8/4/2026,313835,Leme do Prado - MG,6,4,420,-,,,,,,,,,
7/31/2026,8/4/2026,291930,Lençóis - BA,15,12,1078,-,,,,,,,,,
7/31/2026,8/4/2026,352680,Lençóis Paulista - SP,212,97,9667,53.87,,,,,,,,,
7/31/2026,8/4/2026,420980,Leoberto Leal - SC,1,1,251,-,,,,,,,,,
7/31/2026,8/4/2026,313840,Leopoldina - MG,79,53,5537,10.20,,,,,,,,,
7/31/2026,8/4/2026,521230,Leopoldo de Bulhões - GO,13,4,655,-,,,,,,,,,
7/31/2026,8/4/2026,411340,Leópolis - PR,2,5,377,5.03,,,,,,,,,
7/31/2026,8/4/2026,431160,Liberato Salzano - RS,5,3,375,-,,,,,,,,,
7/31/2026,8/4/2026,313850,Liberdade - MG,7,2,465,-,,,,,,,,,
7/31/2026,8/4/2026,291940,Licínio de Almeida - BA,4,1,734,41.20,,,,,,,,,
7/31/2026,8/4/2026,411342,Lidianópolis - PR,2,1,393,-,,,,,,,,,
7/31/2026,8/4/2026,210600,Lima Campos - MA,12,3,495,-,,,,,,,,,
7/31/2026,8/4/2026,313860,Lima Duarte - MG,32,27,2456,80.38,,,,,,,,,
7/31/2026,8/4/2026,352690,Limeira - SP,931,517,50671,33.30,,,,,,,,,
7/31/2026,8/4/2026,313862,Limeira do Oeste - MG,16,4,743,-,,,,,,,,,
7/31/2026,8/4/2026,260890,Limoeiro - PE,65,30,4826,9.85,,,,,,,,,
7/31/2026,8/4/2026,270420,Limoeiro de Anadia - AL,14,10,803,-,,,,,,,,,
7/31/2026,8/4/2026,150400,Limoeiro do Ajuru - PA,8,2,377,32.00,,,,,,,,,
7/31/2026,8/4/2026,230760,Limoeiro do Norte - CE,72,48,4720,15.41,,,,,,,,,
7/31/2026,8/4/2026,411345,Lindoeste - PR,7,5,550,-,,,,,,,,,
7/31/2026,8/4/2026,352700,Lindóia - SP,15,11,1107,23.83,,,,,,,,,
7/31/2026,8/4/2026,420985,Lindóia do Sul - SC,1,1,480,-,,,,,,,,,
7/31/2026,8/4/2026,431162,Lindolfo Collor - RS,13,9,762,32.90,,,,,,,,,
7/31/2026,8/4/2026,431164,Linha Nova - RS,2,1,163,-,,,,,,,,,
7/31/2026,8/4/2026,320320,Linhares - ES,530,242,24896,16.92,,,,,,,,,
7/31/2026,8/4/2026,352710,Lins - SP,193,99,10115,33.98,,,,,,,,,
7/31/2026,8/4/2026,250850,Livramento - PB,3,4,221,-,,,,,,,,,
7/31/2026,8/4/2026,291950,Livramento de Nossa Senhora - BA,39,24,3605,73.24,,,,,,,,,
7/31/2026,8/4/2026,171240,Lizarda - TO,3,1,131,-,,,,,,,,,
7/31/2026,8/4/2026,411350,Loanda - PR,73,12,3984,32.79,,,,,,,,,
7/31/2026,8/4/2026,411360,Lobato - PR,13,5,736,15.63,,,,,,,,,
7/31/2026,8/4/2026,250855,Logradouro - PB,4,1,229,-,,,,,,,,,
7/31/2026,8/4/2026,411370,Londrina - PR,2077,1107,106149,1.22,,,,,,,,,
7/31/2026,8/4/2026,313865,Lontra - MG,4,3,490,-,,,,,,,,,
7/31/2026,8/4/2026,420990,Lontras - SC,44,22,2279,16.18,,,,,,,,,
7/31/2026,8/4/2026,352720,Lorena - SP,260,134,9950,64.95,,,,,,,,,
7/31/2026,8/4/2026,210610,Loreto - MA,4,3,367,-,,,,,,,,,
7/31/2026,8/4/2026,352725,Lourdes - SP,3,3,241,-,,,,,,,,,
7/31/2026,8/4/2026,352730,Louveira - SP,123,87,7244,26.16,,,,,,,,,
7/31/2026,8/4/2026,510525,Lucas do Rio Verde - MT,326,146,15552,15.08,,,,,,,,,
7/31/2026,8/4/2026,352740,Lucélia - SP,30,17,2095,5.46,,,,,,,,,
7/31/2026,8/4/2026,250860,Lucena - PB,7,8,790,-,,,,,,,,,
7/31/2026,8/4/2026,352750,Lucianópolis - SP,4,2,231,-,,,,,,,,,
7/31/2026,8/4/2026,510530,Luciara - MT,7,3,331,15.85,,,,,,,,,
7/31/2026,8/4/2026,240690,Lucrécia - RN,0,2,205,-,,,,,,,,,
7/31/2026,8/4/2026,352760,Luís Antônio - SP,45,10,1488,-,,,,,,,,,
7/31/2026,8/4/2026,220570,Luís Correia - PI,19,5,1176,2.63,,,,,,,,,
7/31/2026,8/4/2026,210620,Luís Domingues - MA,3,2,213,-,,,,,,,,,
7/31/2026,8/4/2026,291955,Luís Eduardo Magalhães - BA,374,192,20462,14.19,,,,,,,,,
7/31/2026,8/4/2026,240700,Luís Gomes - RN,3,1,261,-,,,,,,,,,
7/31/2026,8/4/2026,313867,Luisburgo - MG,5,2,321,-,,,,,,,,,
7/31/2026,8/4/2026,313868,Luislândia - MG,6,3,175,-,,,,,,,,,
7/31/2026,8/4/2026,421000,Luiz Alves - SC,33,7,2075,51.06,,,,,,,,,
7/31/2026,8/4/2026,411373,Luiziana - PR,15,6,634,-,,,,,,,,,
7/31/2026,8/4/2026,352770,Luiziânia - SP,8,1,427,1.67,,,,,,,,,
7/31/2026,8/4/2026,313870,Luminárias - MG,12,5,622,-,,,,,,,,,
7/31/2026,8/4/2026,411375,Lunardelli - PR,4,3,437,-,,,,,,,,,
7/31/2026,8/4/2026,352780,Lupércio - SP,10,5,344,-,,,,,,,,,
7/31/2026,8/4/2026,411380,Lupionópolis - PR,9,2,526,3.01,,,,,,,,,
7/31/2026,8/4/2026,352790,Lutécia - SP,2,1,297,-,,,,,,,,,
7/31/2026,8/4/2026,313880,Luz - MG,34,27,2611,18.35,,,,,,,,,
7/31/2026,8/4/2026,421003,Luzerna - SC,11,9,1033,-,,,,,,,,,
7/31/2026,8/4/2026,521250,Luziânia - GO,485,282,21160,1.42,,,,,,,,,
7/31/2026,8/4/2026,220580,Luzilândia - PI,11,4,953,-,,,,,,,,,
7/31/2026,8/4/2026,171245,Luzinópolis - TO,1,0,133,-,,,,,,,,,
7/31/2026,8/4/2026,330240,Macaé - RJ,632,359,30335,34.60,,,,,,,,,
7/31/2026,8/4/2026,240710,Macaíba - RN,79,55,5110,54.22,,,,,,,,,
7/31/2026,8/4/2026,291960,Macajuba - BA,2,2,318,-,,,,,,,,,
7/31/2026,8/4/2026,431171,Maçambará - RS,2,2,317,-,,,,,,,,,
7/31/2026,8/4/2026,280370,Macambira - SE,3,7,194,0.07,,,,,,,,,
7/31/2026,8/4/2026,160030,Macapá - AP,716,332,33027,14.70,,,,,,,,,
7/31/2026,8/4/2026,260900,Macaparana - PE,10,4,1011,-,,,,,,,,,
7/31/2026,8/4/2026,291970,Macarani - BA,6,5,661,-,,,,,,,,,
7/31/2026,8/4/2026,352800,Macatuba - SP,34,13,1862,66.00,,,,,,,,,
7/31/2026,8/4/2026,240720,Macau - RN,26,25,1986,-,,,,,,,,,
7/31/2026,8/4/2026,352810,Macaubal - SP,7,3,879,16.37,,,,,,,,,
7/31/2026,8/4/2026,291980,Macaúbas - BA,21,16,2014,27.66,,,,,,,,,
7/31/2026,8/4/2026,352820,Macedônia - SP,6,2,386,-,,,,,,,,,
7/31/2026,8/4/2026,270430,Maceió - AL,2292,1363,107386,3.36,,,,,,,,,
7/31/2026,8/4/2026,313890,Machacalis - MG,9,4,496,0.13,,,,,,,,,
7/31/2026,8/4/2026,431170,Machadinho - RS,11,10,747,6.45,,,,,,,,,
7/31/2026,8/4/2026,110013,Machadinho D'Oeste - RO,31,21,1992,19.97,,,,,,,,,
7/31/2026,8/4/2026,313900,Machado - MG,74,42,4993,33.57,,,,,,,,,
7/31/2026,8/4/2026,260910,Machados - PE,10,2,461,-,,,,,,,,,
7/31/2026,8/4/2026,421005,Macieira - SC,6,6,186,-,,,,,,,,,
7/31/2026,8/4/2026,330245,Macuco - RJ,10,12,1048,-,,,,,,,,,
7/31/2026,8/4/2026,291990,Macururé - BA,5,0,175,-,,,,,,,,,
7/31/2026,8/4/2026,230763,Madalena - CE,8,6,646,20.03,,,,,,,,,
7/31/2026,8/4/2026,220585,Madeiro - PI,4,4,116,-,,,,,,,,,
7/31/2026,8/4/2026,291992,Madre de Deus - BA,36,7,1383,49.33,,,,,,,,,
7/31/2026,8/4/2026,313910,Madre de Deus de Minas - MG,8,4,539,-,,,,,,,,,
7/31/2026,8/4/2026,250870,Mãe D'Água - PB,1,1,74,-,,,,,,,,,
7/31/2026,8/4/2026,150405,Mãe do Rio - PA,13,5,1663,-,,,,,,,,,
7/31/2026,8/4/2026,291995,Maetinga - BA,12,5,339,-,,,,,,,,,
7/31/2026,8/4/2026,421010,Mafra - SC,155,86,7654,2.75,,,,,,,,,
7/31/2026,8/4/2026,150410,Magalhães Barata - PA,4,1,172,-,,,,,,,,,
7/31/2026,8/4/2026,210630,Magalhães de Almeida - MA,6,6,482,0.25,,,,,,,,,
7/31/2026,8/4/2026,352830,Magda - SP,6,1,351,-,,,,,,,,,
7/31/2026,8/4/2026,330250,Magé - RJ,577,296,23680,19.08,,,,,,,,,
7/31/2026,8/4/2026,292000,Maiquinique - BA,4,1,429,-,,,,,,,,,
7/31/2026,8/4/2026,292010,Mairi - BA,11,5,767,-,,,,,,,,,
7/31/2026,8/4/2026,352840,Mairinque - SP,118,81,6369,30.95,,,,,,,,,
7/31/2026,8/4/2026,352850,Mairiporã - SP,237,116,12124,27.20,,,,,,,,,
7/31/2026,8/4/2026,521260,Mairipotaba - GO,2,0,246,1.67,,,,,,,,,
7/31/2026,8/4/2026,421020,Major Gercino - SC,5,0,377,-,,,,,,,,,
7/31/2026,8/4/2026,270440,Major Isidoro - AL,12,5,535,17.55,,,,,,,,,
7/31/2026,8/4/2026,240725,Major Sales - RN,2,0,183,77.12,,,,,,,,,
7/31/2026,8/4/2026,421030,Major Vieira - SC,11,7,598,-,,,,,,,,,
7/31/2026,8/4/2026,313920,Malacacheta - MG,14,6,1385,5.03,,,,,,,,,
7/31/2026,8/4/2026,292020,Malhada - BA,7,1,411,-,,,,,,,,,
7/31/2026,8/4/2026,292030,Malhada de Pedras - BA,7,3,437,25.19,,,,,,,,,
7/31/2026,8/4/2026,280380,Malhada dos Bois - SE,0,0,165,-,,,,,,,,,
7/31/2026,8/4/2026,280390,Malhador - SE,4,3,307,-,,,,,,,,,
7/31/2026,8/4/2026,411390,Mallet - PR,16,6,1417,33.55,,,,,,,,,
7/31/2026,8/4/2026,250880,Malta - PB,7,5,297,-,,,,,,,,,
7/31/2026,8/4/2026,250890,Mamanguape - PB,64,26,3148,22.81,,,,,,,,,
7/31/2026,8/4/2026,521270,Mambaí - GO,16,8,775,20.11,,,,,,,,,
7/31/2026,8/4/2026,411400,Mamborê - PR,13,8,1552,25.60,,,,,,,,,
7/31/2026,8/4/2026,313925,Mamonas - MG,5,2,239,15.77,,,,,,,,,
7/31/2026,8/4/2026,431173,Mampituba - RS,4,3,151,4.83,,,,,,,,,
7/31/2026,8/4/2026,130250,Manacapuru - AM,98,23,4128,5.49,,,,,,,,,
7/31/2026,8/4/2026,250900,Manaíra - PB,5,0,340,0.92,,,,,,,,,
7/31/2026,8/4/2026,130255,Manaquiri - AM,5,5,536,55.41,,,,,,,,,
7/31/2026,8/4/2026,260915,Manari - PE,2,4,238,-,,,,,,,,,
7/31/2026,8/4/2026,130260,Manaus - AM,4923,2143,208951,7.71,,,,,,,,,
7/31/2026,8/4/2026,120033,Mâncio Lima - AC,8,5,491,-,,,,,,,,,
7/31/2026,8/4/2026,411410,Mandaguaçu - PR,98,45,5480,43.51,,,,,,,,,
7/31/2026,8/4/2026,411420,Mandaguari - PR,105,58,5143,15.59,,,,,,,,,
7/31/2026,8/4/2026,411430,Mandirituba - PR,48,32,3294,171.83,,,,,,,,,
7/31/2026,8/4/2026,352860,Manduri - SP,19,6,1147,10.85,,,,,,,,,
7/31/2026,8/4/2026,411435,Manfrinópolis - PR,7,2,213,20.05,,,,,,,,,
7/31/2026,8/4/2026,313930,Manga - MG,11,5,1017,13.27,,,,,,,,,
7/31/2026,8/4/2026,330260,Mangaratiba - RJ,85,62,5071,28.47,,,,,,,,,
7/31/2026,8/4/2026,411440,Mangueirinha - PR,26,23,1895,38.81,,,,,,,,,
7/31/2026,8/4/2026,313940,Manhuaçu - MG,190,116,11454,28.82,,,,,,,,,
7/31/2026,8/4/2026,313950,Manhumirim - MG,37,20,2188,43.20,,,,,,,,,
7/31/2026,8/4/2026,130270,Manicoré - AM,20,8,1800,0.75,,,,,,,,,
7/31/2026,8/4/2026,220590,Manoel Emídio - PI,2,3,267,-,,,,,,,,,
7/31/2026,8/4/2026,411450,Manoel Ribas - PR,15,7,1252,68.25,,,,,,,,,
7/31/2026,8/4/2026,120034,Manoel Urbano - AC,6,3,349,-,,,,,,,,,
7/31/2026,8/4/2026,431175,Manoel Viana - RS,8,9,900,0.05,,,,,,,,,
7/31/2026,8/4/2026,292040,Manoel Vitorino - BA,5,3,554,25.26,,,,,,,,,
7/31/2026,8/4/2026,292045,Mansidão - BA,2,0,234,-,,,,,,,,,
7/31/2026,8/4/2026,313960,Mantena - MG,45,32,3004,25.85,,,,,,,,,
7/31/2026,8/4/2026,320330,Mantenópolis - ES,4,5,1109,-,,,,,,,,,
7/31/2026,8/4/2026,431177,Maquiné - RS,13,8,796,0.00,,,,,,,,,
7/31/2026,8/4/2026,313980,Mar de Espanha - MG,25,15,1711,23.42,,,,,,,,,
7/31/2026,8/4/2026,270490,Mar Vermelho - AL,2,0,114,16.01,,,,,,,,,
7/31/2026,8/4/2026,521280,Mara Rosa - GO,17,11,1442,12.96,,,,,,,,,
7/31/2026,8/4/2026,130280,Maraã - AM,4,1,231,-,,,,,,,,,
7/31/2026,8/4/2026,150420,Marabá - PA,440,222,24607,32.66,,,,,,,,,
7/31/2026,8/4/2026,352870,Marabá Paulista - SP,5,0,162,-,,,,,,,,,
7/31/2026,8/4/2026,210632,Maracaçumé - MA,5,8,760,0.01,,,,,,,,,
7/31/2026,8/4/2026,352880,Maracaí - SP,14,11,1430,4.47,,,,,,,,,
7/31/2026,8/4/2026,421040,Maracajá - SC,21,12,1083,16.81,,,,,,,,,
7/31/2026,8/4/2026,500540,Maracaju - MS,90,40,5714,9.09,,,,,,,,,
7/31/2026,8/4/2026,150430,Maracanã - PA,7,5,634,-,,,,,,,,,
7/31/2026,8/4/2026,230765,Maracanaú - CE,484,248,19900,8.64,,,,,,,,,
7/31/2026,8/4/2026,292050,Maracás - BA,40,11,1816,19.89,,,,,,,,,
7/31/2026,8/4/2026,270450,Maragogi - AL,55,24,2802,5.76,,,,,,,,,
7/31/2026,8/4/2026,292060,Maragogipe - BA,25,10,1165,-,,,,,,,,,
7/31/2026,8/4/2026,260920,Maraial - PE,2,1,261,-,,,,,,,,,
7/31/2026,8/4/2026,210635,Marajá do Sena - MA,0,0,80,-,,,,,,,,,
7/31/2026,8/4/2026,230770,Maranguape - CE,132,72,5707,25.43,,,,,,,,,
7/31/2026,8/4/2026,210637,Maranhãozinho - MA,3,1,244,-,,,,,,,,,
7/31/2026,8/4/2026,150440,Marapanim - PA,4,3,618,-,,,,,,,,,
7/31/2026,8/4/2026,352885,Marapoama - SP,10,4,592,-,,,,,,,,,
7/31/2026,8/4/2026,431179,Maratá - RS,4,1,288,-,,,,,,,,,
7/31/2026,8/4/2026,320332,Marataízes - ES,147,86,5539,2.09,,,,,,,,,
7/31/2026,8/4/2026,292070,Maraú - BA,28,17,2194,-,,,,,,,,,
7/31/2026,8/4/2026,431180,Marau - RS,119,54,6376,16.31,,,,,,,,,
7/31/2026,8/4/2026,270460,Maravilha - AL,5,3,244,17.43,,,,,,,,,
7/31/2026,8/4/2026,421050,Maravilha - SC,79,51,5239,13.29,,,,,,,,,
7/31/2026,8/4/2026,313970,Maravilhas - MG,11,7,950,-,,,,,,,,,
7/31/2026,8/4/2026,250905,Marcação - PB,3,5,199,-,,,,,,,,,
7/31/2026,8/4/2026,510558,Marcelândia - MT,32,22,1643,11.65,,,,,,,,,
7/31/2026,8/4/2026,431190,Marcelino Ramos - RS,6,5,697,-,,,,,,,,,
7/31/2026,8/4/2026,240730,Marcelino Vieira - RN,10,3,339,23.81,,,,,,,,,
7/31/2026,8/4/2026,292080,Marcionílio Souza - BA,2,7,318,-,,,,,,,,,
7/31/2026,8/4/2026,230780,Marco - CE,27,9,1403,10.34,,,,,,,,,
7/31/2026,8/4/2026,220595,Marcolândia - PI,9,6,527,-,,,,,,,,,
7/31/2026,8/4/2026,220600,Marcos Parente - PI,3,2,175,-,,,,,,,,,
7/31/2026,8/4/2026,411460,Marechal Cândido Rondon - PR,131,61,9135,4.84,,,,,,,,,
7/31/2026,8/4/2026,270470,Marechal Deodoro - AL,135,66,5355,41.79,,,,,,,,,
7/31/2026,8/4/2026,320334,Marechal Floriano - ES,37,18,2528,20.51,,,,,,,,,
7/31/2026,8/4/2026,120035,Marechal Thaumaturgo - AC,7,1,333,32.53,,,,,,,,,
7/31/2026,8/4/2026,421055,Marema - SC,0,0,205,-,,,,,,,,,
7/31/2026,8/4/2026,250910,Mari - PB,14,7,1134,-,,,,,,,,,
7/31/2026,8/4/2026,313990,Maria da Fé - MG,37,18,1397,13.71,,,,,,,,,
7/31/2026,8/4/2026,411470,Maria Helena - PR,15,6,522,2.48,,,,,,,,,
7/31/2026,8/4/2026,411480,Marialva - PR,118,51,6819,40.27,,,,,,,,,
7/31/2026,8/4/2026,314000,Mariana - MG,145,76,6924,70.73,,,,,,,,,
7/31/2026,8/4/2026,431198,Mariana Pimentel - RS,1,1,274,-,,,,,,,,,
7/31/2026,8/4/2026,431200,Mariano Moro - RS,0,0,175,-,,,,,,,,,
7/31/2026,8/4/2026,171250,Marianópolis do Tocantins - TO,7,7,437,0.66,,,,,,,,,
7/31/2026,8/4/2026,352890,Mariápolis - SP,4,0,313,-,,,,,,,,,
7/31/2026,8/4/2026,270480,Maribondo - AL,22,18,596,-,,,,,,,,,
7/31/2026,8/4/2026,330270,Maricá - RJ,544,379,35138,13.71,,,,,,,,,
7/31/2026,8/4/2026,314010,Marilac - MG,7,0,309,-,,,,,,,,,
7/31/2026,8/4/2026,320335,Marilândia - ES,18,13,1503,61.15,,,,,,,,,
7/31/2026,8/4/2026,411490,Marilândia do Sul - PR,17,6,821,142.63,,,,,,,,,
7/31/2026,8/4/2026,411500,Marilena - PR,16,9,748,-,,,,,,,,,
7/31/2026,8/4/2026,352900,Marília - SP,707,452,40959,26.22,,,,,,,,,
7/31/2026,8/4/2026,411510,Mariluz - PR,14,8,697,11.48,,,,,,,,,
7/31/2026,8/4/2026,411520,Maringá - PR,1820,898,104162,5.03,,,,,,,,,
7/31/2026,8/4/2026,352910,Marinópolis - SP,1,2,152,-,,,,,,,,,
7/31/2026,8/4/2026,314015,Mário Campos - MG,35,16,1844,10.01,,,,,,,,,
7/31/2026,8/4/2026,411530,Mariópolis - PR,14,5,885,7.34,,,,,,,,,
7/31/2026,8/4/2026,411535,Maripá - PR,6,8,820,-,,,,,,,,,
7/31/2026,8/4/2026,314020,Maripá de Minas - MG,7,6,427,-,,,,,,,,,
7/31/2026,8/4/2026,150442,Marituba - PA,139,78,7033,54.81,,,,,,,,,
7/31/2026,8/4/2026,250915,Marizópolis - PB,5,2,275,-,,,,,,,,,
7/31/2026,8/4/2026,314030,Marliéria - MG,5,6,404,-,,,,,,,,,
7/31/2026,8/4/2026,411540,Marmeleiro - PR,24,13,2064,14.67,,,,,,,,,
7/31/2026,8/4/2026,314040,Marmelópolis - MG,1,2,291,-,,,,,,,,,
7/31/2026,8/4/2026,431205,Marques de Souza - RS,8,5,414,29.22,,,,,,,,,
7/31/2026,8/4/2026,411545,Marquinho - PR,7,2,254,0.36,,,,,,,,,
7/31/2026,8/4/2026,314050,Martinho Campos - MG,34,15,2159,121.98,,,,,,,,,
7/31/2026,8/4/2026,230790,Martinópole - CE,7,5,415,56.00,,,,,,,,,
7/31/2026,8/4/2026,352920,Martinópolis - SP,44,23,2502,7.67,,,,,,,,,
7/31/2026,8/4/2026,240740,Martins - RN,12,4,566,-,,,,,,,,,
7/31/2026,8/4/2026,314053,Martins Soares - MG,16,14,704,-,,,,,,,,,
7/31/2026,8/4/2026,280400,Maruim - SE,11,5,622,-,,,,,,,,,
7/31/2026,8/4/2026,411550,Marumbi - PR,7,7,481,13.90,,,,,,,,,
7/31/2026,8/4/2026,521290,Marzagão - GO,6,2,248,-,,,,,,,,,
7/31/2026,8/4/2026,292090,Mascote - BA,8,4,434,-,,,,,,,,,
7/31/2026,8/4/2026,230800,Massapê - CE,29,24,1495,32.15,,,,,,,,,
7/31/2026,8/4/2026,220605,Massapê do Piauí - PI,3,0,99,-,,,,,,,,,
7/31/2026,8/4/2026,250920,Massaranduba - PB,15,8,560,217.68,,,,,,,,,
7/31/2026,8/4/2026,421060,Massaranduba - SC,42,19,2842,14.16,,,,,,,,,
7/31/2026,8/4/2026,431210,Mata - RS,5,5,376,1.00,,,,,,,,,
7/31/2026,8/4/2026,292100,Mata de São João - BA,93,45,4817,25.79,,,,,,,,,
7/31/2026,8/4/2026,270500,Mata Grande - AL,4,6,330,-,,,,,,,,,
7/31/2026,8/4/2026,210640,Mata Roma - MA,7,3,404,0.07,,,,,,,,,
7/31/2026,8/4/2026,314055,Mata Verde - MG,7,9,461,-,,,,,,,,,
7/31/2026,8/4/2026,352930,Matão - SP,211,122,10877,37.13,,,,,,,,,
7/31/2026,8/4/2026,250930,Mataraca - PB,10,3,449,-,,,,,,,,,
7/31/2026,8/4/2026,171270,Mateiros - TO,4,3,291,-,,,,,,,,,
7/31/2026,8/4/2026,411560,Matelândia - PR,50,16,2196,39.16,,,,,,,,,
7/31/2026,8/4/2026,314060,Materlândia - MG,3,0,210,-,,,,,,,,,
7/31/2026,8/4/2026,314070,Mateus Leme - MG,91,36,4054,28.31,,,,,,,,,
7/31/2026,8/4/2026,317150,Mathias Lobato - MG,4,1,208,-,,,,,,,,,
7/31/2026,8/4/2026,314080,Matias Barbosa - MG,41,20,2087,0.76,,,,,,,,,
7/31/2026,8/4/2026,314085,Matias Cardoso - MG,8,1,423,38.43,,,,,,,,,
7/31/2026,8/4/2026,220610,Matias Olímpio - PI,2,4,336,-,,,,,,,,,
7/31/2026,8/4/2026,292105,Matina - BA,2,1,249,-,,,,,,,,,
7/31/2026,8/4/2026,210650,Matinha - MA,9,11,432,-,,,,,,,,,
7/31/2026,8/4/2026,250933,Matinhas - PB,4,0,94,-,,,,,,,,,
7/31/2026,8/4/2026,411570,Matinhos - PR,135,73,6944,17.67,,,,,,,,,
7/31/2026,8/4/2026,314090,Matipó - MG,31,14,1413,-,,,,,,,,,
7/31/2026,8/4/2026,431213,Mato Castelhano - RS,3,1,204,42.04,,,,,,,,,
7/31/2026,8/4/2026,250937,Mato Grosso - PB,1,0,76,-,,,,,,,,,
7/31/2026,8/4/2026,431215,Mato Leitão - RS,8,6,620,0.20,,,,,,,,,
7/31/2026,8/4/2026,431217,Mato Queimado - RS,2,1,124,-,,,,,,,,,
7/31/2026,8/4/2026,411573,Mato Rico - PR,3,2,175,-,,,,,,,,,
7/31/2026,8/4/2026,314100,Mato Verde - MG,10,11,923,66.74,,,,,,,,,
7/31/2026,8/4/2026,210660,Matões - MA,5,4,607,0.00,,,,,,,,,
7/31/2026,8/4/2026,210663,Matões do Norte - MA,0,3,148,-,,,,,,,,,
7/31/2026,8/4/2026,421070,Matos Costa - SC,4,3,282,240.13,,,,,,,,,
7/31/2026,8/4/2026,314110,Matozinhos - MG,110,76,4630,20.74,,,,,,,,,
7/31/2026,8/4/2026,521295,Matrinchã - GO,8,7,496,162.72,,,,,,,,,
7/31/2026,8/4/2026,270510,Matriz de Camaragibe - AL,20,9,971,24.74,,,,,,,,,
7/31/2026,8/4/2026,510560,Matupá - MT,68,20,3316,17.94,,,,,,,,,
7/31/2026,8/4/2026,250939,Maturéia - PB,5,2,282,167.96,,,,,,,,,
7/31/2026,8/4/2026,314120,Matutina - MG,5,1,434,0.12,,,,,,,,,
7/31/2026,8/4/2026,352940,Mauá - SP,1091,521,46245,38.41,,,,,,,,,
7/31/2026,8/4/2026,411575,Mauá da Serra - PR,20,6,1246,55.57,,,,,,,,,
7/31/2026,8/4/2026,130290,Maués - AM,18,8,1651,0.41,,,,,,,,,
7/31/2026,8/4/2026,521300,Maurilândia - GO,14,4,771,-,,,,,,,,,
7/31/2026,8/4/2026,171280,Maurilândia do Tocantins - TO,1,0,144,-,,,,,,,,,
7/31/2026,8/4/2026,230810,Mauriti - CE,26,26,1508,34.93,,,,,,,,,
7/31/2026,8/4/2026,240750,Maxaranguape - RN,5,8,467,-,,,,,,,,,
7/31/2026,8/4/2026,431220,Maximiliano de Almeida - RS,7,4,545,17.75,,,,,,,,,
7/31/2026,8/4/2026,160040,Mazagão - AP,18,9,517,0.00,,,,,,,,,
7/31/2026,8/4/2026,314130,Medeiros - MG,8,4,348,-,,,,,,,,,
7/31/2026,8/4/2026,292110,Medeiros Neto - BA,23,6,1393,-,,,,,,,,,
7/31/2026,8/4/2026,411580,Medianeira - PR,124,72,8109,11.61,,,,,,,,,
7/31/2026,8/4/2026,150445,Medicilândia - PA,17,8,1155,48.30,,,,,,,,,
7/31/2026,8/4/2026,314140,Medina - MG,21,10,1369,2.47,,,,,,,,,
7/31/2026,8/4/2026,421080,Meleiro - SC,18,8,982,-,,,,,,,,,
7/31/2026,8/4/2026,150450,Melgaço - PA,10,1,341,-,,,,,,,,,
7/31/2026,8/4/2026,330280,Mendes - RJ,32,18,1823,37.76,,,,,,,,,
7/31/2026,8/4/2026,314150,Mendes Pimentel - MG,6,0,510,-,,,,,,,,,
7/31/2026,8/4/2026,352950,Mendonça - SP,14,4,848,-,,,,,,,,,
7/31/2026,8/4/2026,411585,Mercedes - PR,18,3,950,22.32,,,,,,,,,
7/31/2026,8/4/2026,314160,Mercês - MG,20,8,979,20.75,,,,,,,,,
7/31/2026,8/4/2026,352960,Meridiano - SP,3,1,459,-,,,,,,,,,
7/31/2026,8/4/2026,230820,Meruoca - CE,12,12,777,37.90,,,,,,,,,
7/31/2026,8/4/2026,352965,Mesópolis - SP,1,1,131,2.12,,,,,,,,,
7/31/2026,8/4/2026,314170,Mesquita - MG,3,1,322,-,,,,,,,,,
7/31/2026,8/4/2026,330285,Mesquita - RJ,401,200,16145,1.61,,,,,,,,,
7/31/2026,8/4/2026,270520,Messias - AL,14,10,760,96.54,,,,,,,,,
7/31/2026,8/4/2026,240760,Messias Targino - RN,2,2,179,-,,,,,,,,,
7/31/2026,8/4/2026,220620,Miguel Alves - PI,12,8,744,7.40,,,,,,,,,
7/31/2026,8/4/2026,292120,Miguel Calmon - BA,15,10,1478,5.30,,,,,,,,,
7/31/2026,8/4/2026,220630,Miguel Leão - PI,2,1,64,-,,,,,,,,,
7/31/2026,8/4/2026,330290,Miguel Pereira - RJ,59,24,3463,0.35,,,,,,,,,
7/31/2026,8/4/2026,352970,Miguelópolis - SP,26,16,1996,61.17,,,,,,,,,
7/31/2026,8/4/2026,292130,Milagres - BA,11,3,566,-,,,,,,,,,
7/31/2026,8/4/2026,230830,Milagres - CE,15,11,922,0.32,,,,,,,,,
7/31/2026,8/4/2026,210667,Milagres do Maranhão - MA,0,1,69,-,,,,,,,,,
7/31/2026,8/4/2026,230835,Milhã - CE,9,5,577,0.00,,,,,,,,,
7/31/2026,8/4/2026,220635,Milton Brandão - PI,1,0,128,-,,,,,,,,,
7/31/2026,8/4/2026,521305,Mimoso de Goiás - GO,1,0,89,-,,,,,,,,,
7/31/2026,8/4/2026,320340,Mimoso do Sul - ES,41,23,2587,3.96,,,,,,,,,
7/31/2026,8/4/2026,521308,Minaçu - GO,32,18,2245,16.30,,,,,,,,,
7/31/2026,8/4/2026,270530,Minador do Negrão - AL,2,0,149,-,,,,,,,,,
7/31/2026,8/4/2026,431225,Minas do Leão - RS,10,3,663,-,,,,,,,,,
7/31/2026,8/4/2026,314180,Minas Novas - MG,26,10,1570,0.23,,,,,,,,,
7/31/2026,8/4/2026,314190,Minduri - MG,9,4,443,0.14,,,,,,,,,
7/31/2026,8/4/2026,521310,Mineiros - GO,192,79,9568,16.79,,,,,,,,,
7/31/2026,8/4/2026,352980,Mineiros do Tietê - SP,21,14,1353,60.70,,,,,,,,,
7/31/2026,8/4/2026,110120,Ministro Andreazza - RO,8,1,392,-,,,,,,,,,
7/31/2026,8/4/2026,353000,Mira Estrela - SP,5,3,374,2.43,,,,,,,,,
7/31/2026,8/4/2026,314200,Mirabela - MG,19,5,779,37.60,,,,,,,,,
7/31/2026,8/4/2026,352990,Miracatu - SP,37,18,1873,6.08,,,,,,,,,
7/31/2026,8/4/2026,330300,Miracema - RJ,40,25,2926,65.87,,,,,,,,,
7/31/2026,8/4/2026,171320,Miracema do Tocantins - TO,23,14,1660,0.18,,,,,,,,,
7/31/2026,8/4/2026,210670,Mirador - MA,14,4,549,0.02,,,,,,,,,
7/31/2026,8/4/2026,411590,Mirador - PR,5,1,103,-,,,,,,,,,
7/31/2026,8/4/2026,314210,Miradouro - MG,18,6,835,-,,,,,,,,,
7/31/2026,8/4/2026,431230,Miraguaí - RS,8,6,452,-,,,,,,,,,
7/31/2026,8/4/2026,314220,Miraí - MG,15,16,1195,19.81,,,,,,,,,
7/31/2026,8/4/2026,230837,Miraíma - CE,12,3,264,20.20,,,,,,,,,
7/31/2026,8/4/2026,500560,Miranda - MS,31,12,1594,15.77,,,,,,,,,
7/31/2026,8/4/2026,210675,Miranda do Norte - MA,14,2,646,14.40,,,,,,,,,
7/31/2026,8/4/2026,260930,Mirandiba - PE,3,4,436,-,,,,,,,,,
7/31/2026,8/4/2026,353010,Mirandópolis - SP,34,12,2354,30.34,,,,,,,,,
7/31/2026,8/4/2026,292140,Mirangaba - BA,4,3,513,-,,,,,,,,,
7/31/2026,8/4/2026,171330,Miranorte - TO,12,11,1301,0.01,,,,,,,,,
7/31/2026,8/4/2026,292145,Mirante - BA,8,2,316,-,,,,,,,,,
7/31/2026,8/4/2026,110130,Mirante da Serra - RO,12,5,596,12.16,,,,,,,,,
7/31/2026,8/4/2026,353020,Mirante do Paranapanema - SP,20,6,964,24.24,,,,,,,,,
7/31/2026,8/4/2026,411600,Miraselva - PR,4,3,211,-,,,,,,,,,
7/31/2026,8/4/2026,353030,Mirassol - SP,209,93,10558,59.79,,,,,,,,,
7/31/2026,8/4/2026,510562,Mirassol D'Oeste - MT,65,23,2908,24.67,,,,,,,,,
7/31/2026,8/4/2026,353040,Mirassolândia - SP,10,5,535,3.99,,,,,,,,,
7/31/2026,8/4/2026,314225,Miravânia - MG,3,1,134,-,,,,,,,,,
7/31/2026,8/4/2026,421085,Mirim Doce - SC,5,4,258,-,,,,,,,,,
7/31/2026,8/4/2026,210680,Mirinzal - MA,4,5,427,-,,,,,,,,,
7/31/2026,8/4/2026,411605,Missal - PR,20,7,1636,6.93,,,,,,,,,
7/31/2026,8/4/2026,230840,Missão Velha - CE,13,9,1026,24.00,,,,,,,,,
7/31/2026,8/4/2026,150460,Mocajuba - PA,6,1,692,-,,,,,,,,,
7/31/2026,8/4/2026,353050,Mococa - SP,148,78,8504,21.24,,,,,,,,,
7/31/2026,8/4/2026,421090,Modelo - SC,7,5,678,1.16,,,,,,,,,
7/31/2026,8/4/2026,314230,Moeda - MG,13,6,569,149.77,,,,,,,,,
7/31/2026,8/4/2026,314240,Moema - MG,15,11,996,-,,,,,,,,,
7/31/2026,8/4/2026,250940,Mogeiro - PB,8,5,419,-,,,,,,,,,
7/31/2026,8/4/2026,353060,Mogi das Cruzes - SP,1415,686,67799,35.57,,,,,,,,,
7/31/2026,8/4/2026,353070,Mogi Guaçu - SP,437,240,20636,24.36,,,,,,,,,
7/31/2026,8/4/2026,353080,Mogi Mirim - SP,243,156,13669,22.02,,,,,,,,,
7/31/2026,8/4/2026,521340,Moiporá - GO,2,1,191,-,,,,,,,,,
7/31/2026,8/4/2026,280410,Moita Bonita - SE,9,2,614,14.87,,,,,,,,,
7/31/2026,8/4/2026,150470,Moju - PA,30,18,2165,-,,,,,,,,,
7/31/2026,8/4/2026,150475,Mojuí dos Campos - PA,13,5,708,-,,,,,,,,,
7/31/2026,8/4/2026,230850,Mombaça - CE,12,18,1338,0.00,,,,,,,,,
7/31/2026,8/4/2026,353090,Mombuca - SP,5,5,363,4.57,,,,,,,,,
7/31/2026,8/4/2026,210690,Monção - MA,7,3,353,-,,,,,,,,,
7/31/2026,8/4/2026,353100,Monções - SP,3,4,354,-,,,,,,,,,
7/31/2026,8/4/2026,421100,Mondaí - SC,23,8,1281,118.18,,,,,,,,,
7/31/2026,8/4/2026,353110,Mongaguá - SP,201,124,9419,120.28,,,,,,,,,
7/31/2026,8/4/2026,314250,Monjolos - MG,1,0,137,-,,,,,,,,,
7/31/2026,8/4/2026,220640,Monsenhor Gil - PI,10,2,410,-,,,,,,,,,
7/31/2026,8/4/2026,220650,Monsenhor Hipólito - PI,7,1,212,-,,,,,,,,,
7/31/2026,8/4/2026,314260,Monsenhor Paulo - MG,13,13,867,6.10,,,,,,,,,
7/31/2026,8/4/2026,230860,Monsenhor Tabosa - CE,5,3,598,0.44,,,,,,,,,
7/31/2026,8/4/2026,250950,Montadas - PB,4,1,263,-,,,,,,,,,
7/31/2026,8/4/2026,314270,Montalvânia - MG,21,9,685,-,,,,,,,,,
7/31/2026,8/4/2026,320350,Montanha - ES,37,15,2085,5.82,,,,,,,,,
7/31/2026,8/4/2026,240770,Montanhas - RN,9,2,419,1.17,,,,,,,,,
7/31/2026,8/4/2026,431235,Montauri - RS,2,0,198,-,,,,,,,,,
7/31/2026,8/4/2026,150480,Monte Alegre - PA,29,16,2219,96.58,,,,,,,,,
7/31/2026,8/4/2026,240780,Monte Alegre - RN,19,6,958,34.20,,,,,,,,,
7/31/2026,8/4/2026,521350,Monte Alegre de Goiás - GO,2,1,315,-,,,,,,,,,
7/31/2026,8/4/2026,314280,Monte Alegre de Minas - MG,36,19,2041,31.38,,,,,,,,,
7/31/2026,8/4/2026,280420,Monte Alegre de Sergipe - SE,8,0,528,6.36,,,,,,,,,
7/31/2026,8/4/2026,220660,Monte Alegre do Piauí - PI,4,2,402,5.94,,,,,,,,,
7/31/2026,8/4/2026,353120,Monte Alegre do Sul - SP,27,8,1282,19.90,,,,,,,,,
7/31/2026,8/4/2026,431237,Monte Alegre dos Campos - RS,0,1,137,-,,,,,,,,,
7/31/2026,8/4/2026,353130,Monte Alto - SP,254,180,6837,45.70,,,,,,,,,
7/31/2026,8/4/2026,353140,Monte Aprazível - SP,41,32,2933,32.82,,,,,,,,,
7/31/2026,8/4/2026,314290,Monte Azul - MG,18,6,1359,0.13,,,,,,,,,
7/31/2026,8/4/2026,353150,Monte Azul Paulista - SP,34,19,2721,70.54,,,,,,,,,
7/31/2026,8/4/2026,314300,Monte Belo - MG,19,8,1326,5.24,,,,,,,,,
7/31/2026,8/4/2026,431238,Monte Belo do Sul - RS,7,0,340,18.19,,,,,,,,,
7/31/2026,8/4/2026,421105,Monte Carlo - SC,16,10,793,119.14,,,,,,,,,
7/31/2026,8/4/2026,314310,Monte Carmelo - MG,118,59,6745,24.82,,,,,,,,,
7/31/2026,8/4/2026,421110,Monte Castelo - SC,12,9,893,97.09,,,,,,,,,
7/31/2026,8/4/2026,353160,Monte Castelo - SP,1,3,392,-,,,,,,,,,
7/31/2026,8/4/2026,240790,Monte das Gameleiras - RN,0,0,90,-,,,,,,,,,
7/31/2026,8/4/2026,171360,Monte do Carmo - TO,4,0,285,0.16,,,,,,,,,
7/31/2026,8/4/2026,314315,Monte Formoso - MG,5,2,190,-,,,,,,,,,
7/31/2026,8/4/2026,250960,Monte Horebe - PB,3,4,201,-,,,,,,,,,
7/31/2026,8/4/2026,353180,Monte Mor - SP,190,99,8932,24.05,,,,,,,,,
7/31/2026,8/4/2026,110140,Monte Negro - RO,20,11,654,0.01,,,,,,,,,
7/31/2026,8/4/2026,292150,Monte Santo - BA,11,7,1385,-,,,,,,,,,
7/31/2026,8/4/2026,314320,Monte Santo de Minas - MG,20,25,1800,0.12,,,,,,,,,
7/31/2026,8/4/2026,171370,Monte Santo do Tocantins - TO,3,2,118,-,,,,,,,,,
7/31/2026,8/4/2026,314340,Monte Sião - MG,61,38,4740,16.29,,,,,,,,,
7/31/2026,8/4/2026,250970,Monteiro - PB,27,14,2043,22.97,,,,,,,,,
7/31/2026,8/4/2026,353170,Monteiro Lobato - SP,6,7,613,-,,,,,,,,,
7/31/2026,8/4/2026,270540,Monteirópolis - AL,1,1,178,-,,,,,,,,,
7/31/2026,8/4/2026,431240,Montenegro - RS,136,93,8581,14.56,,,,,,,,,
7/31/2026,8/4/2026,210700,Montes Altos - MA,8,1,195,24.50,,,,,,,,,
7/31/2026,8/4/2026,314330,Montes Claros - MG,1150,733,55313,23.69,,,,,,,,,
7/31/2026,8/4/2026,521370,Montes Claros de Goiás - GO,24,7,1070,6.21,,,,,,,,,
7/31/2026,8/4/2026,314345,Montezuma - MG,1,0,305,-,,,,,,,,,
7/31/2026,8/4/2026,521375,Montividiu - GO,20,10,1443,0.58,,,,,,,,,
7/31/2026,8/4/2026,521377,Montividiu do Norte - GO,3,1,248,-,,,,,,,,,
7/31/2026,8/4/2026,230870,Morada Nova - CE,47,32,2958,28.44,,,,,,,,,
7/31/2026,8/4/2026,314350,Morada Nova de Minas - MG,33,15,1367,4.97,,,,,,,,,
7/31/2026,8/4/2026,230880,Moraújo - CE,5,0,281,-,,,,,,,,,
7/31/2026,8/4/2026,261430,Moreilândia - PE,4,3,291,79.15,,,,,,,,,
7/31/2026,8/4/2026,411610,Moreira Sales - PR,13,8,873,44.52,,,,,,,,,
7/31/2026,8/4/2026,260940,Moreno - PE,74,45,3620,25.96,,,,,,,,,
7/31/2026,8/4/2026,431242,Mormaço - RS,3,3,251,0.15,,,,,,,,,
7/31/2026,8/4/2026,292160,Morpará - BA,7,3,192,-,,,,,,,,,
7/31/2026,8/4/2026,411620,Morretes - PR,39,24,2263,1.81,,,,,,,,,
7/31/2026,8/4/2026,230890,Morrinhos - CE,31,12,1097,7.95,,,,,,,,,
7/31/2026,8/4/2026,521380,Morrinhos - GO,80,61,5819,18.49,,,,,,,,,
7/31/2026,8/4/2026,431244,Morrinhos do Sul - RS,7,0,317,18.86,,,,,,,,,
7/31/2026,8/4/2026,353190,Morro Agudo - SP,63,46,3370,87.96,,,,,,,,,
7/31/2026,8/4/2026,521385,Morro Agudo de Goiás - GO,3,0,156,-,,,,,,,,,
7/31/2026,8/4/2026,220665,Morro Cabeça No Tempo - PI,1,0,151,-,,,,,,,,,
7/31/2026,8/4/2026,421120,Morro da Fumaça - SC,61,28,2949,57.15,,,,,,,,,
7/31/2026,8/4/2026,314360,Morro da Garça - MG,2,2,166,-,,,,,,,,,
7/31/2026,8/4/2026,292170,Morro do Chapéu - BA,23,12,1997,6.62,,,,,,,,,
7/31/2026,8/4/2026,220667,Morro do Chapéu do Piauí - PI,3,3,123,-,,,,,,,,,
7/31/2026,8/4/2026,314370,Morro do Pilar - MG,2,1,376,-,,,,,,,,,
7/31/2026,8/4/2026,421125,Morro Grande - SC,8,0,265,2.10,,,,,,,,,
7/31/2026,8/4/2026,431245,Morro Redondo - RS,11,3,652,12.11,,,,,,,,,
7/31/2026,8/4/2026,431247,Morro Reuter - RS,12,7,928,0.00,,,,,,,,,
7/31/2026,8/4/2026,210710,Morros - MA,7,5,441,0.01,,,,,,,,,
7/31/2026,8/4/2026,292180,Mortugaba - BA,7,5,641,-,,,,,,,,,
7/31/2026,8/4/2026,353200,Morungaba - SP,29,19,2120,205.34,,,,,,,,,
7/31/2026,8/4/2026,521390,Mossâmedes - GO,4,3,463,-,,,,,,,,,
7/31/2026,8/4/2026,240800,Mossoró - RN,456,268,27880,19.91,,,,,,,,,
7/31/2026,8/4/2026,431250,Mostardas - RS,28,21,1449,24.00,,,,,,,,,
7/31/2026,8/4/2026,353205,Motuca - SP,5,1,361,-,,,,,,,,,
7/31/2026,8/4/2026,521400,Mozarlândia - GO,16,18,1553,45.69,,,,,,,,,
7/31/2026,8/4/2026,150490,Muaná - PA,10,6,569,92.95,,,,,,,,,
7/31/2026,8/4/2026,140030,Mucajaí - RR,18,9,749,263.75,,,,,,,,,
7/31/2026,8/4/2026,230900,Mucambo - CE,10,7,623,14.23,,,,,,,,,
7/31/2026,8/4/2026,292190,Mucugê - BA,14,1,891,-,,,,,,,,,
7/31/2026,8/4/2026,431260,Muçum - RS,6,3,617,41.55,,,,,,,,,
7/31/2026,8/4/2026,292200,Mucuri - BA,55,45,3081,70.22,,,,,,,,,
7/31/2026,8/4/2026,320360,Mucurici - ES,6,3,492,-,,,,,,,,,
7/31/2026,8/4/2026,431261,Muitos Capões - RS,3,1,275,0.08,,,,,,,,,
7/31/2026,8/4/2026,431262,Muliterno - RS,0,1,151,-,,,,,,,,,
7/31/2026,8/4/2026,230910,Mulungu - CE,5,5,424,-,,,,,,,,,
7/31/2026,8/4/2026,250980,Mulungu - PB,8,4,385,0.00,,,,,,,,,
7/31/2026,8/4/2026,292205,Mulungu do Morro - BA,2,2,376,-,,,,,,,,,
7/31/2026,8/4/2026,292210,Mundo Novo - BA,12,9,790,-,,,,,,,,,
7/31/2026,8/4/2026,521405,Mundo Novo - GO,4,8,479,1.95,,,,,,,,,
7/31/2026,8/4/2026,500568,Mundo Novo - MS,27,24,2440,84.00,,,,,,,,,
7/31/2026,8/4/2026,314380,Munhoz - MG,9,4,630,8.94,,,,,,,,,
7/31/2026,8/4/2026,411630,Munhoz de Melo - PR,8,6,583,-,,,,,,,,,
7/31/2026,8/4/2026,292220,Muniz Ferreira - BA,8,2,278,-,,,,,,,,,
7/31/2026,8/4/2026,320370,Muniz Freire - ES,17,14,1626,112.36,,,,,,,,,
7/31/2026,8/4/2026,292225,Muquém de São Francisco - BA,6,3,269,-,,,,,,,,,
7/31/2026,8/4/2026,320380,Muqui - ES,30,14,1428,6.11,,,,,,,,,
7/31/2026,8/4/2026,314390,Muriaé - MG,270,154,15142,11.00,,,,,,,,,
7/31/2026,8/4/2026,280430,Muribeca - SE,1,1,260,-,,,,,,,,,
7/31/2026,8/4/2026,270550,Murici - AL,26,14,1060,8.82,,,,,,,,,
7/31/2026,8/4/2026,220669,Murici dos Portelas - PI,4,5,208,-,,,,,,,,,
7/31/2026,8/4/2026,171395,Muricilândia - TO,0,0,116,-,,,,,,,,,
7/31/2026,8/4/2026,292230,Muritiba - BA,31,14,1639,13.28,,,,,,,,,
7/31/2026,8/4/2026,353210,Murutinga do Sul - SP,2,6,329,-,,,,,,,,,
7/31/2026,8/4/2026,292240,Mutuípe - BA,19,8,1054,25.23,,,,,,,,,
7/31/2026,8/4/2026,314400,Mutum - MG,13,13,1761,-,,,,,,,,,
7/31/2026,8/4/2026,521410,Mutunópolis - GO,4,1,278,-,,,,,,,,,
7/31/2026,8/4/2026,314410,Muzambinho - MG,47,23,2591,28.98,,,,,,,,,
7/31/2026,8/4/2026,314420,Nacip Raydan - MG,2,1,162,-,,,,,,,,,
7/31/2026,8/4/2026,353215,Nantes - SP,6,1,263,-,,,,,,,,,
7/31/2026,8/4/2026,314430,Nanuque - MG,61,39,3780,4.69,,,,,,,,,
7/31/2026,8/4/2026,431265,Não-Me-Toque - RS,28,22,2643,51.53,,,,,,,,,
7/31/2026,8/4/2026,314435,Naque - MG,5,2,537,-,,,,,,,,,
7/31/2026,8/4/2026,353220,Narandiba - SP,11,3,484,203.50,,,,,,,,,
7/31/2026,8/4/2026,240810,Natal - RN,1763,1026,102698,11.33,,,,,,,,,
7/31/2026,8/4/2026,314437,Natalândia - MG,8,2,235,2.58,,,,,,,,,
7/31/2026,8/4/2026,314440,Natércia - MG,7,6,355,0.11,,,,,,,,,
7/31/2026,8/4/2026,330310,Natividade - RJ,27,28,1497,52.10,,,,,,,,,
7/31/2026,8/4/2026,171420,Natividade - TO,10,8,801,1.30,,,,,,,,,
7/31/2026,8/4/2026,353230,Natividade da Serra - SP,8,7,655,-,,,,,,,,,
7/31/2026,8/4/2026,250990,Natuba - PB,2,1,147,18.52,,,,,,,,,
7/31/2026,8/4/2026,421130,Navegantes - SC,425,219,18305,35.93,,,,,,,,,
7/31/2026,8/4/2026,500570,Naviraí - MS,93,54,6502,6.17,,,,,,,,,
7/31/2026,8/4/2026,292250,Nazaré - BA,29,11,1803,-,,,,,,,,,
7/31/2026,8/4/2026,171430,Nazaré - TO,4,0,187,-,,,,,,,,,
7/31/2026,8/4/2026,260950,Nazaré da Mata - PE,16,17,1547,0.21,,,,,,,,,
7/31/2026,8/4/2026,220670,Nazaré do Piauí - PI,3,1,256,-,,,,,,,,,
7/31/2026,8/4/2026,353240,Nazaré Paulista - SP,32,23,2217,1.97,,,,,,,,,
7/31/2026,8/4/2026,314450,Nazareno - MG,15,7,749,-,,,,,,,,,
7/31/2026,8/4/2026,251000,Nazarezinho - PB,5,2,254,-,,,,,,,,,
7/31/2026,8/4/2026,220672,Nazária - PI,6,2,312,13.78,,,,,,,,,
7/31/2026,8/4/2026,521440,Nazário - GO,9,4,877,71.05,,,,,,,,,
7/31/2026,8/4/2026,280440,Neópolis - SE,11,10,815,0.02,,,,,,,,,
7/31/2026,8/4/2026,314460,Nepomuceno - MG,42,38,2585,30.34,,,,,,,,,
7/31/2026,8/4/2026,521450,Nerópolis - GO,73,23,4139,65.12,,,,,,,,,
7/31/2026,8/4/2026,353250,Neves Paulista - SP,20,9,1235,0.02,,,,,,,,,
7/31/2026,8/4/2026,130300,Nhamundá - AM,6,2,466,-,,,,,,,,,
7/31/2026,8/4/2026,353260,Nhandeara - SP,13,10,1214,5.41,,,,,,,,,
7/31/2026,8/4/2026,431267,Nicolau Vergueiro - RS,1,3,196,-,,,,,,,,,
7/31/2026,8/4/2026,292260,Nilo Peçanha - BA,1,7,344,-,,,,,,,,,
7/31/2026,8/4/2026,330320,Nilópolis - RJ,335,191,15289,32.21,,,,,,,,,
7/31/2026,8/4/2026,210720,Nina Rodrigues - MA,9,0,188,-,,,,,,,,,
7/31/2026,8/4/2026,314465,Ninheira - MG,7,4,383,0.37,,,,,,,,,
7/31/2026,8/4/2026,500580,Nioaque - MS,10,6,938,3.08,,,,,,,,,
7/31/2026,8/4/2026,353270,Nipoã - SP,8,4,473,-,,,,,,,,,
7/31/2026,8/4/2026,521460,Niquelândia - GO,39,23,2959,16.70,,,,,,,,,
7/31/2026,8/4/2026,240820,Nísia Floresta - RN,27,18,1864,61.89,,,,,,,,,
7/31/2026,8/4/2026,330330,Niterói - RJ,1646,680,89488,52.33,,,,,,,,,
7/31/2026,8/4/2026,510590,Nobres - MT,45,29,2179,26.16,,,,,,,,,
7/31/2026,8/4/2026,431270,Nonoai - RS,21,9,1607,0.00,,,,,,,,,
7/31/2026,8/4/2026,292265,Nordestina - BA,8,2,418,-,,,,,,,,,
7/31/2026,8/4/2026,140040,Normandia - RR,5,0,191,-,,,,,,,,,
7/31/2026,8/4/2026,510600,Nortelândia - MT,12,4,464,0.90,,,,,,,,,
7/31/2026,8/4/2026,280445,Nossa Senhora Aparecida - SE,8,2,269,0.12,,,,,,,,,
7/31/2026,8/4/2026,280450,Nossa Senhora da Glória - SE,58,21,2630,9.58,,,,,,,,,
7/31/2026,8/4/2026,280460,Nossa Senhora das Dores - SE,19,11,1249,-,,,,,,,,,
7/31/2026,8/4/2026,411640,Nossa Senhora das Graças - PR,5,6,456,47.00,,,,,,,,,
7/31/2026,8/4/2026,280470,Nossa Senhora de Lourdes - SE,2,3,183,-,,,,,,,,,
7/31/2026,8/4/2026,220675,Nossa Senhora de Nazaré - PI,4,1,165,-,,,,,,,,,
7/31/2026,8/4/2026,510610,Nossa Senhora do Livramento - MT,21,11,836,40.38,,,,,,,,,
7/31/2026,8/4/2026,280480,Nossa Senhora do Socorro - SE,316,195,12636,0.23,,,,,,,,,
7/31/2026,8/4/2026,220680,Nossa Senhora dos Remédios - PI,2,3,135,-,,,,,,,,,
7/31/2026,8/4/2026,353280,Nova Aliança - SP,13,7,793,12.25,,,,,,,,,
7/31/2026,8/4/2026,411650,Nova Aliança do Ivaí - PR,3,0,123,-,,,,,,,,,
7/31/2026,8/4/2026,431275,Nova Alvorada - RS,8,4,437,0.00,,,,,,,,,
7/31/2026,8/4/2026,500600,Nova Alvorada do Sul - MS,29,19,2269,43.19,,,,,,,,,
7/31/2026,8/4/2026,521470,Nova América - GO,1,2,190,-,,,,,,,,,
7/31/2026,8/4/2026,411660,Nova América da Colina - PR,5,2,270,44.40,,,,,,,,,
7/31/2026,8/4/2026,500620,Nova Andradina - MS,98,57,6025,13.10,,,,,,,,,
7/31/2026,8/4/2026,431280,Nova Araçá - RS,7,4,698,1.63,,,,,,,,,
7/31/2026,8/4/2026,521480,Nova Aurora - GO,2,2,185,-,,,,,,,,,
7/31/2026,8/4/2026,411670,Nova Aurora - PR,22,13,1574,1.63,,,,,,,,,
7/31/2026,8/4/2026,510615,Nova Bandeirantes - MT,23,16,1305,12.12,,,,,,,,,
7/31/2026,8/4/2026,431290,Nova Bassano - RS,25,14,1488,12.13,,,,,,,,,
7/31/2026,8/4/2026,314467,Nova Belém - MG,0,4,147,-,,,,,,,,,
7/31/2026,8/4/2026,431295,Nova Boa Vista - RS,5,0,234,23.17,,,,,,,,,
7/31/2026,8/4/2026,510620,Nova Brasilândia - MT,4,5,370,192.00,,,,,,,,,
7/31/2026,8/4/2026,110014,Nova Brasilândia D'Oeste - RO,17,6,1075,58.94,,,,,,,,,
7/31/2026,8/4/2026,431300,Nova Bréscia - RS,4,1,326,0.11,,,,,,,,,
7/31/2026,8/4/2026,353282,Nova Campina - SP,11,6,578,10.94,,,,,,,,,
7/31/2026,8/4/2026,292270,Nova Canaã - BA,4,4,467,-,,,,,,,,,
7/31/2026,8/4/2026,510621,Nova Canaã do Norte - MT,27,8,1096,33.17,,,,,,,,,
7/31/2026,8/4/2026,353284,Nova Canaã Paulista - SP,5,1,181,-,,,,,,,,,
7/31/2026,8/4/2026,431301,Nova Candelária - RS,2,2,340,-,,,,,,,,,
7/31/2026,8/4/2026,411680,Nova Cantu - PR,12,7,600,-,,,,,,,,,
7/31/2026,8/4/2026,353286,Nova Castilho - SP,4,1,143,-,,,,,,,,,
7/31/2026,8/4/2026,210725,Nova Colinas - MA,2,1,138,-,,,,,,,,,
7/31/2026,8/4/2026,521483,Nova Crixás - GO,27,15,1538,22.61,,,,,,,,,
7/31/2026,8/4/2026,240830,Nova Cruz - RN,25,13,1894,16.91,,,,,,,,,
7/31/2026,8/4/2026,314470,Nova Era - MG,30,15,1556,20.88,,,,,,,,,
7/31/2026,8/4/2026,421140,Nova Erechim - SC,18,12,837,1.11,,,,,,,,,
7/31/2026,8/4/2026,411690,Nova Esperança - PR,65,39,3696,0.34,,,,,,,,,
7/31/2026,8/4/2026,150495,Nova Esperança do Piriá - PA,12,4,550,17.41,,,,,,,,,
7/31/2026,8/4/2026,411695,Nova Esperança do Sudoeste - PR,6,6,562,-,,,,,,,,,
7/31/2026,8/4/2026,431303,Nova Esperança do Sul - RS,9,3,595,4.63,,,,,,,,,
7/31/2026,8/4/2026,353290,Nova Europa - SP,12,8,851,24.62,,,,,,,,,
7/31/2026,8/4/2026,292273,Nova Fátima - BA,6,5,538,9.12,,,,,,,,,
7/31/2026,8/4/2026,411700,Nova Fátima - PR,12,7,730,-,,,,,,,,,
7/31/2026,8/4/2026,251010,Nova Floresta - PB,11,6,575,0.00,,,,,,,,,
7/31/2026,8/4/2026,330340,Nova Friburgo - RJ,487,277,31271,23.61,,,,,,,,,
7/31/2026,8/4/2026,521486,Nova Glória - GO,8,6,609,0.87,,,,,,,,,
7/31/2026,8/4/2026,353300,Nova Granada - SP,23,25,2099,53.81,,,,,,,,,
7/31/2026,8/4/2026,510880,Nova Guarita - MT,6,2,552,0.10,,,,,,,,,
7/31/2026,8/4/2026,353310,Nova Guataporanga - SP,2,2,173,-,,,,,,,,,
7/31/2026,8/4/2026,431306,Nova Hartz - RS,50,24,2356,15.40,,,,,,,,,
7/31/2026,8/4/2026,292275,Nova Ibiá - BA,8,0,206,-,,,,,,,,,
7/31/2026,8/4/2026,330350,Nova Iguaçu - RJ,2082,1054,87014,32.84,,,,,,,,,
7/31/2026,8/4/2026,521487,Nova Iguaçu de Goiás - GO,2,4,246,-,,,,,,,,,
7/31/2026,8/4/2026,353320,Nova Independência - SP,7,4,401,2.91,,,,,,,,,
7/31/2026,8/4/2026,210730,Nova Iorque - MA,2,0,74,-,,,,,,,,,
7/31/2026,8/4/2026,150497,Nova Ipixuna - PA,3,4,458,48.21,,,,,,,,,
7/31/2026,8/4/2026,421145,Nova Itaberaba - SC,11,3,539,1.14,,,,,,,,,
7/31/2026,8/4/2026,292280,Nova Itarana - BA,5,2,271,-,,,,,,,,,
7/31/2026,8/4/2026,510618,Nova Lacerda - MT,18,5,673,0.19,,,,,,,,,
7/31/2026,8/4/2026,411705,Nova Laranjeiras - PR,17,5,577,5.74,,,,,,,,,
7/31/2026,8/4/2026,314480,Nova Lima - MG,360,201,21064,28.46,,,,,,,,,
7/31/2026,8/4/2026,411710,Nova Londrina - PR,20,11,1917,23.25,,,,,,,,,
7/31/2026,8/4/2026,353330,Nova Luzitânia - SP,4,3,353,0.04,,,,,,,,,
7/31/2026,8/4/2026,110033,Nova Mamoré - RO,22,8,1400,-,,,,,,,,,
7/31/2026,8/4/2026,510885,Nova Marilândia - MT,10,2,427,-,,,,,,,,,
7/31/2026,8/4/2026,510890,Nova Maringá - MT,22,8,1352,0.12,,,,,,,,,
7/31/2026,8/4/2026,314490,Nova Módica - MG,1,2,193,-,,,,,,,,,
7/31/2026,8/4/2026,510895,Nova Monte Verde - MT,23,9,965,9.98,,,,,,,,,
7/31/2026,8/4/2026,510622,Nova Mutum - MT,170,81,10060,5.59,,,,,,,,,
7/31/2026,8/4/2026,510617,Nova Nazaré - MT,6,3,266,5.26,,,,,,,,,
7/31/2026,8/4/2026,353340,Nova Odessa - SP,164,103,9769,35.85,,,,,,,,,
7/31/2026,8/4/2026,510623,Nova Olímpia - MT,27,17,1417,12.97,,,,,,,,,
7/31/2026,8/4/2026,411720,Nova Olímpia - PR,10,4,684,-,,,,,,,,,
7/31/2026,8/4/2026,230920,Nova Olinda - CE,34,10,837,4.52,,,,,,,,,
7/31/2026,8/4/2026,251020,Nova Olinda - PB,10,8,200,72.05,,,,,,,,,
7/31/2026,8/4/2026,171488,Nova Olinda - TO,11,3,651,47.42,,,,,,,,,
7/31/2026,8/4/2026,210735,Nova Olinda do Maranhão - MA,4,7,334,-,,,,,,,,,
7/31/2026,8/4/2026,130310,Nova Olinda do Norte - AM,6,5,1012,-,,,,,,,,,
7/31/2026,8/4/2026,431308,Nova Pádua - RS,2,1,261,-,,,,,,,,,
7/31/2026,8/4/2026,431310,Nova Palma - RS,9,2,593,2.40,,,,,,,,,
7/31/2026,8/4/2026,251030,Nova Palmeira - PB,2,4,330,-,,,,,,,,,
7/31/2026,8/4/2026,431320,Nova Petrópolis - RS,54,36,4285,17.54,,,,,,,,,
7/31/2026,8/4/2026,314500,Nova Ponte - MG,19,15,1901,20.76,,,,,,,,,
7/31/2026,8/4/2026,314505,Nova Porteirinha - MG,10,8,425,-,,,,,,,,,
7/31/2026,8/4/2026,431330,Nova Prata - RS,61,35,4503,19.62,,,,,,,,,
7/31/2026,8/4/2026,411725,Nova Prata do Iguaçu - PR,22,12,1457,7.25,,,,,,,,,
7/31/2026,8/4/2026,431333,Nova Ramada - RS,3,0,140,5.30,,,,,,,,,
7/31/2026,8/4/2026,292285,Nova Redenção - BA,3,3,199,-,,,,,,,,,
7/31/2026,8/4/2026,314510,Nova Resende - MG,13,15,1420,0.12,,,,,,,,,
7/31/2026,8/4/2026,521490,Nova Roma - GO,4,4,202,-,,,,,,,,,
7/31/2026,8/4/2026,431335,Nova Roma do Sul - RS,2,6,494,-,,,,,,,,,
7/31/2026,8/4/2026,171500,Nova Rosalândia - TO,5,1,259,-,,,,,,,,,
7/31/2026,8/4/2026,230930,Nova Russas - CE,27,23,1963,9.60,,,,,,,,,
7/31/2026,8/4/2026,411721,Nova Santa Bárbara - PR,4,4,506,1.59,,,,,,,,,
7/31/2026,8/4/2026,510619,Nova Santa Helena - MT,16,8,557,63.71,,,,,,,,,
7/31/2026,8/4/2026,220795,Nova Santa Rita - PI,3,0,110,-,,,,,,,,,
7/31/2026,8/4/2026,431337,Nova Santa Rita - RS,100,50,4143,51.93,,,,,,,,,
7/31/2026,8/4/2026,411722,Nova Santa Rosa - PR,21,11,1707,76.75,,,,,,,,,
7/31/2026,8/4/2026,314520,Nova Serrana - MG,416,242,18493,28.18,,,,,,,,,
7/31/2026,8/4/2026,292290,Nova Soure - BA,15,10,868,-,,,,,,,,,
7/31/2026,8/4/2026,411727,Nova Tebas - PR,6,7,453,130.52,,,,,,,,,
7/31/2026,8/4/2026,150500,Nova Timboteua - PA,6,3,518,-,,,,,,,,,
7/31/2026,8/4/2026,421150,Nova Trento - SC,31,21,2431,1.02,,,,,,,,,
7/31/2026,8/4/2026,510624,Nova Ubiratã - MT,31,11,1657,20.93,,,,,,,,,
7/31/2026,8/4/2026,313660,Nova União - MG,14,7,641,-,,,,,,,,,
7/31/2026,8/4/2026,110143,Nova União - RO,4,4,307,19.32,,,,,,,,,
7/31/2026,8/4/2026,320390,Nova Venécia - ES,96,53,5847,11.16,,,,,,,,,
7/31/2026,8/4/2026,521500,Nova Veneza - GO,18,13,1452,-,,,,,,,,,
7/31/2026,8/4/2026,421160,Nova Veneza - SC,30,13,2132,-,,,,,,,,,
7/31/2026,8/4/2026,292300,Nova Viçosa - BA,40,26,2939,24.73,,,,,,,,,
7/31/2026,8/4/2026,510625,Nova Xavantina - MT,47,26,3081,17.11,,,,,,,,,
7/31/2026,8/4/2026,353325,Novais - SP,5,6,439,-,,,,,,,,,
7/31/2026,8/4/2026,171510,Novo Acordo - TO,2,1,339,-,,,,,,,,,
7/31/2026,8/4/2026,130320,Novo Airão - AM,12,8,809,24.00,,,,,,,,,
7/31/2026,8/4/2026,171515,Novo Alegre - TO,1,0,81,-,,,,,,,,,
7/31/2026,8/4/2026,130330,Novo Aripuanã - AM,6,4,494,-,,,,,,,,,
7/31/2026,8/4/2026,431349,Novo Barreiro - RS,7,3,393,18.70,,,,,,,,,
7/31/2026,8/4/2026,521520,Novo Brasil - GO,2,2,340,-,,,,,,,,,
7/31/2026,8/4/2026,431339,Novo Cabrais - RS,3,0,290,-,,,,,,,,,
7/31/2026,8/4/2026,314530,Novo Cruzeiro - MG,19,13,1425,1.09,,,,,,,,,
7/31/2026,8/4/2026,521523,Novo Gama - GO,205,127,7309,18.46,,,,,,,,,
7/31/2026,8/4/2026,431340,Novo Hamburgo - RS,767,485,44572,3.21,,,,,,,,,
7/31/2026,8/4/2026,292303,Novo Horizonte - BA,5,1,421,-,,,,,,,,,
7/31/2026,8/4/2026,421165,Novo Horizonte - SC,3,1,226,-,,,,,,,,,
7/31/2026,8/4/2026,353350,Novo Horizonte - SP,65,53,4779,49.16,,,,,,,,,
7/31/2026,8/4/2026,510627,Novo Horizonte do Norte - MT,5,2,382,0.00,,,,,,,,,
7/31/2026,8/4/2026,110050,Novo Horizonte do Oeste - RO,3,6,338,-,,,,,,,,,
7/31/2026,8/4/2026,500625,Novo Horizonte do Sul - MS,5,3,383,-,,,,,,,,,
7/31/2026,8/4/2026,411729,Novo Itacolomi - PR,6,2,276,-,,,,,,,,,
7/31/2026,8/4/2026,171525,Novo Jardim - TO,1,1,138,-,,,,,,,,,
7/31/2026,8/4/2026,270560,Novo Lino - AL,3,3,312,-,,,,,,,,,
7/31/2026,8/4/2026,431342,Novo Machado - RS,2,0,214,-,,,,,,,,,
7/31/2026,8/4/2026,510626,Novo Mundo - MT,12,3,563,33.90,,,,,,,,,
7/31/2026,8/4/2026,230940,Novo Oriente - CE,14,13,967,14.00,,,,,,,,,
7/31/2026,8/4/2026,314535,Novo Oriente de Minas - MG,10,3,529,-,,,,,,,,,
7/31/2026,8/4/2026,220690,Novo Oriente do Piauí - PI,4,2,175,-,,,,,,,,,
7/31/2026,8/4/2026,521525,Novo Planalto - GO,5,1,396,-,,,,,,,,,
7/31/2026,8/4/2026,150503,Novo Progresso - PA,74,28,4244,59.39,,,,,,,,,
7/31/2026,8/4/2026,150506,Novo Repartimento - PA,45,18,2437,5.68,,,,,,,,,
7/31/2026,8/4/2026,510631,Novo Santo Antônio - MT,8,1,254,72.00,,,,,,,,,
7/31/2026,8/4/2026,220695,Novo Santo Antônio - PI,1,0,91,-,,,,,,,,,
7/31/2026,8/4/2026,510628,Novo São Joaquim - MT,9,3,623,74.22,,,,,,,,,
7/31/2026,8/4/2026,431344,Novo Tiradentes - RS,1,1,186,-,,,,,,,,,
7/31/2026,8/4/2026,292305,Novo Triunfo - BA,2,1,248,-,,,,,,,,,
7/31/2026,8/4/2026,431346,Novo Xingu - RS,1,0,135,-,,,,,,,,,
7/31/2026,8/4/2026,314537,Novorizonte - MG,1,0,275,-,,,,,,,,,
7/31/2026,8/4/2026,353360,Nuporanga - SP,31,12,1125,11.59,,,,,,,,,
7/31/2026,8/4/2026,150510,Óbidos - PA,20,19,1761,-,,,,,,,,,
7/31/2026,8/4/2026,230945,Ocara - CE,20,17,1061,8.25,,,,,,,,,
7/31/2026,8/4/2026,353370,Ocauçu - SP,5,3,419,-,,,,,,,,,
7/31/2026,8/4/2026,220700,Oeiras - PI,26,15,2567,0.01,,,,,,,,,
7/31/2026,8/4/2026,150520,Oeiras do Pará - PA,6,4,569,-,,,,,,,,,
7/31/2026,8/4/2026,160050,Oiapoque - AP,33,18,2083,44.59,,,,,,,,,
7/31/2026,8/4/2026,314540,Olaria - MG,4,4,179,-,,,,,,,,,
7/31/2026,8/4/2026,353380,Óleo - SP,2,0,196,-,,,,,,,,,
7/31/2026,8/4/2026,251040,Olho D'Água - PB,5,0,172,498.62,,,,,,,,,
7/31/2026,8/4/2026,210740,Olho D'Água das Cunhãs - MA,8,3,398,-,,,,,,,,,
7/31/2026,8/4/2026,270570,Olho D'Água das Flores - AL,14,7,1221,22.65,,,,,,,,,
7/31/2026,8/4/2026,270580,Olho D'Água do Casado - AL,4,2,243,-,,,,,,,,,
7/31/2026,8/4/2026,220710,Olho D'Água do Piauí - PI,1,1,51,0.51,,,,,,,,,
7/31/2026,8/4/2026,270590,Olho D'Água Grande - AL,3,1,49,-,,,,,,,,,
7/31/2026,8/4/2026,240840,Olho-D'Água do Borges - RN,3,2,189,-,,,,,,,,,
7/31/2026,8/4/2026,314545,Olhos-D'Água - MG,9,3,429,68.82,,,,,,,,,
7/31/2026,8/4/2026,353390,Olímpia - SP,157,109,8986,30.56,,,,,,,,,
7/31/2026,8/4/2026,314550,Olímpio Noronha - MG,3,1,279,-,,,,,,,,,
7/31/2026,8/4/2026,260960,Olinda - PE,758,463,36460,41.77,,,,,,,,,
7/31/2026,8/4/2026,210745,Olinda Nova do Maranhão - MA,6,2,248,-,,,,,,,,,
7/31/2026,8/4/2026,292310,Olindina - BA,8,5,751,3.22,,,,,,,,,
7/31/2026,8/4/2026,251050,Olivedos - PB,7,0,174,25.05,,,,,,,,,
7/31/2026,8/4/2026,314560,Oliveira - MG,54,36,4424,101.97,,,,,,,,,
7/31/2026,8/4/2026,171550,Oliveira de Fátima - TO,0,0,70,-,,,,,,,,,
7/31/2026,8/4/2026,292320,Oliveira dos Brejinhos - BA,9,6,1142,24.44,,,,,,,,,
7/31/2026,8/4/2026,314570,Oliveira Fortes - MG,2,1,170,-,,,,,,,,,
7/31/2026,8/4/2026,270600,Olivença - AL,6,4,239,-,,,,,,,,,
7/31/2026,8/4/2026,314580,Onça de Pitangui - MG,1,4,198,-,,,,,,,,,
7/31/2026,8/4/2026,353400,Onda Verde - SP,7,5,509,5.44,,,,,,,,,
7/31/2026,8/4/2026,314585,Oratórios - MG,6,1,362,-,,,,,,,,,
7/31/2026,8/4/2026,353410,Oriente - SP,10,6,770,97.09,,,,,,,,,
7/31/2026,8/4/2026,353420,Orindiúva - SP,19,14,768,-,,,,,,,,,
7/31/2026,8/4/2026,150530,Oriximiná - PA,44,24,2716,94.74,,,,,,,,,
7/31/2026,8/4/2026,314587,Orizânia - MG,12,5,467,-,,,,,,,,,
7/31/2026,8/4/2026,521530,Orizona - GO,23,13,1706,41.84,,,,,,,,,
7/31/2026,8/4/2026,353430,Orlândia - SP,88,54,5171,50.91,,,,,,,,,
7/31/2026,8/4/2026,421170,Orleans - SC,51,26,3290,21.13,,,,,,,,,
7/31/2026,8/4/2026,260970,Orobó - PE,11,11,754,-,,,,,,,,,
7/31/2026,8/4/2026,260980,Orocó - PE,9,8,292,25.06,,,,,,,,,
7/31/2026,8/4/2026,230950,Orós - CE,13,6,744,209.24,,,,,,,,,
7/31/2026,8/4/2026,411730,Ortigueira - PR,37,20,2143,68.76,,,,,,,,,
7/31/2026,8/4/2026,353440,Osasco - SP,2286,1201,106594,31.43,,,,,,,,,
7/31/2026,8/4/2026,353450,Oscar Bressane - SP,0,1,350,-,,,,,,,,,
7/31/2026,8/4/2026,431350,Osório - RS,126,75,7478,26.48,,,,,,,,,
7/31/2026,8/4/2026,353460,Osvaldo Cruz - SP,65,32,4319,7.87,,,,,,,,,
7/31/2026,8/4/2026,421175,Otacílio Costa - SC,40,21,2236,145.11,,,,,,,,,
7/31/2026,8/4/2026,150540,Ourém - PA,3,5,530,-,,,,,,,,,
7/31/2026,8/4/2026,292330,Ouriçangas - BA,1,1,222,-,,,,,,,,,
7/31/2026,8/4/2026,260990,Ouricuri - PE,31,19,2410,16.70,,,,,,,,,
7/31/2026,8/4/2026,150543,Ourilândia do Norte - PA,36,10,2154,-,,,,,,,,,
7/31/2026,8/4/2026,353470,Ourinhos - SP,318,193,15860,12.26,,,,,,,,,
7/31/2026,8/4/2026,411740,Ourizona - PR,5,3,362,-,,,,,,,,,
7/31/2026,8/4/2026,421180,Ouro - SC,16,7,921,12.71,,,,,,,,,
7/31/2026,8/4/2026,270610,Ouro Branco - AL,5,8,391,22.54,,,,,,,,,
7/31/2026,8/4/2026,314590,Ouro Branco - MG,85,64,5024,23.64,,,,,,,,,
7/31/2026,8/4/2026,240850,Ouro Branco - RN,2,3,293,38.31,,,,,,,,,
7/31/2026,8/4/2026,314600,Ouro Fino - MG,67,53,4430,38.47,,,,,,,,,
7/31/2026,8/4/2026,314610,Ouro Preto - MG,159,92,8887,17.92,,,,,,,,,
7/31/2026,8/4/2026,110015,Ouro Preto do Oeste - RO,47,38,3649,4.54,,,,,,,,,
7/31/2026,8/4/2026,251060,Ouro Velho - PB,2,0,133,-,,,,,,,,,
7/31/2026,8/4/2026,421185,Ouro Verde - SC,2,1,159,-,,,,,,,,,
7/31/2026,8/4/2026,353480,Ouro Verde - SP,11,5,756,15.29,,,,,,,,,
7/31/2026,8/4/2026,521540,Ouro Verde de Goiás - GO,8,0,324,165.51,,,,,,,,,
7/31/2026,8/4/2026,314620,Ouro Verde de Minas - MG,6,2,364,-,,,,,,,,,
7/31/2026,8/4/2026,411745,Ouro Verde do Oeste - PR,12,9,669,38.05,,,,,,,,,
7/31/2026,8/4/2026,353475,Ouroeste - SP,30,11,1291,8.37,,,,,,,,,
7/31/2026,8/4/2026,292335,Ourolândia - BA,17,5,1072,4.27,,,,,,,,,
7/31/2026,8/4/2026,521550,Ouvidor - GO,14,7,817,-,,,,,,,,,
7/31/2026,8/4/2026,353490,Pacaembu - SP,13,8,1082,721.95,,,,,,,,,
7/31/2026,8/4/2026,150548,Pacajá - PA,23,11,1429,3.18,,,,,,,,,
7/31/2026,8/4/2026,230960,Pacajus - CE,93,68,4932,8.69,,,,,,,,,
7/31/2026,8/4/2026,140045,Pacaraima - RR,18,3,787,48.00,,,,,,,,,
7/31/2026,8/4/2026,230970,Pacatuba - CE,172,73,5073,20.09,,,,,,,,,
7/31/2026,8/4/2026,280490,Pacatuba - SE,3,5,314,-,,,,,,,,,
7/31/2026,8/4/2026,210750,Paço do Lumiar - MA,258,102,7962,6.85,,,,,,,,,
7/31/2026,8/4/2026,230980,Pacoti - CE,9,4,485,-,,,,,,,,,
7/31/2026,8/4/2026,230990,Pacujá - CE,9,5,442,23.55,,,,,,,,,
7/31/2026,8/4/2026,521560,Padre Bernardo - GO,41,15,2273,12.85,,,,,,,,,
7/31/2026,8/4/2026,314625,Padre Carvalho - MG,2,1,188,95.89,,,,,,,,,
7/31/2026,8/4/2026,220720,Padre Marcos - PI,2,1,262,-,,,,,,,,,
7/31/2026,8/4/2026,314630,Padre Paraíso - MG,12,7,1140,90.01,,,,,,,,,
7/31/2026,8/4/2026,220730,Paes Landim - PI,1,3,177,-,,,,,,,,,
7/31/2026,8/4/2026,314655,Pai Pedro - MG,3,0,172,-,,,,,,,,,
7/31/2026,8/4/2026,421187,Paial - SC,2,2,166,-,,,,,,,,,
7/31/2026,8/4/2026,411750,Paiçandu - PR,146,71,6456,2.36,,,,,,,,,
7/31/2026,8/4/2026,431360,Paim Filho - RS,4,1,407,47.34,,,,,,,,,
7/31/2026,8/4/2026,314640,Paineiras - MG,3,5,426,-,,,,,,,,,
7/31/2026,8/4/2026,421189,Painel - SC,4,2,167,-,,,,,,,,,
7/31/2026,8/4/2026,314650,Pains - MG,13,13,1188,-,,,,,,,,,
7/31/2026,8/4/2026,314660,Paiva - MG,1,1,149,-,,,,,,,,,
7/31/2026,8/4/2026,220735,Pajeú do Piauí - PI,0,0,122,-,,,,,,,,,
7/31/2026,8/4/2026,270620,Palestina - AL,5,4,142,-,,,,,,,,,
7/31/2026,8/4/2026,353500,Palestina - SP,20,8,934,10.71,,,,,,,,,
7/31/2026,8/4/2026,521565,Palestina de Goiás - GO,3,3,210,-,,,,,,,,,
7/31/2026,8/4/2026,150549,Palestina do Pará - PA,2,3,227,-,,,,,,,,,
7/31/2026,8/4/2026,231000,Palhano - CE,4,2,431,244.37,,,,,,,,,
7/31/2026,8/4/2026,421190,Palhoça - SC,1040,625,48617,1.97,,,,,,,,,
7/31/2026,8/4/2026,314670,Palma - MG,3,2,515,-,,,,,,,,,
7/31/2026,8/4/2026,421200,Palma Sola - SC,7,6,939,-,,,,,,,,,
7/31/2026,8/4/2026,231010,Palmácia - CE,7,2,341,-,,,,,,,,,
7/31/2026,8/4/2026,261000,Palmares - PE,59,30,3845,71.14,,,,,,,,,
7/31/2026,8/4/2026,431365,Palmares do Sul - RS,28,13,1558,16.00,,,,,,,,,
7/31/2026,8/4/2026,353510,Palmares Paulista - SP,12,7,850,54.87,,,,,,,,,
7/31/2026,8/4/2026,411760,Palmas - PR,80,52,5082,59.74,,,,,,,,,
7/31/2026,8/4/2026,172100,Palmas - TO,1131,579,57115,18.77,,,,,,,,,
7/31/2026,8/4/2026,292340,Palmas de Monte Alto - BA,7,3,850,-,,,,,,,,,
7/31/2026,8/4/2026,411770,Palmeira - PR,75,45,4673,5.54,,,,,,,,,
7/31/2026,8/4/2026,421205,Palmeira - SC,6,0,265,-,,,,,,,,,
7/31/2026,8/4/2026,431370,Palmeira das Missões - RS,59,26,4438,32.04,,,,,,,,,
7/31/2026,8/4/2026,220740,Palmeira do Piauí - PI,3,3,187,0.05,,,,,,,,,
7/31/2026,8/4/2026,353520,Palmeira D'Oeste - SP,14,6,890,24.89,,,,,,,,,
7/31/2026,8/4/2026,270630,Palmeira dos Índios - AL,64,34,3710,25.58,,,,,,,,,
7/31/2026,8/4/2026,220750,Palmeirais - PI,3,3,371,0.45,,,,,,,,,
7/31/2026,8/4/2026,210760,Palmeirândia - MA,2,2,250,-,,,,,,,,,
7/31/2026,8/4/2026,171570,Palmeirante - TO,2,2,213,-,,,,,,,,,
7/31/2026,8/4/2026,292350,Palmeiras - BA,15,6,940,-,,,,,,,,,
7/31/2026,8/4/2026,521570,Palmeiras de Goiás - GO,73,45,3739,6.86,,,,,,,,,
7/31/2026,8/4/2026,171380,Palmeiras do Tocantins - TO,4,4,226,-,,,,,,,,,
7/31/2026,8/4/2026,261010,Palmeirina - PE,2,0,133,-,,,,,,,,,
7/31/2026,8/4/2026,171575,Palmeirópolis - TO,5,5,714,86.91,,,,,,,,,
7/31/2026,8/4/2026,521580,Palmelo - GO,7,2,289,-,,,,,,,,,
7/31/2026,8/4/2026,521590,Palminópolis - GO,8,2,330,31.74,,,,,,,,,
7/31/2026,8/4/2026,411780,Palmital - PR,12,8,1173,108.93,,,,,,,,,
7/31/2026,8/4/2026,353530,Palmital - SP,42,25,2897,35.74,,,,,,,,,
7/31/2026,8/4/2026,431380,Palmitinho - RS,12,9,892,0.00,,,,,,,,,
7/31/2026,8/4/2026,421210,Palmitos - SC,29,15,2129,1.50,,,,,,,,,
7/31/2026,8/4/2026,314675,Palmópolis - MG,5,4,278,-,,,,,,,,,
7/31/2026,8/4/2026,411790,Palotina - PR,114,35,5701,7.98,,,,,,,,,
7/31/2026,8/4/2026,521600,Panamá - GO,5,5,300,90.53,,,,,,,,,
7/31/2026,8/4/2026,431390,Panambi - RS,88,39,5295,7.80,,,,,,,,,
7/31/2026,8/4/2026,320400,Pancas - ES,11,7,1575,117.23,,,,,,,,,
7/31/2026,8/4/2026,261020,Panelas - PE,5,8,727,73.15,,,,,,,,,
7/31/2026,8/4/2026,353540,Panorama - SP,33,13,1648,6.43,,,,,,,,,
7/31/2026,8/4/2026,431395,Pantano Grande - RS,19,14,1118,85.59,,,,,,,,,
7/31/2026,8/4/2026,270640,Pão de Açúcar - AL,9,4,750,184.95,,,,,,,,,
7/31/2026,8/4/2026,314690,Papagaios - MG,26,14,1819,22.86,,,,,,,,,
7/31/2026,8/4/2026,421220,Papanduva - SC,31,19,2223,17.20,,,,,,,,,
7/31/2026,8/4/2026,220755,Paquetá - PI,2,1,53,-,,,,,,,,,
7/31/2026,8/4/2026,314710,Pará de Minas - MG,282,144,14089,36.38,,,,,,,,,
7/31/2026,8/4/2026,330360,Paracambi - RJ,71,29,3840,33.49,,,,,,,,,
7/31/2026,8/4/2026,314700,Paracatu - MG,234,118,11404,7.11,,,,,,,,,
7/31/2026,8/4/2026,231020,Paracuru - CE,37,30,2642,29.55,,,,,,,,,
7/31/2026,8/4/2026,150550,Paragominas - PA,157,82,9148,3.20,,,,,,,,,
7/31/2026,8/4/2026,314720,Paraguaçu - MG,60,32,3184,32.35,,,,,,,,,
7/31/2026,8/4/2026,353550,Paraguaçu Paulista - SP,58,43,4875,56.41,,,,,,,,,
7/31/2026,8/4/2026,431400,Paraí - RS,16,8,1205,17.98,,,,,,,,,
7/31/2026,8/4/2026,330370,Paraíba do Sul - RJ,81,56,4957,26.46,,,,,,,,,
7/31/2026,8/4/2026,210770,Paraibano - MA,10,5,574,15.09,,,,,,,,,
7/31/2026,8/4/2026,353560,Paraibuna - SP,19,11,1864,-,,,,,,,,,
7/31/2026,8/4/2026,231025,Paraipaba - CE,31,15,1753,79.46,,,,,,,,,
7/31/2026,8/4/2026,421223,Paraíso - SC,6,2,374,-,,,,,,,,,
7/31/2026,8/4/2026,353570,Paraíso - SP,4,5,710,0.26,,,,,,,,,
7/31/2026,8/4/2026,500627,Paraíso das Águas - MS,8,2,798,48.00,,,,,,,,,
7/31/2026,8/4/2026,411800,Paraíso do Norte - PR,14,15,1453,0.04,,,,,,,,,
7/31/2026,8/4/2026,431402,Paraíso do Sul - RS,6,2,547,-,,,,,,,,,
7/31/2026,8/4/2026,171610,Paraíso do Tocantins - TO,128,38,7378,17.49,,,,,,,,,
7/31/2026,8/4/2026,314730,Paraisópolis - MG,37,21,2019,44.02,,,,,,,,,
7/31/2026,8/4/2026,231030,Parambu - CE,15,9,1003,-,,,,,,,,,
7/31/2026,8/4/2026,292360,Paramirim - BA,21,11,1828,18.27,,,,,,,,,
7/31/2026,8/4/2026,231040,Paramoti - CE,7,1,370,21.16,,,,,,,,,
7/31/2026,8/4/2026,240860,Paraná - RN,0,1,89,-,,,,,,,,,
7/31/2026,8/4/2026,171620,Paranã - TO,4,4,505,13.15,,,,,,,,,
7/31/2026,8/4/2026,411810,Paranacity - PR,12,9,1098,41.92,,,,,,,,,
7/31/2026,8/4/2026,411820,Paranaguá - PR,393,193,18715,1.46,,,,,,,,,
7/31/2026,8/4/2026,500630,Paranaíba - MS,91,39,5377,18.98,,,,,,,,,
7/31/2026,8/4/2026,521630,Paranaiguara - GO,10,9,761,0.18,,,,,,,,,
7/31/2026,8/4/2026,510629,Paranaíta - MT,15,6,1151,9.20,,,,,,,,,
7/31/2026,8/4/2026,353580,Paranapanema - SP,46,20,2552,15.57,,,,,,,,,
7/31/2026,8/4/2026,411830,Paranapoema - PR,4,3,265,-,,,,,,,,,
7/31/2026,8/4/2026,353590,Paranapuã - SP,7,8,363,0.48,,,,,,,,,
7/31/2026,8/4/2026,261030,Paranatama - PE,10,3,374,-,,,,,,,,,
7/31/2026,8/4/2026,510630,Paranatinga - MT,40,26,3244,34.10,,,,,,,,,
7/31/2026,8/4/2026,411840,Paranavaí - PR,231,139,14310,10.58,,,,,,,,,
7/31/2026,8/4/2026,500635,Paranhos - MS,8,7,507,-,,,,,,,,,
7/31/2026,8/4/2026,314740,Paraopeba - MG,47,33,3004,50.13,,,,,,,,,
7/31/2026,8/4/2026,353600,Parapuã - SP,18,10,1228,8.57,,,,,,,,,
7/31/2026,8/4/2026,251065,Parari - PB,2,0,49,-,,,,,,,,,
7/31/2026,8/4/2026,292370,Paratinga - BA,10,4,756,-,,,,,,,,,
7/31/2026,8/4/2026,330380,Paraty - RJ,145,56,7580,22.75,,,,,,,,,
7/31/2026,8/4/2026,240870,Paraú - RN,5,1,114,-,,,,,,,,,
7/31/2026,8/4/2026,150553,Parauapebas - PA,505,259,25222,16.23,,,,,,,,,
7/31/2026,8/4/2026,521640,Paraúna - GO,13,9,1501,22.15,,,,,,,,,
7/31/2026,8/4/2026,240880,Parazinho - RN,4,1,275,-,,,,,,,,,
7/31/2026,8/4/2026,353610,Pardinho - SP,16,3,1214,-,,,,,,,,,
7/31/2026,8/4/2026,431403,Pareci Novo - RS,9,7,598,-,,,,,,,,,
7/31/2026,8/4/2026,110145,Parecis - RO,6,3,249,38.90,,,,,,,,,
7/31/2026,8/4/2026,240890,Parelhas - RN,35,19,2212,5.45,,,,,,,,,
7/31/2026,8/4/2026,270642,Pariconha - AL,3,1,240,-,,,,,,,,,
7/31/2026,8/4/2026,130340,Parintins - AM,65,43,4806,12.72,,,,,,,,,
7/31/2026,8/4/2026,292380,Paripiranga - BA,6,6,859,20.25,,,,,,,,,
7/31/2026,8/4/2026,270644,Paripueira - AL,12,9,1040,-,,,,,,,,,
7/31/2026,8/4/2026,353620,Pariquera-Açu - SP,34,37,2132,1.49,,,,,,,,,
7/31/2026,8/4/2026,353625,Parisi - SP,10,6,268,-,,,,,,,,,
7/31/2026,8/4/2026,220760,Parnaguá - PI,2,4,317,-,,,,,,,,,
7/31/2026,8/4/2026,220770,Parnaíba - PI,223,133,12832,3.29,,,,,,,,,
7/31/2026,8/4/2026,261040,Parnamirim - PE,8,6,549,-,,,,,,,,,
7/31/2026,8/4/2026,240325,Parnamirim - RN,591,351,30081,16.05,,,,,,,,,
7/31/2026,8/4/2026,210780,Parnarama - MA,12,10,763,-,,,,,,,,,
7/31/2026,8/4/2026,431405,Parobé - RS,139,95,7082,9.75,,,,,,,,,
7/31/2026,8/4/2026,240910,Passa E Fica - RN,9,4,624,1.37,,,,,,,,,
7/31/2026,8/4/2026,314760,Passa Quatro - MG,23,19,1996,-,,,,,,,,,
7/31/2026,8/4/2026,431406,Passa Sete - RS,3,0,181,0.00,,,,,,,,,
7/31/2026,8/4/2026,314770,Passa Tempo - MG,17,14,1046,-,,,,,,,,,
7/31/2026,8/4/2026,314750,Passabém - MG,2,1,123,-,,,,,,,,,
7/31/2026,8/4/2026,251070,Passagem - PB,8,0,106,162.25,,,,,,,,,
7/31/2026,8/4/2026,240920,Passagem - RN,6,2,280,-,,,,,,,,,
7/31/2026,8/4/2026,210790,Passagem Franca - MA,13,4,529,88.55,,,,,,,,,
7/31/2026,8/4/2026,220775,Passagem Franca do Piauí - PI,4,1,162,-,,,,,,,,,
7/31/2026,8/4/2026,314780,Passa-Vinte - MG,5,2,207,122.91,,,,,,,,,
7/31/2026,8/4/2026,261050,Passira - PE,12,5,824,90.09,,,,,,,,,
7/31/2026,8/4/2026,270650,Passo de Camaragibe - AL,15,9,716,37.10,,,,,,,,,
7/31/2026,8/4/2026,421225,Passo de Torres - SC,42,30,2125,150.52,,,,,,,,,
7/31/2026,8/4/2026,431407,Passo do Sobrado - RS,2,4,611,-,,,,,,,,,
7/31/2026,8/4/2026,431410,Passo Fundo - RS,743,389,38042,16.30,,,,,,,,,
7/31/2026,8/4/2026,314790,Passos - MG,248,161,14741,21.78,,,,,,,,,
7/31/2026,8/4/2026,421227,Passos Maia - SC,4,4,325,-,,,,,,,,,
7/31/2026,8/4/2026,210800,Pastos Bons - MA,13,10,698,0.06,,,,,,,,,
7/31/2026,8/4/2026,314795,Patis - MG,3,5,134,-,,,,,,,,,
7/31/2026,8/4/2026,411845,Pato Bragado - PR,11,6,893,7.34,,,,,,,,,
7/31/2026,8/4/2026,411850,Pato Branco - PR,405,166,18068,23.50,,,,,,,,,
7/31/2026,8/4/2026,251080,Patos - PB,143,111,10419,2.51,,,,,,,,,
7/31/2026,8/4/2026,314800,Patos de Minas - MG,495,286,27332,7.46,,,,,,,,,
7/31/2026,8/4/2026,220777,Patos do Piauí - PI,1,1,227,-,,,,,,,,,
7/31/2026,8/4/2026,314810,Patrocínio - MG,186,95,10283,39.66,,,,,,,,,
7/31/2026,8/4/2026,314820,Patrocínio do Muriaé - MG,13,5,603,-,,,,,,,,,
7/31/2026,8/4/2026,353630,Patrocínio Paulista - SP,29,16,1672,10.10,,,,,,,,,
7/31/2026,8/4/2026,240930,Patu - RN,9,5,558,0.09,,,,,,,,,
7/31/2026,8/4/2026,330385,Paty do Alferes - RJ,65,37,3309,16.07,,,,,,,,,
7/31/2026,8/4/2026,292390,Pau Brasil - BA,6,2,394,-,,,,,,,,,
7/31/2026,8/4/2026,150555,Pau D'Arco - PA,5,2,437,-,,,,,,,,,
7/31/2026,8/4/2026,171630,Pau D'Arco - TO,1,2,230,-,,,,,,,,,
7/31/2026,8/4/2026,220779,Pau D'Arco do Piauí - PI,1,1,100,-,,,,,,,,,
7/31/2026,8/4/2026,240940,Pau dos Ferros - RN,28,18,2789,59.50,,,,,,,,,
7/31/2026,8/4/2026,261060,Paudalho - PE,51,32,2794,86.82,,,,,,,,,
7/31/2026,8/4/2026,130350,Pauini - AM,4,8,415,21.03,,,,,,,,,
7/31/2026,8/4/2026,314830,Paula Cândido - MG,5,7,617,-,,,,,,,,,
7/31/2026,8/4/2026,411860,Paula Freitas - PR,9,4,552,63.15,,,,,,,,,
7/31/2026,8/4/2026,353640,Paulicéia - SP,13,5,784,2.84,,,,,,,,,
7/31/2026,8/4/2026,353650,Paulínia - SP,387,217,18851,41.77,,,,,,,,,
7/31/2026,8/4/2026,210805,Paulino Neves - MA,5,0,363,19.00,,,,,,,,,
7/31/2026,8/4/2026,251090,Paulista - PB,6,3,543,-,,,,,,,,,
7/31/2026,8/4/2026,261070,Paulista - PE,881,521,30897,58.62,,,,,,,,,
7/31/2026,8/4/2026,220780,Paulistana - PI,20,7,1298,0.35,,,,,,,,,
7/31/2026,8/4/2026,353657,Paulistânia - SP,1,0,210,-,,,,,,,,,
7/31/2026,8/4/2026,314840,Paulistas - MG,0,1,241,-,,,,,,,,,
7/31/2026,8/4/2026,292400,Paulo Afonso - BA,151,105,7924,19.92,,,,,,,,,
7/31/2026,8/4/2026,431413,Paulo Bento - RS,3,1,266,-,,,,,,,,,
7/31/2026,8/4/2026,353660,Paulo de Faria - SP,10,6,648,11.23,,,,,,,,,
7/31/2026,8/4/2026,411870,Paulo Frontin - PR,8,4,584,-,,,,,,,,,
7/31/2026,8/4/2026,270660,Paulo Jacinto - AL,1,2,222,-,,,,,,,,,
7/31/2026,8/4/2026,421230,Paulo Lopes - SC,28,15,1571,24.70,,,,,,,,,
7/31/2026,8/4/2026,210810,Paulo Ramos - MA,4,3,545,-,,,,,,,,,
7/31/2026,8/4/2026,314850,Pavão - MG,7,8,443,47.93,,,,,,,,,
7/31/2026,8/4/2026,431415,Paverama - RS,10,6,809,17.85,,,,,,,,,
7/31/2026,8/4/2026,220785,Pavussu - PI,0,1,123,-,,,,,,,,,
7/31/2026,8/4/2026,292405,Pé de Serra - BA,12,9,763,-,,,,,,,,,
7/31/2026,8/4/2026,411880,Peabiru - PR,24,11,1543,-,,,,,,,,,
7/31/2026,8/4/2026,314860,Peçanha - MG,4,6,913,-,,,,,,,,,
7/31/2026,8/4/2026,353670,Pederneiras - SP,99,55,5517,23.38,,,,,,,,,
7/31/2026,8/4/2026,261080,Pedra - PE,9,3,547,-,,,,,,,,,
7/31/2026,8/4/2026,314870,Pedra Azul - MG,26,10,1411,51.06,,,,,,,,,
7/31/2026,8/4/2026,353680,Pedra Bela - SP,6,8,686,-,,,,,,,,,
7/31/2026,8/4/2026,314875,Pedra Bonita - MG,2,2,234,-,,,,,,,,,
7/31/2026,8/4/2026,231050,Pedra Branca - CE,20,11,1513,5.34,,,,,,,,,
7/31/2026,8/4/2026,251100,Pedra Branca - PB,1,1,119,-,,,,,,,,,
7/31/2026,8/4/2026,160015,Pedra Branca do Amapari - AP,4,5,366,-,,,,,,,,,
7/31/2026,8/4/2026,314880,Pedra do Anta - MG,4,2,223,-,,,,,,,,,
7/31/2026,8/4/2026,314890,Pedra do Indaiá - MG,6,1,465,-,,,,,,,,,
7/31/2026,8/4/2026,314900,Pedra Dourada - MG,4,2,245,-,,,,,,,,,
7/31/2026,8/4/2026,240950,Pedra Grande - RN,0,0,147,-,,,,,,,,,
7/31/2026,8/4/2026,251110,Pedra Lavrada - PB,10,5,398,-,,,,,,,,,
7/31/2026,8/4/2026,280500,Pedra Mole - SE,0,0,49,-,,,,,,,,,
7/31/2026,8/4/2026,510637,Pedra Preta - MT,32,19,1767,136.78,,,,,,,,,
7/31/2026,8/4/2026,240960,Pedra Preta - RN,1,0,71,-,,,,,,,,,
7/31/2026,8/4/2026,314910,Pedralva - MG,12,9,819,163.03,,,,,,,,,
7/31/2026,8/4/2026,353690,Pedranópolis - SP,10,1,215,-,,,,,,,,,
7/31/2026,8/4/2026,292410,Pedrão - BA,3,4,244,-,,,,,,,,,
7/31/2026,8/4/2026,431417,Pedras Altas - RS,1,1,139,-,,,,,,,,,
7/31/2026,8/4/2026,251120,Pedras de Fogo - PB,29,14,1391,12.68,,,,,,,,,
7/31/2026,8/4/2026,314915,Pedras de Maria da Cruz - MG,7,5,411,0.12,,,,,,,,,
7/31/2026,8/4/2026,421240,Pedras Grandes - SC,3,0,463,-,,,,,,,,,
7/31/2026,8/4/2026,353700,Pedregulho - SP,18,14,1607,30.46,,,,,,,,,
7/31/2026,8/4/2026,353710,Pedreira - SP,99,66,7152,41.14,,,,,,,,,
7/31/2026,8/4/2026,210820,Pedreiras - MA,27,13,2253,0.09,,,,,,,,,
7/31/2026,8/4/2026,280510,Pedrinhas - SE,2,6,312,-,,,,,,,,,
7/31/2026,8/4/2026,353715,Pedrinhas Paulista - SP,13,1,468,121.59,,,,,,,,,
7/31/2026,8/4/2026,314920,Pedrinópolis - MG,7,2,322,-,,,,,,,,,
7/31/2026,8/4/2026,171650,Pedro Afonso - TO,17,10,1391,27.40,,,,,,,,,
7/31/2026,8/4/2026,292420,Pedro Alexandre - BA,4,0,172,-,,,,,,,,,
7/31/2026,8/4/2026,240970,Pedro Avelino - RN,1,2,259,-,,,,,,,,,
7/31/2026,8/4/2026,320405,Pedro Canário - ES,36,26,2198,0.15,,,,,,,,,
7/31/2026,8/4/2026,353720,Pedro de Toledo - SP,9,9,869,-,,,,,,,,,
7/31/2026,8/4/2026,210825,Pedro do Rosário - MA,4,1,295,-,,,,,,,,,
7/31/2026,8/4/2026,500640,Pedro Gomes - MS,17,11,801,13.08,,,,,,,,,
7/31/2026,8/4/2026,220790,Pedro Ii - PI,21,20,1910,2.53,,,,,,,,,
7/31/2026,8/4/2026,220793,Pedro Laurentino - PI,1,1,96,-,,,,,,,,,
7/31/2026,8/4/2026,314930,Pedro Leopoldo - MG,155,97,8036,74.05,,,,,,,,,
7/31/2026,8/4/2026,431420,Pedro Osório - RS,10,12,795,-,,,,,,,,,
7/31/2026,8/4/2026,251272,Pedro Régis - PB,1,0,173,-,,,,,,,,,
7/31/2026,8/4/2026,314940,Pedro Teixeira - MG,4,1,186,-,,,,,,,,,
7/31/2026,8/4/2026,240980,Pedro Velho - RN,6,2,461,48.41,,,,,,,,,
7/31/2026,8/4/2026,171660,Peixe - TO,9,5,886,0.36,,,,,,,,,
7/31/2026,8/4/2026,150560,Peixe-Boi - PA,1,0,242,-,,,,,,,,,
7/31/2026,8/4/2026,510642,Peixoto de Azevedo - MT,57,22,3225,32.69,,,,,,,,,
7/31/2026,8/4/2026,431430,Pejuçara - RS,9,7,544,7.69,,,,,,,,,
7/31/2026,8/4/2026,431440,Pelotas - RS,891,586,45419,14.08,,,,,,,,,
7/31/2026,8/4/2026,231060,Penaforte - CE,5,7,352,-,,,,,,,,,
7/31/2026,8/4/2026,210830,Penalva - MA,13,6,580,2.62,,,,,,,,,
7/31/2026,8/4/2026,353730,Penápolis - SP,121,70,8054,11.20,,,,,,,,,
7/31/2026,8/4/2026,240990,Pendências - RN,8,11,662,-,,,,,,,,,
7/31/2026,8/4/2026,270670,Penedo - AL,66,52,4165,40.58,,,,,,,,,
7/31/2026,8/4/2026,421250,Penha - SC,127,73,8196,19.74,,,,,,,,,
7/31/2026,8/4/2026,231070,Pentecoste - CE,18,13,1534,28.44,,,,,,,,,
7/31/2026,8/4/2026,314950,Pequeri - MG,9,8,494,-,,,,,,,,,
7/31/2026,8/4/2026,314960,Pequi - MG,9,3,441,-,,,,,,,,,
7/31/2026,8/4/2026,171665,Pequizeiro - TO,4,1,275,-,,,,,,,,,
7/31/2026,8/4/2026,314970,Perdigão - MG,38,22,1821,9.13,,,,,,,,,
7/31/2026,8/4/2026,314980,Perdizes - MG,26,7,1635,1.09,,,,,,,,,
7/31/2026,8/4/2026,314990,Perdões - MG,54,32,3132,1.75,,,,,,,,,
7/31/2026,8/4/2026,353740,Pereira Barreto - SP,43,24,2900,23.78,,,,,,,,,
7/31/2026,8/4/2026,353750,Pereiras - SP,20,13,1032,18.95,,,,,,,,,
7/31/2026,8/4/2026,231080,Pereiro - CE,7,3,514,20.07,,,,,,,,,
7/31/2026,8/4/2026,210840,Peri Mirim - MA,7,4,204,-,,,,,,,,,
7/31/2026,8/4/2026,314995,Periquito - MG,10,9,502,1.63,,,,,,,,,
7/31/2026,8/4/2026,421260,Peritiba - SC,3,2,438,44.14,,,,,,,,,
7/31/2026,8/4/2026,210845,Peritoró - MA,7,7,484,0.00,,,,,,,,,
7/31/2026,8/4/2026,411885,Perobal - PR,30,8,758,3.67,,,,,,,,,
7/31/2026,8/4/2026,411890,Pérola - PR,34,13,1684,2.02,,,,,,,,,
7/31/2026,8/4/2026,411900,Pérola D'Oeste - PR,11,2,736,13.00,,,,,,,,,
7/31/2026,8/4/2026,521645,Perolândia - GO,10,6,323,-,,,,,,,,,
7/31/2026,8/4/2026,353760,Peruíbe - SP,241,128,10888,40.88,,,,,,,,,
7/31/2026,8/4/2026,315000,Pescador - MG,3,2,177,-,,,,,,,,,
7/31/2026,8/4/2026,421265,Pescaria Brava - SC,23,15,919,22.51,,,,,,,,,
7/31/2026,8/4/2026,261090,Pesqueira - PE,37,23,2699,8.67,,,,,,,,,
7/31/2026,8/4/2026,261100,Petrolândia - PE,27,22,1647,60.61,,,,,,,,,
7/31/2026,8/4/2026,421270,Petrolândia - SC,10,4,634,-,,,,,,,,,
7/31/2026,8/4/2026,261110,Petrolina - PE,839,443,40919,32.15,,,,,,,,,
7/31/2026,8/4/2026,521680,Petrolina de Goiás - GO,12,5,1104,27.63,,,,,,,,,
7/31/2026,8/4/2026,330390,Petrópolis - RJ,673,379,44354,20.47,,,,,,,,,
7/31/2026,8/4/2026,270680,Piaçabuçu - AL,12,3,486,0.14,,,,,,,,,
7/31/2026,8/4/2026,353770,Piacatu - SP,8,5,686,-,,,,,,,,,
7/31/2026,8/4/2026,251130,Piancó - PB,8,1,789,-,,,,,,,,,
7/31/2026,8/4/2026,292430,Piatã - BA,13,6,850,-,,,,,,,,,
7/31/2026,8/4/2026,315010,Piau - MG,2,3,206,-,,,,,,,,,
7/31/2026,8/4/2026,431442,Picada Café - RS,7,7,795,0.00,,,,,,,,,
7/31/2026,8/4/2026,150563,Piçarra - PA,5,1,500,-,,,,,,,,,
7/31/2026,8/4/2026,220800,Picos - PI,109,70,8400,3.69,,,,,,,,,
7/31/2026,8/4/2026,251140,Picuí - PB,34,15,1360,4.75,,,,,,,,,
7/31/2026,8/4/2026,353780,Piedade - SP,88,43,5687,11.32,,,,,,,,,
7/31/2026,8/4/2026,315015,Piedade de Caratinga - MG,9,10,1050,-,,,,,,,,,
7/31/2026,8/4/2026,315020,Piedade de Ponte Nova - MG,6,1,304,-,,,,,,,,,
7/31/2026,8/4/2026,315030,Piedade do Rio Grande - MG,4,4,350,-,,,,,,,,,
7/31/2026,8/4/2026,315040,Piedade dos Gerais - MG,3,4,471,-,,,,,,,,,
7/31/2026,8/4/2026,411910,Piên - PR,27,11,1566,71.48,,,,,,,,,
7/31/2026,8/4/2026,292440,Pilão Arcado - BA,18,7,680,-,,,,,,,,,
7/31/2026,8/4/2026,270690,Pilar - AL,45,34,2230,21.48,,,,,,,,,
7/31/2026,8/4/2026,251150,Pilar - PB,8,5,504,-,,,,,,,,,
7/31/2026,8/4/2026,521690,Pilar de Goiás - GO,1,1,177,-,,,,,,,,,
7/31/2026,8/4/2026,353790,Pilar do Sul - SP,55,32,3308,9.74,,,,,,,,,
7/31/2026,8/4/2026,251160,Pilões - PB,5,4,300,-,,,,,,,,,
7/31/2026,8/4/2026,241000,Pilões - RN,0,0,103,-,,,,,,,,,
7/31/2026,8/4/2026,251170,Pilõezinhos - PB,3,0,170,-,,,,,,,,,
7/31/2026,8/4/2026,315050,Pimenta - MG,13,6,1128,-,,,,,,,,,
7/31/2026,8/4/2026,110018,Pimenta Bueno - RO,73,42,4327,5.02,,,,,,,,,
7/31/2026,8/4/2026,220810,Pimenteiras - PI,3,1,304,-,,,,,,,,,
7/31/2026,8/4/2026,110146,Pimenteiras do Oeste - RO,5,1,186,-,,,,,,,,,
7/31/2026,8/4/2026,292450,Pindaí - BA,6,2,484,-,,,,,,,,,
7/31/2026,8/4/2026,353800,Pindamonhangaba - SP,451,263,19580,36.46,,,,,,,,,
7/31/2026,8/4/2026,210850,Pindaré-Mirim - MA,15,7,764,10.42,,,,,,,,,
7/31/2026,8/4/2026,270700,Pindoba - AL,0,0,57,-,,,,,,,,,
7/31/2026,8/4/2026,292460,Pindobaçu - BA,11,8,801,-,,,,,,,,,
7/31/2026,8/4/2026,353810,Pindorama - SP,29,20,1734,89.49,,,,,,,,,
7/31/2026,8/4/2026,171700,Pindorama do Tocantins - TO,1,4,231,-,,,,,,,,,
7/31/2026,8/4/2026,231085,Pindoretama - CE,27,14,1441,-,,,,,,,,,
7/31/2026,8/4/2026,315053,Pingo-D'Água - MG,6,2,476,-,,,,,,,,,
7/31/2026,8/4/2026,411915,Pinhais - PR,602,331,26732,15.77,,,,,,,,,
7/31/2026,8/4/2026,431445,Pinhal - RS,1,2,336,0.13,,,,,,,,,
7/31/2026,8/4/2026,431446,Pinhal da Serra - RS,2,3,213,0.00,,,,,,,,,
7/31/2026,8/4/2026,411925,Pinhal de São Bento - PR,3,1,158,-,,,,,,,,,
7/31/2026,8/4/2026,431447,Pinhal Grande - RS,2,3,272,0.01,,,,,,,,,
7/31/2026,8/4/2026,411920,Pinhalão - PR,10,5,633,0.10,,,,,,,,,
7/31/2026,8/4/2026,421290,Pinhalzinho - SC,69,38,4504,42.75,,,,,,,,,
7/31/2026,8/4/2026,353820,Pinhalzinho - SP,32,12,2151,88.19,,,,,,,,,
7/31/2026,8/4/2026,411930,Pinhão - PR,36,34,2449,13.08,,,,,,,,,
7/31/2026,8/4/2026,280520,Pinhão - SE,5,0,167,0.02,,,,,,,,,
7/31/2026,8/4/2026,330395,Pinheiral - RJ,43,33,2636,39.50,,,,,,,,,
7/31/2026,8/4/2026,431449,Pinheirinho do Vale - RS,8,0,401,0.02,,,,,,,,,
7/31/2026,8/4/2026,210860,Pinheiro - MA,56,29,3433,61.53,,,,,,,,,
7/31/2026,8/4/2026,431450,Pinheiro Machado - RS,16,16,943,-,,,,,,,,,
7/31/2026,8/4/2026,421300,Pinheiro Preto - SC,7,4,431,-,,,,,,,,,
7/31/2026,8/4/2026,320410,Pinheiros - ES,42,23,2359,3.25,,,,,,,,,
7/31/2026,8/4/2026,292465,Pintadas - BA,9,3,559,-,,,,,,,,,
7/31/2026,8/4/2026,431454,Pinto Bandeira - RS,3,2,373,16.69,,,,,,,,,
7/31/2026,8/4/2026,315057,Pintópolis - MG,7,3,315,-,,,,,,,,,
7/31/2026,8/4/2026,220820,Pio Ix - PI,6,2,664,0.02,,,,,,,,,
7/31/2026,8/4/2026,210870,Pio Xii - MA,13,9,593,23.01,,,,,,,,,
7/31/2026,8/4/2026,353830,Piquerobi - SP,4,2,349,-,,,,,,,,,
7/31/2026,8/4/2026,231090,Piquet Carneiro - CE,10,6,552,0.00,,,,,,,,,
7/31/2026,8/4/2026,353850,Piquete - SP,15,12,1030,102.95,,,,,,,,,
7/31/2026,8/4/2026,353860,Piracaia - SP,75,38,4411,23.11,,,,,,,,,
7/31/2026,8/4/2026,521710,Piracanjuba - GO,41,20,2579,7.70,,,,,,,,,
7/31/2026,8/4/2026,315060,Piracema - MG,10,7,693,78.91,,,,,,,,,
7/31/2026,8/4/2026,353870,Piracicaba - SP,1270,696,64929,76.59,,,,,,,,,
7/31/2026,8/4/2026,220830,Piracuruca - PI,18,13,1749,0.06,,,,,,,,,
7/31/2026,8/4/2026,330400,Piraí - RJ,47,24,2498,16.80,,,,,,,,,
7/31/2026,8/4/2026,292467,Piraí do Norte - BA,7,2,296,24.10,,,,,,,,,
7/31/2026,8/4/2026,411940,Piraí do Sul - PR,27,20,2212,-,,,,,,,,,
7/31/2026,8/4/2026,353880,Piraju - SP,47,32,4033,19.60,,,,,,,,,
7/31/2026,8/4/2026,315070,Pirajuba - MG,9,9,587,6.11,,,,,,,,,
7/31/2026,8/4/2026,353890,Pirajuí - SP,23,23,2225,21.94,,,,,,,,,
7/31/2026,8/4/2026,280530,Pirambu - SE,6,6,338,0.01,,,,,,,,,
7/31/2026,8/4/2026,315080,Piranga - MG,20,10,1050,59.27,,,,,,,,,
7/31/2026,8/4/2026,353900,Pirangi - SP,19,14,1644,-,,,,,,,,,
7/31/2026,8/4/2026,315090,Piranguçu - MG,5,8,533,48.55,,,,,,,,,
7/31/2026,8/4/2026,315100,Piranguinho - MG,15,6,996,-,,,,,,,,,
7/31/2026,8/4/2026,270710,Piranhas - AL,17,15,1054,44.23,,,,,,,,,
7/31/2026,8/4/2026,521720,Piranhas - GO,11,15,1163,7.64,,,,,,,,,
7/31/2026,8/4/2026,210880,Pirapemas - MA,5,3,299,-,,,,,,,,,
7/31/2026,8/4/2026,315110,Pirapetinga - MG,16,7,1089,-,,,,,,,,,
7/31/2026,8/4/2026,431455,Pirapó - RS,1,1,134,-,,,,,,,,,
7/31/2026,8/4/2026,315120,Pirapora - MG,103,59,5597,3.49,,,,,,,,,
7/31/2026,8/4/2026,353910,Pirapora do Bom Jesus - SP,51,26,2102,4.24,,,,,,,,,
7/31/2026,8/4/2026,353920,Pirapozinho - SP,58,35,3052,13.72,,,,,,,,,
7/31/2026,8/4/2026,411950,Piraquara - PR,371,200,15095,13.14,,,,,,,,,
7/31/2026,8/4/2026,171720,Piraquê - TO,2,0,104,-,,,,,,,,,
7/31/2026,8/4/2026,353930,Pirassununga - SP,164,75,9002,12.38,,,,,,,,,
7/31/2026,8/4/2026,431460,Piratini - RS,24,11,1304,6.77,,,,,,,,,
7/31/2026,8/4/2026,353940,Piratininga - SP,45,19,2424,36.67,,,,,,,,,
7/31/2026,8/4/2026,421310,Piratuba - SC,15,3,1113,-,,,,,,,,,
7/31/2026,8/4/2026,315130,Piraúba - MG,20,12,1174,-,,,,,,,,,
7/31/2026,8/4/2026,521730,Pirenópolis - GO,70,23,3449,1.84,,,,,,,,,
7/31/2026,8/4/2026,521740,Pires do Rio - GO,76,41,4023,44.77,,,,,,,,,
7/31/2026,8/4/2026,231095,Pires Ferreira - CE,4,1,293,0.00,,,,,,,,,
7/31/2026,8/4/2026,292470,Piripá - BA,0,3,426,-,,,,,,,,,
7/31/2026,8/4/2026,220840,Piripiri - PI,41,45,3653,7.50,,,,,,,,,
7/31/2026,8/4/2026,292480,Piritiba - BA,4,13,765,-,,,,,,,,,
7/31/2026,8/4/2026,251180,Pirpirituba - PB,14,4,516,0.04,,,,,,,,,
7/31/2026,8/4/2026,411960,Pitanga - PR,51,33,3763,4.70,,,,,,,,,
7/31/2026,8/4/2026,411965,Pitangueiras - PR,0,2,325,-,,,,,,,,,
7/31/2026,8/4/2026,353950,Pitangueiras - SP,63,35,3147,65.92,,,,,,,,,
7/31/2026,8/4/2026,315140,Pitangui - MG,53,37,3769,21.26,,,,,,,,,
7/31/2026,8/4/2026,251190,Pitimbu - PB,13,10,737,-,,,,,,,,,
7/31/2026,8/4/2026,171750,Pium - TO,3,2,446,-,,,,,,,,,
7/31/2026,8/4/2026,320420,Piúma - ES,76,43,3623,2.15,,,,,,,,,
7/31/2026,8/4/2026,315150,Piumhi - MG,87,49,5162,32.37,,,,,,,,,
7/31/2026,8/4/2026,150565,Placas - PA,17,7,687,56.63,,,,,,,,,
7/31/2026,8/4/2026,120038,Plácido de Castro - AC,8,4,605,24.00,,,,,,,,,
7/31/2026,8/4/2026,521760,Planaltina - GO,199,137,8752,2.16,,,,,,,,,
7/31/2026,8/4/2026,411970,Planaltina do Paraná - PR,6,2,402,51.57,,,,,,,,,
7/31/2026,8/4/2026,292490,Planaltino - BA,3,1,239,-,,,,,,,,,
7/31/2026,8/4/2026,292500,Planalto - BA,16,15,1243,-,,,,,,,,,
7/31/2026,8/4/2026,411980,Planalto - PR,29,5,1321,0.06,,,,,,,,,
7/31/2026,8/4/2026,431470,Planalto - RS,14,5,1105,16.92,,,,,,,,,
7/31/2026,8/4/2026,353960,Planalto - SP,10,3,573,-,,,,,,,,,
7/31/2026,8/4/2026,421315,Planalto Alegre - SC,8,2,372,17.16,,,,,,,,,
7/31/2026,8/4/2026,510645,Planalto da Serra - MT,4,4,372,22.26,,,,,,,,,
7/31/2026,8/4/2026,315160,Planura - MG,16,16,1050,11.25,,,,,,,,,
7/31/2026,8/4/2026,353970,Platina - SP,2,1,248,-,,,,,,,,,
7/31/2026,8/4/2026,353980,Poá - SP,406,215,15838,38.62,,,,,,,,,
7/31/2026,8/4/2026,261120,Poção - PE,5,4,342,-,,,,,,,,,
7/31/2026,8/4/2026,210890,Poção de Pedras - MA,6,4,384,-,,,,,,,,,
7/31/2026,8/4/2026,251200,Pocinhos - PB,21,12,860,-,,,,,,,,,
7/31/2026,8/4/2026,241010,Poço Branco - RN,9,3,400,-,,,,,,,,,
7/31/2026,8/4/2026,251203,Poço Dantas - PB,8,3,136,-,,,,,,,,,
7/31/2026,8/4/2026,431475,Poço das Antas - RS,4,1,231,-,,,,,,,,,
7/31/2026,8/4/2026,270720,Poço das Trincheiras - AL,3,2,196,-,,,,,,,,,
7/31/2026,8/4/2026,251207,Poço de José de Moura - PB,1,0,236,-,,,,,,,,,
7/31/2026,8/4/2026,315170,Poço Fundo - MG,22,7,1507,21.95,,,,,,,,,
7/31/2026,8/4/2026,280540,Poço Redondo - SE,14,8,722,2.37,,,,,,,,,
7/31/2026,8/4/2026,280550,Poço Verde - SE,7,7,886,-,,,,,,,,,
7/31/2026,8/4/2026,292510,Poções - BA,54,31,3009,17.22,,,,,,,,,
7/31/2026,8/4/2026,510650,Poconé - MT,76,33,2931,17.37,,,,,,,,,
7/31/2026,8/4/2026,315180,Poços de Caldas - MG,502,315,27732,9.25,,,,,,,,,
7/31/2026,8/4/2026,315190,Pocrane - MG,5,3,503,-,,,,,,,,,
7/31/2026,8/4/2026,292520,Pojuca - BA,72,38,2694,24.48,,,,,,,,,
7/31/2026,8/4/2026,353990,Poloni - SP,13,5,764,-,,,,,,,,,
7/31/2026,8/4/2026,251210,Pombal - PB,29,20,2230,0.01,,,,,,,,,
7/31/2026,8/4/2026,261130,Pombos - PE,24,9,1244,84.15,,,,,,,,,
7/31/2026,8/4/2026,421320,Pomerode - SC,99,53,6166,9.13,,,,,,,,,
7/31/2026,8/4/2026,354000,Pompéia - SP,37,17,2823,52.21,,,,,,,,,
7/31/2026,8/4/2026,315200,Pompéu - MG,66,32,4346,12.41,,,,,,,,,
7/31/2026,8/4/2026,354010,Pongaí - SP,11,1,378,-,,,,,,,,,
7/31/2026,8/4/2026,150570,Ponta de Pedras - PA,7,3,522,-,,,,,,,,,
7/31/2026,8/4/2026,411990,Ponta Grossa - PR,1082,638,59922,6.17,,,,,,,,,
7/31/2026,8/4/2026,500660,Ponta Porã - MS,209,107,10013,29.76,,,,,,,,,
7/31/2026,8/4/2026,354020,Pontal - SP,92,33,4037,46.91,,,,,,,,,
7/31/2026,8/4/2026,510665,Pontal do Araguaia - MT,24,4,963,24.00,,,,,,,,,
7/31/2026,8/4/2026,411995,Pontal do Paraná - PR,130,74,6116,21.14,,,,,,,,,
7/31/2026,8/4/2026,521770,Pontalina - GO,34,19,2280,34.77,,,,,,,,,
7/31/2026,8/4/2026,354025,Pontalinda - SP,2,2,287,18.84,,,,,,,,,
7/31/2026,8/4/2026,431477,Pontão - RS,4,1,414,-,,,,,,,,,
7/31/2026,8/4/2026,421330,Ponte Alta - SC,8,2,449,-,,,,,,,,,
7/31/2026,8/4/2026,171780,Ponte Alta do Bom Jesus - TO,1,1,205,-,,,,,,,,,
7/31/2026,8/4/2026,421335,Ponte Alta do Norte - SC,4,5,348,-,,,,,,,,,
7/31/2026,8/4/2026,171790,Ponte Alta do Tocantins - TO,4,5,503,-,,,,,,,,,
7/31/2026,8/4/2026,510670,Ponte Branca - MT,4,1,353,-,,,,,,,,,
7/31/2026,8/4/2026,315210,Ponte Nova - MG,114,76,7856,8.54,,,,,,,,,
7/31/2026,8/4/2026,431478,Ponte Preta - RS,0,0,161,-,,,,,,,,,
7/31/2026,8/4/2026,421340,Ponte Serrada - SC,19,7,1465,65.18,,,,,,,,,
7/31/2026,8/4/2026,510675,Pontes E Lacerda - MT,157,59,8044,12.04,,,,,,,,,
7/31/2026,8/4/2026,354030,Pontes Gestal - SP,6,3,231,19.91,,,,,,,,,
7/31/2026,8/4/2026,320425,Ponto Belo - ES,9,6,647,-,,,,,,,,,
7/31/2026,8/4/2026,315213,Ponto Chique - MG,3,0,179,-,,,,,,,,,
7/31/2026,8/4/2026,315217,Ponto dos Volantes - MG,8,3,550,-,,,,,,,,,
7/31/2026,8/4/2026,292525,Ponto Novo - BA,8,8,713,-,,,,,,,,,
7/31/2026,8/4/2026,354040,Populina - SP,5,2,335,-,,,,,,,,,
7/31/2026,8/4/2026,231100,Poranga - CE,9,3,361,107.07,,,,,,,,,
7/31/2026,8/4/2026,354050,Porangaba - SP,18,12,1179,-,,,,,,,,,
7/31/2026,8/4/2026,521800,Porangatu - GO,84,38,4791,0.05,,,,,,,,,
7/31/2026,8/4/2026,330410,Porciúncula - RJ,26,13,1697,26.11,,,,,,,,,
7/31/2026,8/4/2026,412000,Porecatu - PR,27,12,1416,0.48,,,,,,,,,
7/31/2026,8/4/2026,241020,Portalegre - RN,7,1,369,-,,,,,,,,,
7/31/2026,8/4/2026,431480,Portão - RS,125,50,5794,13.66,,,,,,,,,
7/31/2026,8/4/2026,521805,Porteirão - GO,2,4,453,-,,,,,,,,,
7/31/2026,8/4/2026,231110,Porteiras - CE,9,6,465,12.08,,,,,,,,,
7/31/2026,8/4/2026,315220,Porteirinha - MG,37,26,2749,106.08,,,,,,,,,
7/31/2026,8/4/2026,150580,Portel - PA,33,11,1818,26.94,,,,,,,,,
7/31/2026,8/4/2026,521810,Portelândia - GO,24,6,614,-,,,,,,,,,
7/31/2026,8/4/2026,220850,Porto - PI,6,5,374,-,,,,,,,,,
7/31/2026,8/4/2026,120080,Porto Acre - AC,12,5,485,-,,,,,,,,,
7/31/2026,8/4/2026,431490,Porto Alegre - RS,4773,2733,260859,4.53,,,,,,,,,
7/31/2026,8/4/2026,510677,Porto Alegre do Norte - MT,14,7,1200,39.56,,,,,,,,,
7/31/2026,8/4/2026,220855,Porto Alegre do Piauí - PI,1,0,89,-,,,,,,,,,
7/31/2026,8/4/2026,171800,Porto Alegre do Tocantins - TO,5,0,191,-,,,,,,,,,
7/31/2026,8/4/2026,412010,Porto Amazonas - PR,12,6,611,0.14,,,,,,,,,
7/31/2026,8/4/2026,412015,Porto Barreiro - PR,0,2,172,-,,,,,,,,,
7/31/2026,8/4/2026,421350,Porto Belo - SC,125,69,7342,52.05,,,,,,,,,
7/31/2026,8/4/2026,270730,Porto Calvo - AL,26,12,1241,-,,,,,,,,,
7/31/2026,8/4/2026,280560,Porto da Folha - SE,10,7,519,0.53,,,,,,,,,
7/31/2026,8/4/2026,150590,Porto de Moz - PA,20,7,1015,-,,,,,,,,,
7/31/2026,8/4/2026,270740,Porto de Pedras - AL,15,6,746,61.89,,,,,,,,,
7/31/2026,8/4/2026,241025,Porto do Mangue - RN,4,2,218,-,,,,,,,,,
7/31/2026,8/4/2026,510680,Porto dos Gaúchos - MT,13,18,801,-,,,,,,,,,
7/31/2026,8/4/2026,510682,Porto Esperidião - MT,12,4,967,-,,,,,,,,,
7/31/2026,8/4/2026,510685,Porto Estrela - MT,0,1,294,-,,,,,,,,,
7/31/2026,8/4/2026,354060,Porto Feliz - SP,145,72,7792,24.89,,,,,,,,,
7/31/2026,8/4/2026,354070,Porto Ferreira - SP,134,51,8423,8.69,,,,,,,,,
7/31/2026,8/4/2026,315230,Porto Firme - MG,12,7,721,-,,,,,,,,,
7/31/2026,8/4/2026,210900,Porto Franco - MA,11,5,1673,0.02,,,,,,,,,
7/31/2026,8/4/2026,160053,Porto Grande - AP,10,8,736,58.37,,,,,,,,,
7/31/2026,8/4/2026,431500,Porto Lucena - RS,5,1,372,-,,,,,,,,,
7/31/2026,8/4/2026,431505,Porto Mauá - RS,3,1,223,-,,,,,,,,,
7/31/2026,8/4/2026,500690,Porto Murtinho - MS,9,5,1115,-,,,,,,,,,
7/31/2026,8/4/2026,171820,Porto Nacional - TO,145,76,8269,8.99,,,,,,,,,
7/31/2026,8/4/2026,330411,Porto Real - RJ,42,21,2275,26.12,,,,,,,,,
7/31/2026,8/4/2026,270750,Porto Real do Colégio - AL,8,3,433,21.35,,,,,,,,,
7/31/2026,8/4/2026,412020,Porto Rico - PR,15,7,743,-,,,,,,,,,
7/31/2026,8/4/2026,210905,Porto Rico do Maranhão - MA,1,0,98,-,,,,,,,,,
7/31/2026,8/4/2026,292530,Porto Seguro - BA,481,249,23740,16.01,,,,,,,,,
7/31/2026,8/4/2026,421360,Porto União - SC,74,37,4300,23.64,,,,,,,,,
7/31/2026,8/4/2026,110020,Porto Velho - RO,1128,643,48278,8.49,,,,,,,,,
7/31/2026,8/4/2026,431507,Porto Vera Cruz - RS,2,1,122,0.00,,,,,,,,,
7/31/2026,8/4/2026,412030,Porto Vitória - PR,2,2,366,-,,,,,,,,,
7/31/2026,8/4/2026,120039,Porto Walter - AC,2,2,184,20.43,,,,,,,,,
7/31/2026,8/4/2026,431510,Porto Xavier - RS,12,7,1429,16.58,,,,,,,,,
7/31/2026,8/4/2026,521830,Posse - GO,68,31,3814,9.97,,,,,,,,,
7/31/2026,8/4/2026,315240,Poté - MG,16,7,857,-,,,,,,,,,
7/31/2026,8/4/2026,231120,Potengi - CE,6,0,293,8.31,,,,,,,,,
7/31/2026,8/4/2026,354075,Potim - SP,33,23,1884,54.76,,,,,,,,,
7/31/2026,8/4/2026,292540,Potiraguá - BA,5,3,427,-,,,,,,,,,
7/31/2026,8/4/2026,354080,Potirendaba - SP,39,14,2639,25.04,,,,,,,,,
7/31/2026,8/4/2026,231123,Potiretama - CE,2,3,205,-,,,,,,,,,
7/31/2026,8/4/2026,315250,Pouso Alegre - MG,513,304,24557,11.15,,,,,,,,,
7/31/2026,8/4/2026,315260,Pouso Alto - MG,16,6,793,-,,,,,,,,,
7/31/2026,8/4/2026,431513,Pouso Novo - RS,2,0,150,-,,,,,,,,,
7/31/2026,8/4/2026,421370,Pouso Redondo - SC,33,27,2454,1.21,,,,,,,,,
7/31/2026,8/4/2026,510700,Poxoréu - MT,30,22,1923,35.12,,,,,,,,,
7/31/2026,8/4/2026,354085,Pracinha - SP,5,0,122,-,,,,,,,,,
7/31/2026,8/4/2026,160055,Pracuúba - AP,1,0,52,-,,,,,,,,,
7/31/2026,8/4/2026,292550,Prado - BA,34,16,2635,66.13,,,,,,,,,
7/31/2026,8/4/2026,412033,Prado Ferreira - PR,7,5,440,94.28,,,,,,,,,
7/31/2026,8/4/2026,354090,Pradópolis - SP,38,17,2536,41.16,,,,,,,,,
7/31/2026,8/4/2026,315270,Prados - MG,18,13,1266,-,,,,,,,,,
7/31/2026,8/4/2026,421380,Praia Grande - SC,20,15,1220,2.00,,,,,,,,,
7/31/2026,8/4/2026,354100,Praia Grande - SP,1545,762,58745,53.54,,,,,,,,,
7/31/2026,8/4/2026,171830,Praia Norte - TO,3,3,208,-,,,,,,,,,
7/31/2026,8/4/2026,150600,Prainha - PA,10,8,704,-,,,,,,,,,
7/31/2026,8/4/2026,412035,Pranchita - PR,14,5,744,17.21,,,,,,,,,
7/31/2026,8/4/2026,315280,Prata - MG,56,29,3332,1.87,,,,,,,,,
7/31/2026,8/4/2026,251220,Prata - PB,2,2,243,-,,,,,,,,,
7/31/2026,8/4/2026,220860,Prata do Piauí - PI,2,0,128,-,,,,,,,,,
7/31/2026,8/4/2026,354105,Pratânia - SP,9,7,589,-,,,,,,,,,
7/31/2026,8/4/2026,315290,Pratápolis - MG,11,9,852,9.07,,,,,,,,,
7/31/2026,8/4/2026,315300,Pratinha - MG,4,2,218,-,,,,,,,,,
7/31/2026,8/4/2026,354110,Presidente Alves - SP,6,5,397,-,,,,,,,,,
7/31/2026,8/4/2026,315310,Presidente Bernardes - MG,5,0,272,53.19,,,,,,,,,
7/31/2026,8/4/2026,354120,Presidente Bernardes - SP,17,13,1406,101.98,,,,,,,,,
7/31/2026,8/4/2026,421390,Presidente Castello Branco - SC,2,0,212,-,,,,,,,,,
7/31/2026,8/4/2026,412040,Presidente Castelo Branco - PR,17,4,581,65.76,,,,,,,,,
7/31/2026,8/4/2026,292560,Presidente Dutra - BA,8,4,394,-,,,,,,,,,
7/31/2026,8/4/2026,210910,Presidente Dutra - MA,42,17,3027,6.01,,,,,,,,,
7/31/2026,8/4/2026,354130,Presidente Epitácio - SP,65,36,4745,16.44,,,,,,,,,
7/31/2026,8/4/2026,130353,Presidente Figueiredo - AM,30,16,2189,32.51,,,,,,,,,
7/31/2026,8/4/2026,421400,Presidente Getúlio - SC,46,17,2843,13.15,,,,,,,,,
7/31/2026,8/4/2026,292570,Presidente Jânio Quadros - BA,4,6,421,-,,,,,,,,,
7/31/2026,8/4/2026,210920,Presidente Juscelino - MA,2,1,182,-,,,,,,,,,
7/31/2026,8/4/2026,315320,Presidente Juscelino - MG,3,0,212,-,,,,,,,,,
7/31/2026,8/4/2026,320430,Presidente Kennedy - ES,22,17,1225,34.13,,,,,,,,,
7/31/2026,8/4/2026,171840,Presidente Kennedy - TO,1,2,274,-,,,,,,,,,
7/31/2026,8/4/2026,315330,Presidente Kubitschek - MG,7,3,382,-,,,,,,,,,
7/31/2026,8/4/2026,431514,Presidente Lucena - RS,6,3,479,48.00,,,,,,,,,
7/31/2026,8/4/2026,210923,Presidente Médici - MA,2,1,168,-,,,,,,,,,
7/31/2026,8/4/2026,110025,Presidente Médici - RO,25,14,1531,2.95,,,,,,,,,
7/31/2026,8/4/2026,421410,Presidente Nereu - SC,4,3,241,1.08,,,,,,,,,
7/31/2026,8/4/2026,315340,Presidente Olegário - MG,34,19,1663,0.49,,,,,,,,,
7/31/2026,8/4/2026,354140,Presidente Prudente - SP,832,409,39600,22.67,,,,,,,,,
7/31/2026,8/4/2026,210927,Presidente Sarney - MA,3,3,379,-,,,,,,,,,
7/31/2026,8/4/2026,292575,Presidente Tancredo Neves - BA,33,12,1332,14.53,,,,,,,,,
7/31/2026,8/4/2026,210930,Presidente Vargas - MA,5,1,159,-,,,,,,,,,
7/31/2026,8/4/2026,354150,Presidente Venceslau - SP,57,44,4377,26.84,,,,,,,,,
7/31/2026,8/4/2026,150610,Primavera - PA,9,4,456,-,,,,,,,,,
7/31/2026,8/4/2026,261140,Primavera - PE,3,3,418,-,,,,,,,,,
7/31/2026,8/4/2026,110147,Primavera de Rondônia - RO,2,1,187,-,,,,,,,,,
7/31/2026,8/4/2026,510704,Primavera do Leste - MT,368,130,16562,44.71,,,,,,,,,
7/31/2026,8/4/2026,210940,Primeira Cruz - MA,2,3,131,-,,,,,,,,,
7/31/2026,8/4/2026,412050,Primeiro de Maio - PR,11,6,1029,21.17,,,,,,,,,
7/31/2026,8/4/2026,421415,Princesa - SC,4,1,263,-,,,,,,,,,
7/31/2026,8/4/2026,251230,Princesa Isabel - PB,19,9,1316,21.26,,,,,,,,,
7/31/2026,8/4/2026,521839,Professor Jamil - GO,3,2,311,-,,,,,,,,,
7/31/2026,8/4/2026,431515,Progresso - RS,3,4,372,-,,,,,,,,,
7/31/2026,8/4/2026,354160,Promissão - SP,60,41,4127,47.97,,,,,,,,,
7/31/2026,8/4/2026,280570,Propriá - SE,40,16,1789,0.02,,,,,,,,,
7/31/2026,8/4/2026,431517,Protásio Alves - RS,3,1,224,-,,,,,,,,,
7/31/2026,8/4/2026,315360,Prudente de Morais - MG,19,23,1253,46.61,,,,,,,,,
7/31/2026,8/4/2026,412060,Prudentópolis - PR,54,30,4816,3.49,,,,,,,,,
7/31/2026,8/4/2026,171845,Pugmil - TO,1,3,134,-,,,,,,,,,
7/31/2026,8/4/2026,241040,Pureza - RN,10,3,331,-,,,,,,,,,
7/31/2026,8/4/2026,431520,Putinga - RS,11,2,304,-,,,,,,,,,
7/31/2026,8/4/2026,251240,Puxinanã - PB,11,2,584,-,,,,,,,,,
7/31/2026,8/4/2026,354165,Quadra - SP,4,5,379,-,,,,,,,,,
7/31/2026,8/4/2026,431530,Quaraí - RS,34,23,3140,24.05,,,,,,,,,
7/31/2026,8/4/2026,315370,Quartel Geral - MG,6,3,270,-,,,,,,,,,
7/31/2026,8/4/2026,412065,Quarto Centenário - PR,4,5,393,-,,,,,,,,,
7/31/2026,8/4/2026,354170,Quatá - SP,17,17,1307,3.51,,,,,,,,,
7/31/2026,8/4/2026,412070,Quatiguá - PR,14,7,1012,-,,,,,,,,,
7/31/2026,8/4/2026,150611,Quatipuru - PA,7,2,319,-,,,,,,,,,
7/31/2026,8/4/2026,330412,Quatis - RJ,31,18,1377,43.23,,,,,,,,,
7/31/2026,8/4/2026,412080,Quatro Barras - PR,82,37,3905,72.82,,,,,,,,,
7/31/2026,8/4/2026,431531,Quatro Irmãos - RS,0,2,122,-,,,,,,,,,
7/31/2026,8/4/2026,412085,Quatro Pontes - PR,10,5,880,-,,,,,,,,,
7/31/2026,8/4/2026,270760,Quebrangulo - AL,4,3,393,-,,,,,,,,,
7/31/2026,8/4/2026,412090,Quedas do Iguaçu - PR,54,21,3017,4.63,,,,,,,,,
7/31/2026,8/4/2026,220865,Queimada Nova - PI,0,3,330,-,,,,,,,,,
7/31/2026,8/4/2026,292580,Queimadas - BA,14,2,1019,1.29,,,,,,,,,
7/31/2026,8/4/2026,251250,Queimadas - PB,55,31,2874,9.29,,,,,,,,,
7/31/2026,8/4/2026,330414,Queimados - RJ,337,179,13587,24.05,,,,,,,,,
7/31/2026,8/4/2026,354180,Queiroz - SP,6,2,240,3.44,,,,,,,,,
7/31/2026,8/4/2026,354190,Queluz - SP,9,8,921,-,,,,,,,,,
7/31/2026,8/4/2026,315380,Queluzito - MG,3,3,184,-,,,,,,,,,
7/31/2026,8/4/2026,510706,Querência - MT,78,31,4396,10.82,,,,,,,,,
7/31/2026,8/4/2026,412100,Querência do Norte - PR,16,11,1216,48.06,,,,,,,,,
7/31/2026,8/4/2026,431532,Quevedos - RS,4,2,164,-,,,,,,,,,
7/31/2026,8/4/2026,292590,Quijingue - BA,14,4,711,-,,,,,,,,,
7/31/2026,8/4/2026,421420,Quilombo - SC,14,9,1347,13.36,,,,,,,,,
7/31/2026,8/4/2026,412110,Quinta do Sol - PR,3,3,518,1.17,,,,,,,,,
7/31/2026,8/4/2026,354200,Quintana - SP,13,4,725,2.79,,,,,,,,,
7/31/2026,8/4/2026,431535,Quinze de Novembro - RS,6,2,510,0.14,,,,,,,,,
7/31/2026,8/4/2026,261150,Quipapá - PE,10,4,489,1.28,,,,,,,,,
7/31/2026,8/4/2026,521850,Quirinópolis - GO,102,42,5491,4.82,,,,,,,,,
7/31/2026,8/4/2026,330415,Quissamã - RJ,39,25,1777,22.65,,,,,,,,,
7/31/2026,8/4/2026,412120,Quitandinha - PR,25,10,1799,52.94,,,,,,,,,
7/31/2026,8/4/2026,231126,Quiterianópolis - CE,8,2,629,0.14,,,,,,,,,
7/31/2026,8/4/2026,251260,Quixaba - PB,0,0,65,-,,,,,,,,,
7/31/2026,8/4/2026,261153,Quixaba - PE,2,1,226,-,,,,,,,,,
7/31/2026,8/4/2026,292593,Quixabeira - BA,6,3,345,-,,,,,,,,,
7/31/2026,8/4/2026,231130,Quixadá - CE,83,55,4677,12.18,,,,,,,,,
7/31/2026,8/4/2026,231135,Quixelô - CE,12,4,413,21.04,,,,,,,,,
7/31/2026,8/4/2026,231140,Quixeramobim - CE,78,48,3660,21.13,,,,,,,,,
7/31/2026,8/4/2026,231150,Quixeré - CE,20,11,1264,1.74,,,,,,,,,
7/31/2026,8/4/2026,241050,Rafael Fernandes - RN,5,4,251,39.38,,,,,,,,,
7/31/2026,8/4/2026,241060,Rafael Godeiro - RN,1,1,101,-,,,,,,,,,
7/31/2026,8/4/2026,292595,Rafael Jambeiro - BA,10,3,566,-,,,,,,,,,
7/31/2026,8/4/2026,354210,Rafard - SP,20,10,1017,27.60,,,,,,,,,
7/31/2026,8/4/2026,412125,Ramilândia - PR,6,3,306,-,,,,,,,,,
7/31/2026,8/4/2026,354220,Rancharia - SP,49,33,3349,8.87,,,,,,,,,
7/31/2026,8/4/2026,412130,Rancho Alegre - PR,8,3,345,-,,,,,,,,,
7/31/2026,8/4/2026,412135,Rancho Alegre D'Oeste - PR,3,4,199,-,,,,,,,,,
7/31/2026,8/4/2026,421430,Rancho Queimado - SC,10,4,689,-,,,,,,,,,
7/31/2026,8/4/2026,210945,Raposa - MA,31,9,1422,0.04,,,,,,,,,
7/31/2026,8/4/2026,315390,Raposos - MG,25,23,1261,-,,,,,,,,,
7/31/2026,8/4/2026,315400,Raul Soares - MG,25,34,2200,39.90,,,,,,,,,
7/31/2026,8/4/2026,412140,Realeza - PR,56,26,3182,10.97,,,,,,,,,
7/31/2026,8/4/2026,412150,Rebouças - PR,23,14,1283,29.16,,,,,,,,,
7/31/2026,8/4/2026,261160,Recife - PE,3733,2343,204376,6.40,,,,,,,,,
7/31/2026,8/4/2026,315410,Recreio - MG,11,5,860,-,,,,,,,,,
7/31/2026,8/4/2026,171850,Recursolândia - TO,2,1,150,-,,,,,,,,,
7/31/2026,8/4/2026,231160,Redenção - CE,17,10,1213,38.12,,,,,,,,,
7/31/2026,8/4/2026,150613,Redenção - PA,203,76,10472,20.04,,,,,,,,,
7/31/2026,8/4/2026,354230,Redenção da Serra - SP,7,1,343,137.14,,,,,,,,,
7/31/2026,8/4/2026,220870,Redenção do Gurguéia - PI,4,0,276,-,,,,,,,,,
7/31/2026,8/4/2026,431540,Redentora - RS,7,4,450,-,,,,,,,,,
7/31/2026,8/4/2026,315415,Reduto - MG,8,9,701,-,,,,,,,,,
7/31/2026,8/4/2026,220880,Regeneração - PI,14,11,787,0.45,,,,,,,,,
7/31/2026,8/4/2026,354240,Regente Feijó - SP,33,22,2416,46.69,,,,,,,,,
7/31/2026,8/4/2026,354250,Reginópolis - SP,17,8,698,15.70,,,,,,,,,
7/31/2026,8/4/2026,354260,Registro - SP,134,72,7262,35.39,,,,,,,,,
7/31/2026,8/4/2026,431545,Relvado - RS,4,4,175,-,,,,,,,,,
7/31/2026,8/4/2026,292600,Remanso - BA,33,14,2146,1.19,,,,,,,,,
7/31/2026,8/4/2026,251270,Remígio - PB,27,15,1144,42.99,,,,,,,,,
7/31/2026,8/4/2026,412160,Renascença - PR,13,7,788,28.29,,,,,,,,,
7/31/2026,8/4/2026,231170,Reriutaba - CE,17,9,940,9.84,,,,,,,,,
7/31/2026,8/4/2026,330420,Resende - RJ,280,189,17390,20.90,,,,,,,,,
7/31/2026,8/4/2026,315420,Resende Costa - MG,14,10,1517,14.41,,,,,,,,,
7/31/2026,8/4/2026,412170,Reserva - PR,27,23,2741,1.80,,,,,,,,,
7/31/2026,8/4/2026,510715,Reserva do Cabaçal - MT,2,2,193,0.00,,,,,,,,,
7/31/2026,8/4/2026,412175,Reserva do Iguaçu - PR,8,5,514,-,,,,,,,,,
7/31/2026,8/4/2026,315430,Resplendor - MG,38,15,1676,1.54,,,,,,,,,
7/31/2026,8/4/2026,315440,Ressaquinha - MG,3,5,384,-,,,,,,,,,
7/31/2026,8/4/2026,354270,Restinga - SP,21,5,774,-,,,,,,,,,
7/31/2026,8/4/2026,431550,Restinga Seca - RS,37,27,1963,15.38,,,,,,,,,
7/31/2026,8/4/2026,292610,Retirolândia - BA,9,4,781,-,,,,,,,,,
7/31/2026,8/4/2026,210950,Riachão - MA,10,6,1110,-,,,,,,,,,
7/31/2026,8/4/2026,251274,Riachão - PB,15,3,174,-,,,,,,,,,
7/31/2026,8/4/2026,292620,Riachão das Neves - BA,11,4,658,-,,,,,,,,,
7/31/2026,8/4/2026,251275,Riachão do Bacamarte - PB,1,3,175,-,,,,,,,,,
7/31/2026,8/4/2026,280580,Riachão do Dantas - SE,6,2,388,19.87,,,,,,,,,
7/31/2026,8/4/2026,292630,Riachão do Jacuípe - BA,32,17,2534,-,,,,,,,,,
7/31/2026,8/4/2026,251276,Riachão do Poço - PB,2,0,138,-,,,,,,,,,
7/31/2026,8/4/2026,315445,Riachinho - MG,7,7,474,-,,,,,,,,,
7/31/2026,8/4/2026,171855,Riachinho - TO,1,2,121,-,,,,,,,,,
7/31/2026,8/4/2026,241070,Riacho da Cruz - RN,0,0,96,-,,,,,,,,,
7/31/2026,8/4/2026,261170,Riacho das Almas - PE,18,18,1182,30.69,,,,,,,,,
7/31/2026,8/4/2026,292640,Riacho de Santana - BA,15,13,988,-,,,,,,,,,
7/31/2026,8/4/2026,241080,Riacho de Santana - RN,1,1,106,-,,,,,,,,,
7/31/2026,8/4/2026,251278,Riacho de Santo Antônio - PB,1,1,82,-,,,,,,,,,
7/31/2026,8/4/2026,251280,Riacho dos Cavalos - PB,4,2,392,-,,,,,,,,,
7/31/2026,8/4/2026,315450,Riacho dos Machados - MG,2,5,331,-,,,,,,,,,
7/31/2026,8/4/2026,220885,Riacho Frio - PI,1,0,79,-,,,,,,,,,
7/31/2026,8/4/2026,241090,Riachuelo - RN,6,4,268,-,,,,,,,,,
7/31/2026,8/4/2026,280590,Riachuelo - SE,7,4,363,-,,,,,,,,,
7/31/2026,8/4/2026,521860,Rialma - GO,32,15,1959,14.64,,,,,,,,,
7/31/2026,8/4/2026,521870,Rianápolis - GO,4,6,495,-,,,,,,,,,
7/31/2026,8/4/2026,210955,Ribamar Fiquene - MA,6,2,198,-,,,,,,,,,
7/31/2026,8/4/2026,500710,Ribas do Rio Pardo - MS,53,41,3439,25.83,,,,,,,,,
7/31/2026,8/4/2026,354280,Ribeira - SP,4,1,257,-,,,,,,,,,
7/31/2026,8/4/2026,292650,Ribeira do Amparo - BA,9,3,260,-,,,,,,,,,
7/31/2026,8/4/2026,220887,Ribeira do Piauí - PI,1,0,145,-,,,,,,,,,
7/31/2026,8/4/2026,292660,Ribeira do Pombal - BA,64,35,3423,28.83,,,,,,,,,
7/31/2026,8/4/2026,261180,Ribeirão - PE,15,19,1858,0.11,,,,,,,,,
7/31/2026,8/4/2026,354290,Ribeirão Bonito - SP,18,9,1341,101.11,,,,,,,,,
7/31/2026,8/4/2026,354300,Ribeirão Branco - SP,19,12,1439,-,,,,,,,,,
7/31/2026,8/4/2026,510718,Ribeirão Cascalheira - MT,17,10,1079,0.00,,,,,,,,,
7/31/2026,8/4/2026,412180,Ribeirão Claro - PR,23,13,1882,12.16,,,,,,,,,
7/31/2026,8/4/2026,354310,Ribeirão Corrente - SP,5,4,423,-,,,,,,,,,
7/31/2026,8/4/2026,315460,Ribeirão das Neves - MG,911,555,35911,31.37,,,,,,,,,
7/31/2026,8/4/2026,292665,Ribeirão do Largo - BA,6,7,237,-,,,,,,,,,
7/31/2026,8/4/2026,412190,Ribeirão do Pinhal - PR,7,14,1130,0.43,,,,,,,,,
7/31/2026,8/4/2026,354320,Ribeirão do Sul - SP,8,2,523,3.25,,,,,,,,,
7/31/2026,8/4/2026,354323,Ribeirão dos Índios - SP,7,2,180,-,,,,,,,,,
7/31/2026,8/4/2026,354325,Ribeirão Grande - SP,13,5,553,-,,,,,,,,,
7/31/2026,8/4/2026,354330,Ribeirão Pires - SP,264,139,14446,33.39,,,,,,,,,
7/31/2026,8/4/2026,354340,Ribeirão Preto - SP,2606,1394,145346,47.11,,,,,,,,,
7/31/2026,8/4/2026,315470,Ribeirão Vermelho - MG,7,8,443,-,,,,,,,,,
7/31/2026,8/4/2026,510719,Ribeirãozinho - MT,7,6,404,-,,,,,,,,,
7/31/2026,8/4/2026,220890,Ribeiro Gonçalves - PI,11,4,487,-,,,,,,,,,
7/31/2026,8/4/2026,280600,Ribeirópolis - SE,8,4,862,0.20,,,,,,,,,
7/31/2026,8/4/2026,354360,Rifaina - SP,10,4,813,-,,,,,,,,,
7/31/2026,8/4/2026,354370,Rincão - SP,16,8,967,26.94,,,,,,,,,
7/31/2026,8/4/2026,354380,Rinópolis - SP,19,12,1174,5.61,,,,,,,,,
7/31/2026,8/4/2026,315480,Rio Acima - MG,14,11,1370,50.40,,,,,,,,,
7/31/2026,8/4/2026,412200,Rio Azul - PR,14,3,1129,23.67,,,,,,,,,
7/31/2026,8/4/2026,320435,Rio Bananal - ES,23,10,1721,20.17,,,,,,,,,
7/31/2026,8/4/2026,412210,Rio Bom - PR,8,3,411,-,,,,,,,,,
7/31/2026,8/4/2026,330430,Rio Bonito - RJ,87,45,7344,19.31,,,,,,,,,
7/31/2026,8/4/2026,412215,Rio Bonito do Iguaçu - PR,23,7,801,0.25,,,,,,,,,
7/31/2026,8/4/2026,120040,Rio Branco - AC,612,319,30235,10.21,,,,,,,,,
7/31/2026,8/4/2026,510720,Rio Branco - MT,7,4,504,-,,,,,,,,,
7/31/2026,8/4/2026,412217,Rio Branco do Ivaí - PR,3,2,261,-,,,,,,,,,
7/31/2026,8/4/2026,412220,Rio Branco do Sul - PR,80,33,3322,10.60,,,,,,,,,
7/31/2026,8/4/2026,500720,Rio Brilhante - MS,51,34,3739,3.17,,,,,,,,,
7/31/2026,8/4/2026,315490,Rio Casca - MG,22,8,1598,12.19,,,,,,,,,
7/31/2026,8/4/2026,330440,Rio Claro - RJ,27,21,1707,13.50,,,,,,,,,
7/31/2026,8/4/2026,354390,Rio Claro - SP,507,292,28131,66.68,,,,,,,,,
7/31/2026,8/4/2026,110026,Rio Crespo - RO,3,0,172,-,,,,,,,,,
7/31/2026,8/4/2026,171865,Rio da Conceição - TO,2,0,126,-,,,,,,,,,
7/31/2026,8/4/2026,421440,Rio das Antas - SC,11,4,606,-,,,,,,,,,
7/31/2026,8/4/2026,330450,Rio das Flores - RJ,21,8,892,26.83,,,,,,,,,
7/31/2026,8/4/2026,330452,Rio das Ostras - RJ,447,276,21678,20.32,,,,,,,,,
7/31/2026,8/4/2026,354400,Rio das Pedras - SP,55,28,3649,35.44,,,,,,,,,
7/31/2026,8/4/2026,292670,Rio de Contas - BA,9,4,859,-,,,,,,,,,
7/31/2026,8/4/2026,330455,Rio de Janeiro - RJ,17163,8636,915449,0.07,,,,,,,,,
7/31/2026,8/4/2026,292680,Rio do Antônio - BA,6,4,496,-,,,,,,,,,
7/31/2026,8/4/2026,421450,Rio do Campo - SC,12,8,793,-,,,,,,,,,
7/31/2026,8/4/2026,240895,Rio do Fogo - RN,8,9,459,0.60,,,,,,,,,
7/31/2026,8/4/2026,421460,Rio do Oeste - SC,14,5,954,87.20,,,,,,,,,
7/31/2026,8/4/2026,292690,Rio do Pires - BA,7,2,489,-,,,,,,,,,
7/31/2026,8/4/2026,315510,Rio do Prado - MG,14,2,222,-,,,,,,,,,
7/31/2026,8/4/2026,421480,Rio do Sul - SC,281,145,15541,2.37,,,,,,,,,
7/31/2026,8/4/2026,315500,Rio Doce - MG,7,3,318,-,,,,,,,,,
7/31/2026,8/4/2026,171870,Rio dos Bois - TO,0,0,153,-,,,,,,,,,
7/31/2026,8/4/2026,421470,Rio dos Cedros - SC,26,14,1725,25.40,,,,,,,,,
7/31/2026,8/4/2026,431555,Rio dos Índios - RS,3,1,151,-,,,,,,,,,
7/31/2026,8/4/2026,315520,Rio Espera - MG,3,5,309,-,,,,,,,,,
7/31/2026,8/4/2026,261190,Rio Formoso - PE,10,8,853,-,,,,,,,,,
7/31/2026,8/4/2026,421490,Rio Fortuna - SC,8,0,693,-,,,,,,,,,
7/31/2026,8/4/2026,431560,Rio Grande - RS,427,264,23137,26.84,,,,,,,,,
7/31/2026,8/4/2026,354410,Rio Grande da Serra - SP,100,58,3894,-,,,,,,,,,
7/31/2026,8/4/2026,220900,Rio Grande do Piauí - PI,3,2,251,-,,,,,,,,,
7/31/2026,8/4/2026,270770,Rio Largo - AL,140,76,5780,48.57,,,,,,,,,
7/31/2026,8/4/2026,315530,Rio Manso - MG,6,2,583,-,,,,,,,,,
7/31/2026,8/4/2026,150616,Rio Maria - PA,13,5,1172,34.34,,,,,,,,,
7/31/2026,8/4/2026,421500,Rio Negrinho - SC,107,37,5542,55.61,,,,,,,,,
7/31/2026,8/4/2026,500730,Rio Negro - MS,8,7,516,120.00,,,,,,,,,
7/31/2026,8/4/2026,412230,Rio Negro - PR,69,42,4200,4.50,,,,,,,,,
7/31/2026,8/4/2026,315540,Rio Novo - MG,11,7,947,-,,,,,,,,,
7/31/2026,8/4/2026,320440,Rio Novo do Sul - ES,24,12,1187,14.65,,,,,,,,,
7/31/2026,8/4/2026,315550,Rio Paranaíba - MG,42,19,1825,-,,,,,,,,,
7/31/2026,8/4/2026,431570,Rio Pardo - RS,42,26,2706,21.78,,,,,,,,,
7/31/2026,8/4/2026,315560,Rio Pardo de Minas - MG,21,17,1547,17.49,,,,,,,,,
7/31/2026,8/4/2026,315570,Rio Piracicaba - MG,23,12,1244,-,,,,,,,,,
7/31/2026,8/4/2026,315580,Rio Pomba - MG,41,14,2291,2.80,,,,,,,,,
7/31/2026,8/4/2026,315590,Rio Preto - MG,8,5,482,-,,,,,,,,,
7/31/2026,8/4/2026,130356,Rio Preto da Eva - AM,33,9,1537,0.30,,,,,,,,,
7/31/2026,8/4/2026,521878,Rio Quente - GO,8,6,560,22.96,,,,,,,,,
7/31/2026,8/4/2026,292700,Rio Real - BA,23,14,1745,-,,,,,,,,,
7/31/2026,8/4/2026,421505,Rio Rufino - SC,4,3,219,-,,,,,,,,,
7/31/2026,8/4/2026,171875,Rio Sono - TO,4,0,297,-,,,,,,,,,
7/31/2026,8/4/2026,251290,Rio Tinto - PB,19,14,1093,11.03,,,,,,,,,
7/31/2026,8/4/2026,521880,Rio Verde - GO,736,327,35652,4.58,,,,,,,,,
7/31/2026,8/4/2026,500740,Rio Verde de Mato Grosso - MS,35,11,2112,9.42,,,,,,,,,
7/31/2026,8/4/2026,315600,Rio Vermelho - MG,3,8,591,96.17,,,,,,,,,
7/31/2026,8/4/2026,354420,Riolândia - SP,13,6,795,7.50,,,,,,,,,
7/31/2026,8/4/2026,431575,Riozinho - RS,7,4,440,0.00,,,,,,,,,
7/31/2026,8/4/2026,421507,Riqueza - SC,11,7,496,-,,,,,,,,,
7/31/2026,8/4/2026,315610,Ritápolis - MG,9,8,459,0.12,,,,,,,,,
7/31/2026,8/4/2026,354350,Riversul - SP,3,5,447,-,,,,,,,,,
7/31/2026,8/4/2026,431580,Roca Sales - RS,23,10,1067,18.78,,,,,,,,,
7/31/2026,8/4/2026,500750,Rochedo - MS,9,2,462,72.00,,,,,,,,,
7/31/2026,8/4/2026,315620,Rochedo de Minas - MG,4,3,312,-,,,,,,,,,
7/31/2026,8/4/2026,421510,Rodeio - SC,35,14,2279,-,,,,,,,,,
7/31/2026,8/4/2026,431590,Rodeio Bonito - RS,16,11,917,25.05,,,,,,,,,
7/31/2026,8/4/2026,315630,Rodeiro - MG,18,13,1145,-,,,,,,,,,
7/31/2026,8/4/2026,292710,Rodelas - BA,2,1,303,24.22,,,,,,,,,
7/31/2026,8/4/2026,241100,Rodolfo Fernandes - RN,10,5,394,-,,,,,,,,,
7/31/2026,8/4/2026,120042,Rodrigues Alves - AC,9,5,245,0.00,,,,,,,,,
7/31/2026,8/4/2026,431595,Rolador - RS,2,0,109,-,,,,,,,,,
7/31/2026,8/4/2026,412240,Rolândia - PR,219,96,9823,14.77,,,,,,,,,
7/31/2026,8/4/2026,431600,Rolante - RS,43,20,2538,5.63,,,,,,,,,
7/31/2026,8/4/2026,110028,Rolim de Moura - RO,101,68,6074,19.32,,,,,,,,,
7/31/2026,8/4/2026,315640,Romaria - MG,11,2,278,-,,,,,,,,,
7/31/2026,8/4/2026,421520,Romelândia - SC,4,1,346,-,,,,,,,,,
7/31/2026,8/4/2026,412250,Roncador - PR,10,8,1089,-,,,,,,,,,
7/31/2026,8/4/2026,431610,Ronda Alta - RS,13,7,1133,120.00,,,,,,,,,
7/31/2026,8/4/2026,431620,Rondinha - RS,6,3,537,-,,,,,,,,,
7/31/2026,8/4/2026,510757,Rondolândia - MT,4,2,199,18.83,,,,,,,,,
7/31/2026,8/4/2026,412260,Rondon - PR,20,15,1120,83.34,,,,,,,,,
7/31/2026,8/4/2026,150618,Rondon do Pará - PA,32,19,2289,-,,,,,,,,,
7/31/2026,8/4/2026,510760,Rondonópolis - MT,816,415,37797,5.21,,,,,,,,,
7/31/2026,8/4/2026,431630,Roque Gonzales - RS,12,7,699,4.24,,,,,,,,,
7/31/2026,8/4/2026,140047,Rorainópolis - RR,29,13,1810,69.57,,,,,,,,,
7/31/2026,8/4/2026,354425,Rosana - SP,30,21,1639,4.16,,,,,,,,,
7/31/2026,8/4/2026,210960,Rosário - MA,23,11,1283,0.00,,,,,,,,,
7/31/2026,8/4/2026,315645,Rosário da Limeira - MG,8,2,447,-,,,,,,,,,
7/31/2026,8/4/2026,280610,Rosário do Catete - SE,12,5,469,-,,,,,,,,,
7/31/2026,8/4/2026,412265,Rosário do Ivaí - PR,5,3,398,-,,,,,,,,,
7/31/2026,8/4/2026,431640,Rosário do Sul - RS,57,28,3887,23.78,,,,,,,,,
7/31/2026,8/4/2026,510770,Rosário Oeste - MT,21,11,1199,2.81,,,,,,,,,
7/31/2026,8/4/2026,354430,Roseira - SP,34,8,1359,-,,,,,,,,,
7/31/2026,8/4/2026,270780,Roteiro - AL,3,6,231,-,,,,,,,,,
7/31/2026,8/4/2026,315650,Rubelita - MG,3,0,221,-,,,,,,,,,
7/31/2026,8/4/2026,354440,Rubiácea - SP,2,1,214,-,,,,,,,,,
7/31/2026,8/4/2026,521890,Rubiataba - GO,29,14,2208,-,,,,,,,,,
7/31/2026,8/4/2026,315660,Rubim - MG,9,7,377,25.22,,,,,,,,,
7/31/2026,8/4/2026,354450,Rubinéia - SP,9,6,522,-,,,,,,,,,
7/31/2026,8/4/2026,150619,Rurópolis - PA,19,12,1430,2.16,,,,,,,,,
7/31/2026,8/4/2026,231180,Russas - CE,88,63,5541,24.20,,,,,,,,,
7/31/2026,8/4/2026,292720,Ruy Barbosa - BA,17,11,1385,-,,,,,,,,,
7/31/2026,8/4/2026,241110,Ruy Barbosa - RN,1,2,111,-,,,,,,,,,
7/31/2026,8/4/2026,315670,Sabará - MG,329,171,13413,55.41,,,,,,,,,
7/31/2026,8/4/2026,412270,Sabáudia - PR,25,13,1383,12.51,,,,,,,,,
7/31/2026,8/4/2026,354460,Sabino - SP,4,4,560,-,,,,,,,,,
7/31/2026,8/4/2026,315680,Sabinópolis - MG,14,9,1051,64.22,,,,,,,,,
7/31/2026,8/4/2026,231190,Saboeiro - CE,7,1,310,28.32,,,,,,,,,
7/31/2026,8/4/2026,315690,Sacramento - MG,32,35,2979,34.35,,,,,,,,,
7/31/2026,8/4/2026,431642,Sagrada Família - RS,0,0,187,-,,,,,,,,,
7/31/2026,8/4/2026,354470,Sagres - SP,2,5,170,-,,,,,,,,,
7/31/2026,8/4/2026,261200,Sairé - PE,5,3,488,-,,,,,,,,,
7/31/2026,8/4/2026,431643,Saldanha Marinho - RS,2,2,318,14.55,,,,,,,,,
7/31/2026,8/4/2026,354480,Sales - SP,11,8,752,-,,,,,,,,,
7/31/2026,8/4/2026,354490,Sales Oliveira - SP,27,12,1569,57.98,,,,,,,,,
7/31/2026,8/4/2026,354500,Salesópolis - SP,31,16,1722,5.14,,,,,,,,,
7/31/2026,8/4/2026,421530,Salete - SC,19,9,1272,34.67,,,,,,,,,
7/31/2026,8/4/2026,251300,Salgadinho - PB,3,0,82,-,,,,,,,,,
7/31/2026,8/4/2026,261210,Salgadinho - PE,3,2,113,-,,,,,,,,,
7/31/2026,8/4/2026,280620,Salgado - SE,18,5,968,8.08,,,,,,,,,
7/31/2026,8/4/2026,251310,Salgado de São Félix - PB,7,3,372,-,,,,,,,,,
7/31/2026,8/4/2026,412280,Salgado Filho - PR,3,6,389,-,,,,,,,,,
7/31/2026,8/4/2026,261220,Salgueiro - PE,126,59,4680,75.94,,,,,,,,,
7/31/2026,8/4/2026,315700,Salinas - MG,56,39,4581,8.86,,,,,,,,,
7/31/2026,8/4/2026,292730,Salinas da Margarida - BA,10,6,595,24.59,,,,,,,,,
7/31/2026,8/4/2026,150620,Salinópolis - PA,50,23,3288,67.87,,,,,,,,,
7/31/2026,8/4/2026,231195,Salitre - CE,11,9,342,0.96,,,,,,,,,
7/31/2026,8/4/2026,354510,Salmourão - SP,5,2,323,245.72,,,,,,,,,
7/31/2026,8/4/2026,261230,Saloá - PE,3,3,334,-,,,,,,,,,
7/31/2026,8/4/2026,421535,Saltinho - SC,4,2,348,-,,,,,,,,,
7/31/2026,8/4/2026,354515,Saltinho - SP,27,12,1509,6.57,,,,,,,,,
7/31/2026,8/4/2026,354520,Salto - SP,426,211,19489,42.84,,,,,,,,,
7/31/2026,8/4/2026,315710,Salto da Divisa - MG,7,2,342,-,,,,,,,,,
7/31/2026,8/4/2026,354530,Salto de Pirapora - SP,103,45,4967,81.22,,,,,,,,,
7/31/2026,8/4/2026,510775,Salto do Céu - MT,5,2,285,-,,,,,,,,,
7/31/2026,8/4/2026,412290,Salto do Itararé - PR,5,3,386,-,,,,,,,,,
7/31/2026,8/4/2026,431645,Salto do Jacuí - RS,15,13,1269,-,,,,,,,,,
7/31/2026,8/4/2026,412300,Salto do Lontra - PR,19,17,1431,20.53,,,,,,,,,
7/31/2026,8/4/2026,354540,Salto Grande - SP,15,12,848,5.33,,,,,,,,,
7/31/2026,8/4/2026,421540,Salto Veloso - SC,13,1,639,18.18,,,,,,,,,
7/31/2026,8/4/2026,292740,Salvador - BA,6318,3958,314238,20.41,,,,,,,,,
7/31/2026,8/4/2026,431647,Salvador das Missões - RS,3,2,375,-,,,,,,,,,
7/31/2026,8/4/2026,431650,Salvador do Sul - RS,10,9,991,36.21,,,,,,,,,
7/31/2026,8/4/2026,150630,Salvaterra - PA,16,8,831,145.61,,,,,,,,,
7/31/2026,8/4/2026,210970,Sambaíba - MA,2,1,193,-,,,,,,,,,
7/31/2026,8/4/2026,171880,Sampaio - TO,4,0,189,-,,,,,,,,,
7/31/2026,8/4/2026,431660,Sananduva - RS,38,24,2806,48.21,,,,,,,,,
7/31/2026,8/4/2026,521900,Sanclerlândia - GO,21,9,1304,-,,,,,,,,,
7/31/2026,8/4/2026,171884,Sandolândia - TO,4,4,311,-,,,,,,,,,
7/31/2026,8/4/2026,354550,Sandovalina - SP,4,0,323,25.29,,,,,,,,,
7/31/2026,8/4/2026,421545,Sangão - SC,28,6,1731,1.78,,,,,,,,,
7/31/2026,8/4/2026,261240,Sanharó - PE,17,13,1158,-,,,,,,,,,
7/31/2026,8/4/2026,354560,Santa Adélia - SP,11,16,1770,111.20,,,,,,,,,
7/31/2026,8/4/2026,354570,Santa Albertina - SP,6,4,539,-,,,,,,,,,
7/31/2026,8/4/2026,412310,Santa Amélia - PR,3,2,219,-,,,,,,,,,
7/31/2026,8/4/2026,292750,Santa Bárbara - BA,13,6,782,-,,,,,,,,,
7/31/2026,8/4/2026,315720,Santa Bárbara - MG,55,32,3201,32.01,,,,,,,,,
7/31/2026,8/4/2026,521910,Santa Bárbara de Goiás - GO,5,4,1012,-,,,,,,,,,
7/31/2026,8/4/2026,315725,Santa Bárbara do Leste - MG,10,7,602,-,,,,,,,,,
7/31/2026,8/4/2026,315727,Santa Bárbara do Monte Verde - MG,2,3,260,-,,,,,,,,,
7/31/2026,8/4/2026,150635,Santa Bárbara do Pará - PA,30,12,975,96.17,,,,,,,,,
7/31/2026,8/4/2026,431670,Santa Bárbara do Sul - RS,14,12,1057,5.52,,,,,,,,,
7/31/2026,8/4/2026,315730,Santa Bárbara do Tugúrio - MG,5,2,305,165.10,,,,,,,,,
7/31/2026,8/4/2026,354580,Santa Bárbara D'Oeste - SP,490,268,25521,36.91,,,,,,,,,
7/31/2026,8/4/2026,354600,Santa Branca - SP,27,11,1506,138.01,,,,,,,,,
7/31/2026,8/4/2026,292760,Santa Brígida - BA,5,5,382,-,,,,,,,,,
7/31/2026,8/4/2026,510724,Santa Carmem - MT,20,5,821,29.79,,,,,,,,,
7/31/2026,8/4/2026,251315,Santa Cecília - PB,4,2,257,-,,,,,,,,,
7/31/2026,8/4/2026,421550,Santa Cecília - SC,24,16,1960,-,,,,,,,,,
7/31/2026,8/4/2026,412320,Santa Cecília do Pavão - PR,4,5,281,-,,,,,,,,,
7/31/2026,8/4/2026,431673,Santa Cecília do Sul - RS,1,1,131,-,,,,,,,,,
7/31/2026,8/4/2026,431675,Santa Clara do Sul - RS,11,11,1013,28.10,,,,,,,,,
7/31/2026,8/4/2026,354610,Santa Clara D'Oeste - SP,2,1,326,31.50,,,,,,,,,
7/31/2026,8/4/2026,251320,Santa Cruz - PB,3,1,253,-,,,,,,,,,
7/31/2026,8/4/2026,261245,Santa Cruz - PE,11,3,330,-,,,,,,,,,
7/31/2026,8/4/2026,241120,Santa Cruz - RN,48,25,2781,12.46,,,,,,,,,
7/31/2026,8/4/2026,292770,Santa Cruz Cabrália - BA,44,16,2929,-,,,,,,,,,
7/31/2026,8/4/2026,261247,Santa Cruz da Baixa Verde - PE,8,6,623,-,,,,,,,,,
7/31/2026,8/4/2026,354620,Santa Cruz da Conceição - SP,6,7,560,36.13,,,,,,,,,
7/31/2026,8/4/2026,354625,Santa Cruz da Esperança - SP,2,2,193,-,,,,,,,,,
7/31/2026,8/4/2026,292780,Santa Cruz da Vitória - BA,1,1,236,-,,,,,,,,,
7/31/2026,8/4/2026,354630,Santa Cruz das Palmeiras - SP,48,24,2859,45.77,,,,,,,,,
7/31/2026,8/4/2026,521920,Santa Cruz de Goiás - GO,4,0,213,-,,,,,,,,,
7/31/2026,8/4/2026,315733,Santa Cruz de Minas - MG,17,7,1107,-,,,,,,,,,
7/31/2026,8/4/2026,412330,Santa Cruz de Monte Castelo - PR,16,8,948,31.17,,,,,,,,,
7/31/2026,8/4/2026,315737,Santa Cruz de Salinas - MG,5,3,186,-,,,,,,,,,
7/31/2026,8/4/2026,150640,Santa Cruz do Arari - PA,1,1,92,-,,,,,,,,,
7/31/2026,8/4/2026,261250,Santa Cruz do Capibaribe - PE,192,135,10234,9.66,,,,,,,,,
7/31/2026,8/4/2026,315740,Santa Cruz do Escalvado - MG,5,3,344,-,,,,,,,,,
7/31/2026,8/4/2026,220910,Santa Cruz do Piauí - PI,1,2,236,-,,,,,,,,,
7/31/2026,8/4/2026,354640,Santa Cruz do Rio Pardo - SP,111,65,7159,11.74,,,,,,,,,
7/31/2026,8/4/2026,431680,Santa Cruz do Sul - RS,305,180,21187,11.50,,,,,,,,,
7/31/2026,8/4/2026,510774,Santa Cruz do Xingu - MT,6,4,405,-,,,,,,,,,
7/31/2026,8/4/2026,220915,Santa Cruz dos Milagres - PI,2,1,129,-,,,,,,,,,
7/31/2026,8/4/2026,315750,Santa Efigênia de Minas - MG,11,4,544,-,,,,,,,,,
7/31/2026,8/4/2026,354650,Santa Ernestina - SP,7,4,524,-,,,,,,,,,
7/31/2026,8/4/2026,412340,Santa Fé - PR,21,13,1927,0.09,,,,,,,,,
7/31/2026,8/4/2026,521925,Santa Fé de Goiás - GO,15,5,519,9.00,,,,,,,,,
7/31/2026,8/4/2026,315760,Santa Fé de Minas - MG,0,1,181,-,,,,,,,,,
7/31/2026,8/4/2026,171886,Santa Fé do Araguaia - TO,3,5,489,-,,,,,,,,,
7/31/2026,8/4/2026,354660,Santa Fé do Sul - SP,87,40,5644,15.31,,,,,,,,,
7/31/2026,8/4/2026,261255,Santa Filomena - PE,4,3,208,42.14,,,,,,,,,
7/31/2026,8/4/2026,220920,Santa Filomena - PI,5,1,382,-,,,,,,,,,
7/31/2026,8/4/2026,210975,Santa Filomena do Maranhão - MA,3,3,121,-,,,,,,,,,
7/31/2026,8/4/2026,354670,Santa Gertrudes - SP,56,30,2931,-,,,,,,,,,
7/31/2026,8/4/2026,210980,Santa Helena - MA,10,5,907,-,,,,,,,,,
7/31/2026,8/4/2026,251330,Santa Helena - PB,0,1,195,-,,,,,,,,,
7/31/2026,8/4/2026,412350,Santa Helena - PR,41,20,2958,3.52,,,,,,,,,
7/31/2026,8/4/2026,421555,Santa Helena - SC,2,2,231,-,,,,,,,,,
7/31/2026,8/4/2026,521930,Santa Helena de Goiás - GO,80,40,4613,9.32,,,,,,,,,
7/31/2026,8/4/2026,315765,Santa Helena de Minas - MG,5,1,241,-,,,,,,,,,
7/31/2026,8/4/2026,292790,Santa Inês - BA,6,6,503,-,,,,,,,,,
7/31/2026,8/4/2026,210990,Santa Inês - MA,72,44,5280,18.98,,,,,,,,,
7/31/2026,8/4/2026,251335,Santa Inês - PB,0,1,89,-,,,,,,,,,
7/31/2026,8/4/2026,412360,Santa Inês - PR,2,0,148,69.12,,,,,,,,,
7/31/2026,8/4/2026,521935,Santa Isabel - GO,2,0,272,-,,,,,,,,,
7/31/2026,8/4/2026,354680,Santa Isabel - SP,140,67,6677,33.60,,,,,,,,,
7/31/2026,8/4/2026,412370,Santa Isabel do Ivaí - PR,20,3,973,110.81,,,,,,,,,
7/31/2026,8/4/2026,130360,Santa Isabel do Rio Negro - AM,2,2,263,-,,,,,,,,,
7/31/2026,8/4/2026,412380,Santa Izabel do Oeste - PR,19,11,1325,66.12,,,,,,,,,
7/31/2026,8/4/2026,150650,Santa Izabel do Pará - PA,85,37,3913,0.19,,,,,,,,,
7/31/2026,8/4/2026,315770,Santa Juliana - MG,21,26,1830,-,,,,,,,,,
7/31/2026,8/4/2026,320450,Santa Leopoldina - ES,14,10,869,-,,,,,,,,,
7/31/2026,8/4/2026,412382,Santa Lúcia - PR,7,1,437,1.25,,,,,,,,,
7/31/2026,8/4/2026,354690,Santa Lúcia - SP,15,10,608,5.96,,,,,,,,,
7/31/2026,8/4/2026,220930,Santa Luz - PI,1,2,188,-,,,,,,,,,
7/31/2026,8/4/2026,292805,Santa Luzia - BA,5,2,376,-,,,,,,,,,
7/31/2026,8/4/2026,211000,Santa Luzia - MA,19,15,2016,0.27,,,,,,,,,
7/31/2026,8/4/2026,315780,Santa Luzia - MG,625,395,26549,37.53,,,,,,,,,
7/31/2026,8/4/2026,251340,Santa Luzia - PB,21,12,1202,-,,,,,,,,,
7/31/2026,8/4/2026,280630,Santa Luzia do Itanhy - SE,3,2,259,0.02,,,,,,,,,
7/31/2026,8/4/2026,270790,Santa Luzia do Norte - AL,5,9,355,-,,,,,,,,,
7/31/2026,8/4/2026,150655,Santa Luzia do Pará - PA,6,3,596,-,,,,,,,,,
7/31/2026,8/4/2026,211003,Santa Luzia do Paruá - MA,5,4,804,-,,,,,,,,,
7/31/2026,8/4/2026,110029,Santa Luzia D'Oeste - RO,6,7,366,0.00,,,,,,,,,
7/31/2026,8/4/2026,315790,Santa Margarida - MG,17,17,1006,-,,,,,,,,,
7/31/2026,8/4/2026,431697,Santa Margarida do Sul - RS,3,2,159,-,,,,,,,,,
7/31/2026,8/4/2026,240933,Santa Maria - RN,7,1,384,-,,,,,,,,,
7/31/2026,8/4/2026,431690,Santa Maria - RS,681,408,37750,20.33,,,,,,,,,
7/31/2026,8/4/2026,261260,Santa Maria da Boa Vista - PE,15,8,971,38.29,,,,,,,,,
7/31/2026,8/4/2026,354700,Santa Maria da Serra - SP,14,5,677,8.51,,,,,,,,,
7/31/2026,8/4/2026,292810,Santa Maria da Vitória - BA,29,22,2237,6.13,,,,,,,,,
7/31/2026,8/4/2026,150658,Santa Maria das Barreiras - PA,10,4,1084,40.27,,,,,,,,,
7/31/2026,8/4/2026,315800,Santa Maria de Itabira - MG,13,5,935,125.99,,,,,,,,,
7/31/2026,8/4/2026,320455,Santa Maria de Jetibá - ES,78,31,4655,7.81,,,,,,,,,
7/31/2026,8/4/2026,261270,Santa Maria do Cambucá - PE,4,3,326,-,,,,,,,,,
7/31/2026,8/4/2026,431695,Santa Maria do Herval - RS,5,8,751,38.45,,,,,,,,,
7/31/2026,8/4/2026,412385,Santa Maria do Oeste - PR,7,8,632,-,,,,,,,,,
7/31/2026,8/4/2026,150660,Santa Maria do Pará - PA,13,9,1376,-,,,,,,,,,
7/31/2026,8/4/2026,315810,Santa Maria do Salto - MG,3,3,229,-,,,,,,,,,
7/31/2026,8/4/2026,315820,Santa Maria do Suaçuí - MG,12,5,1011,-,,,,,,,,,
7/31/2026,8/4/2026,171888,Santa Maria do Tocantins - TO,0,1,124,-,,,,,,,,,
7/31/2026,8/4/2026,330460,Santa Maria Madalena - RJ,18,8,859,40.58,,,,,,,,,
7/31/2026,8/4/2026,412390,Santa Mariana - PR,10,3,1022,-,,,,,,,,,
7/31/2026,8/4/2026,354710,Santa Mercedes - SP,2,0,298,-,,,,,,,,,
7/31/2026,8/4/2026,412395,Santa Mônica - PR,5,3,246,-,,,,,,,,,
7/31/2026,8/4/2026,231220,Santa Quitéria - CE,30,23,2171,6.89,,,,,,,,,
7/31/2026,8/4/2026,211010,Santa Quitéria do Maranhão - MA,14,6,526,58.71,,,,,,,,,
7/31/2026,8/4/2026,211020,Santa Rita - MA,17,12,1160,0.10,,,,,,,,,
7/31/2026,8/4/2026,251370,Santa Rita - PB,203,129,9577,28.92,,,,,,,,,
7/31/2026,8/4/2026,315920,Santa Rita de Caldas - MG,11,13,898,-,,,,,,,,,
7/31/2026,8/4/2026,292840,Santa Rita de Cássia - BA,11,9,1013,72.20,,,,,,,,,
7/31/2026,8/4/2026,315940,Santa Rita de Ibitipoca - MG,4,5,261,-,,,,,,,,,
7/31/2026,8/4/2026,315930,Santa Rita de Jacutinga - MG,4,4,527,-,,,,,,,,,
7/31/2026,8/4/2026,315935,Santa Rita de Minas - MG,9,4,737,33.78,,,,,,,,,
7/31/2026,8/4/2026,521940,Santa Rita do Araguaia - GO,21,5,687,-,,,,,,,,,
7/31/2026,8/4/2026,315950,Santa Rita do Itueto - MG,6,1,323,-,,,,,,,,,
7/31/2026,8/4/2026,521945,Santa Rita do Novo Destino - GO,2,1,192,-,,,,,,,,,
7/31/2026,8/4/2026,500755,Santa Rita do Pardo - MS,7,5,680,-,,,,,,,,,
7/31/2026,8/4/2026,354750,Santa Rita do Passa Quatro - SP,54,30,3587,8.99,,,,,,,,,
7/31/2026,8/4/2026,315960,Santa Rita do Sapucaí - MG,96,69,5721,7.68,,,,,,,,,
7/31/2026,8/4/2026,171889,Santa Rita do Tocantins - TO,0,1,157,-,,,,,,,,,
7/31/2026,8/4/2026,510776,Santa Rita do Trivelato - MT,11,2,422,69.50,,,,,,,,,
7/31/2026,8/4/2026,354740,Santa Rita D'Oeste - SP,5,2,247,-,,,,,,,,,
7/31/2026,8/4/2026,431720,Santa Rosa - RS,179,102,11313,5.65,,,,,,,,,
7/31/2026,8/4/2026,315970,Santa Rosa da Serra - MG,8,4,284,-,,,,,,,,,
7/31/2026,8/4/2026,521950,Santa Rosa de Goiás - GO,0,0,265,-,,,,,,,,,
7/31/2026,8/4/2026,421560,Santa Rosa de Lima - SC,5,2,265,-,,,,,,,,,
7/31/2026,8/4/2026,280650,Santa Rosa de Lima - SE,2,2,104,-,,,,,,,,,
7/31/2026,8/4/2026,354760,Santa Rosa de Viterbo - SP,38,29,3121,94.49,,,,,,,,,
7/31/2026,8/4/2026,220937,Santa Rosa do Piauí - PI,4,4,265,24.19,,,,,,,,,
7/31/2026,8/4/2026,120043,Santa Rosa do Purus - AC,0,0,104,-,,,,,,,,,
7/31/2026,8/4/2026,421565,Santa Rosa do Sul - SC,21,8,1089,14.13,,,,,,,,,
7/31/2026,8/4/2026,171890,Santa Rosa do Tocantins - TO,6,1,327,-,,,,,,,,,
7/31/2026,8/4/2026,354765,Santa Salete - SP,2,2,163,-,,,,,,,,,
7/31/2026,8/4/2026,320460,Santa Teresa - ES,48,25,3080,48.05,,,,,,,,,
7/31/2026,8/4/2026,292850,Santa Teresinha - BA,7,7,398,-,,,,,,,,,
7/31/2026,8/4/2026,251380,Santa Teresinha - PB,2,2,151,-,,,,,,,,,
7/31/2026,8/4/2026,431725,Santa Tereza - RS,2,0,149,88.94,,,,,,,,,
7/31/2026,8/4/2026,521960,Santa Tereza de Goiás - GO,7,9,428,-,,,,,,,,,
7/31/2026,8/4/2026,412402,Santa Tereza do Oeste - PR,31,18,1867,84.74,,,,,,,,,
7/31/2026,8/4/2026,171900,Santa Tereza do Tocantins - TO,2,4,173,-,,,,,,,,,
7/31/2026,8/4/2026,510777,Santa Terezinha - MT,6,11,577,16.00,,,,,,,,,
7/31/2026,8/4/2026,261280,Santa Terezinha - PE,7,4,365,-,,,,,,,,,
7/31/2026,8/4/2026,421567,Santa Terezinha - SC,2,3,626,-,,,,,,,,,
7/31/2026,8/4/2026,521970,Santa Terezinha de Goiás - GO,16,9,1160,-,,,,,,,,,
7/31/2026,8/4/2026,412405,Santa Terezinha de Itaipu - PR,55,22,3023,62.24,,,,,,,,,
7/31/2026,8/4/2026,421568,Santa Terezinha do Progresso - SC,0,1,201,-,,,,,,,,,
7/31/2026,8/4/2026,172000,Santa Terezinha do Tocantins - TO,1,0,95,-,,,,,,,,,
7/31/2026,8/4/2026,315980,Santa Vitória - MG,34,19,2203,6.49,,,,,,,,,
7/31/2026,8/4/2026,431730,Santa Vitória do Palmar - RS,66,49,4147,26.73,,,,,,,,,
7/31/2026,8/4/2026,292800,Santaluz - BA,24,12,2063,46.11,,,,,,,,,
7/31/2026,8/4/2026,160060,Santana - AP,113,51,5962,50.06,,,,,,,,,
7/31/2026,8/4/2026,292820,Santana - BA,11,10,1031,-,,,,,,,,,
7/31/2026,8/4/2026,431700,Santana da Boa Vista - RS,10,6,501,0.06,,,,,,,,,
7/31/2026,8/4/2026,354720,Santana da Ponte Pensa - SP,0,1,146,-,,,,,,,,,
7/31/2026,8/4/2026,315830,Santana da Vargem - MG,12,5,688,14.74,,,,,,,,,
7/31/2026,8/4/2026,315840,Santana de Cataguases - MG,3,2,303,218.47,,,,,,,,,
7/31/2026,8/4/2026,251350,Santana de Mangueira - PB,3,2,89,137.07,,,,,,,,,
7/31/2026,8/4/2026,354730,Santana de Parnaíba - SP,508,264,29327,34.39,,,,,,,,,
7/31/2026,8/4/2026,315850,Santana de Pirapama - MG,5,2,336,-,,,,,,,,,
7/31/2026,8/4/2026,231200,Santana do Acaraú - CE,14,7,846,42.69,,,,,,,,,
7/31/2026,8/4/2026,150670,Santana do Araguaia - PA,37,11,3008,30.35,,,,,,,,,
7/31/2026,8/4/2026,231210,Santana do Cariri - CE,5,2,387,-,,,,,,,,,
7/31/2026,8/4/2026,315860,Santana do Deserto - MG,6,0,524,22.62,,,,,,,,,
7/31/2026,8/4/2026,315870,Santana do Garambéu - MG,2,0,216,-,,,,,,,,,
7/31/2026,8/4/2026,270800,Santana do Ipanema - AL,33,32,2169,0.88,,,,,,,,,
7/31/2026,8/4/2026,412400,Santana do Itararé - PR,7,7,484,0.03,,,,,,,,,
7/31/2026,8/4/2026,315880,Santana do Jacaré - MG,4,4,482,-,,,,,,,,,
7/31/2026,8/4/2026,431710,Sant'Ana do Livramento - RS,142,94,11106,25.56,,,,,,,,,
7/31/2026,8/4/2026,315890,Santana do Manhuaçu - MG,7,2,519,-,,,,,,,,,
7/31/2026,8/4/2026,211023,Santana do Maranhão - MA,3,0,134,-,,,,,,,,,
7/31/2026,8/4/2026,241140,Santana do Matos - RN,9,3,621,2.17,,,,,,,,,
7/31/2026,8/4/2026,270810,Santana do Mundaú - AL,3,2,273,-,,,,,,,,,
7/31/2026,8/4/2026,315895,Santana do Paraíso - MG,121,58,5299,16.22,,,,,,,,,
7/31/2026,8/4/2026,220935,Santana do Piauí - PI,1,0,86,-,,,,,,,,,
7/31/2026,8/4/2026,315900,Santana do Riacho - MG,17,7,1203,-,,,,,,,,,
7/31/2026,8/4/2026,280640,Santana do São Francisco - SE,5,2,179,0.16,,,,,,,,,
7/31/2026,8/4/2026,241142,Santana do Seridó - RN,2,3,179,71.67,,,,,,,,,
7/31/2026,8/4/2026,251360,Santana dos Garrotes - PB,1,0,218,-,,,,,,,,,
7/31/2026,8/4/2026,315910,Santana dos Montes - MG,3,1,290,-,,,,,,,,,
7/31/2026,8/4/2026,292830,Santanópolis - BA,6,4,266,-,,,,,,,,,
7/31/2026,8/4/2026,150680,Santarém - PA,410,256,28893,0.73,,,,,,,,,
7/31/2026,8/4/2026,150690,Santarém Novo - PA,6,2,175,-,,,,,,,,,
7/31/2026,8/4/2026,431740,Santiago - RS,81,56,6271,8.75,,,,,,,,,
7/31/2026,8/4/2026,421569,Santiago do Sul - SC,1,2,134,-,,,,,,,,,
7/31/2026,8/4/2026,510726,Santo Afonso - MT,5,1,344,0.17,,,,,,,,,
7/31/2026,8/4/2026,292860,Santo Amaro - BA,44,46,2853,-,,,,,,,,,
7/31/2026,8/4/2026,421570,Santo Amaro da Imperatriz - SC,80,60,4447,194.13,,,,,,,,,
7/31/2026,8/4/2026,280660,Santo Amaro das Brotas - SE,8,3,428,0.00,,,,,,,,,
7/31/2026,8/4/2026,211027,Santo Amaro do Maranhão - MA,12,7,720,23.04,,,,,,,,,
7/31/2026,8/4/2026,354770,Santo Anastácio - SP,38,25,2375,36.78,,,,,,,,,
7/31/2026,8/4/2026,251385,Santo André - PB,6,0,112,-,,,,,,,,,
7/31/2026,8/4/2026,354780,Santo André - SP,2219,1242,119239,33.14,,,,,,,,,
7/31/2026,8/4/2026,431750,Santo Ângelo - RS,159,84,10431,29.95,,,,,,,,,
7/31/2026,8/4/2026,241150,Santo Antônio - RN,20,7,1170,23.88,,,,,,,,,
7/31/2026,8/4/2026,354790,Santo Antônio da Alegria - SP,8,7,936,-,,,,,,,,,
7/31/2026,8/4/2026,521971,Santo Antônio da Barra - GO,7,5,467,19.03,,,,,,,,,
7/31/2026,8/4/2026,431760,Santo Antônio da Patrulha - RS,78,32,5488,6.81,,,,,,,,,
7/31/2026,8/4/2026,412410,Santo Antônio da Platina - PR,62,56,5529,7.22,,,,,,,,,
7/31/2026,8/4/2026,431770,Santo Antônio das Missões - RS,11,8,952,4.74,,,,,,,,,
7/31/2026,8/4/2026,521973,Santo Antônio de Goiás - GO,43,16,2680,27.34,,,,,,,,,
7/31/2026,8/4/2026,292870,Santo Antônio de Jesus - BA,194,128,12066,21.72,,,,,,,,,
7/31/2026,8/4/2026,220940,Santo Antônio de Lisboa - PI,5,0,198,-,,,,,,,,,
7/31/2026,8/4/2026,330470,Santo Antônio de Pádua - RJ,67,33,5214,24.75,,,,,,,,,
7/31/2026,8/4/2026,354800,Santo Antônio de Posse - SP,59,22,3466,30.90,,,,,,,,,
7/31/2026,8/4/2026,315990,Santo Antônio do Amparo - MG,15,13,1533,19.18,,,,,,,,,
7/31/2026,8/4/2026,354805,Santo Antônio do Aracanguá - SP,13,7,832,-,,,,,,,,,
7/31/2026,8/4/2026,316000,Santo Antônio do Aventureiro - MG,10,6,442,-,,,,,,,,,
7/31/2026,8/4/2026,412420,Santo Antônio do Caiuá - PR,4,2,180,-,,,,,,,,,
7/31/2026,8/4/2026,521975,Santo Antônio do Descoberto - GO,115,53,4486,49.83,,,,,,,,,
7/31/2026,8/4/2026,316010,Santo Antônio do Grama - MG,9,4,339,17.55,,,,,,,,,
7/31/2026,8/4/2026,130370,Santo Antônio do Içá - AM,11,5,456,1.35,,,,,,,,,
7/31/2026,8/4/2026,316020,Santo Antônio do Itambé - MG,3,1,221,-,,,,,,,,,
7/31/2026,8/4/2026,316030,Santo Antônio do Jacinto - MG,8,2,468,0.07,,,,,,,,,
7/31/2026,8/4/2026,354810,Santo Antônio do Jardim - SP,12,7,771,304.21,,,,,,,,,
7/31/2026,8/4/2026,510779,Santo Antônio do Leste - MT,7,3,346,40.00,,,,,,,,,
7/31/2026,8/4/2026,510780,Santo Antônio do Leverger - MT,31,13,1466,14.21,,,,,,,,,
7/31/2026,8/4/2026,316040,Santo Antônio do Monte - MG,65,48,4541,24.94,,,,,,,,,
7/31/2026,8/4/2026,431755,Santo Antônio do Palma - RS,1,1,192,-,,,,,,,,,
7/31/2026,8/4/2026,412430,Santo Antônio do Paraíso - PR,3,1,176,42.07,,,,,,,,,
7/31/2026,8/4/2026,354820,Santo Antônio do Pinhal - SP,13,13,1506,31.20,,,,,,,,,
7/31/2026,8/4/2026,431775,Santo Antônio do Planalto - RS,2,0,241,-,,,,,,,,,
7/31/2026,8/4/2026,316045,Santo Antônio do Retiro - MG,4,0,177,-,,,,,,,,,
7/31/2026,8/4/2026,316050,Santo Antônio do Rio Abaixo - MG,0,1,139,-,,,,,,,,,
7/31/2026,8/4/2026,412440,Santo Antônio do Sudoeste - PR,29,11,2424,19.36,,,,,,,,,
7/31/2026,8/4/2026,150700,Santo Antônio do Tauá - PA,21,9,1168,-,,,,,,,,,
7/31/2026,8/4/2026,211030,Santo Antônio dos Lopes - MA,8,3,531,0.01,,,,,,,,,
7/31/2026,8/4/2026,220945,Santo Antônio dos Milagres - PI,0,1,33,-,,,,,,,,,
7/31/2026,8/4/2026,431780,Santo Augusto - RS,27,10,1809,0.17,,,,,,,,,
7/31/2026,8/4/2026,431790,Santo Cristo - RS,21,15,1771,8.53,,,,,,,,,
7/31/2026,8/4/2026,292880,Santo Estêvão - BA,54,27,2970,14.20,,,,,,,,,
7/31/2026,8/4/2026,354830,Santo Expedito - SP,11,1,269,3.65,,,,,,,,,
7/31/2026,8/4/2026,431795,Santo Expedito do Sul - RS,3,0,212,-,,,,,,,,,
7/31/2026,8/4/2026,316060,Santo Hipólito - MG,4,5,185,-,,,,,,,,,
7/31/2026,8/4/2026,412450,Santo Inácio - PR,12,8,734,21.47,,,,,,,,,
7/31/2026,8/4/2026,220950,Santo Inácio do Piauí - PI,3,0,143,-,,,,,,,,,
7/31/2026,8/4/2026,354840,Santópolis do Aguapeí - SP,7,6,398,-,,,,,,,,,
7/31/2026,8/4/2026,354850,Santos - SP,1603,703,79206,46.18,,,,,,,,,
7/31/2026,8/4/2026,316070,Santos Dumont - MG,72,38,3723,28.09,,,,,,,,,
7/31/2026,8/4/2026,231230,São Benedito - CE,37,25,2835,8.01,,,,,,,,,
7/31/2026,8/4/2026,211040,São Benedito do Rio Preto - MA,4,3,344,-,,,,,,,,,
7/31/2026,8/4/2026,261290,São Benedito do Sul - PE,6,1,219,35.17,,,,,,,,,
7/31/2026,8/4/2026,251392,São Bentinho - PB,5,2,157,-,,,,,,,,,
7/31/2026,8/4/2026,211050,São Bento - MA,16,7,1007,-,,,,,,,,,
7/31/2026,8/4/2026,251390,São Bento - PB,31,15,2711,-,,,,,,,,,
7/31/2026,8/4/2026,316080,São Bento Abade - MG,10,4,450,-,,,,,,,,,
7/31/2026,8/4/2026,241160,São Bento do Norte - RN,2,2,152,20.01,,,,,,,,,
7/31/2026,8/4/2026,354860,São Bento do Sapucaí - SP,36,15,1803,5.41,,,,,,,,,
7/31/2026,8/4/2026,421580,São Bento do Sul - SC,248,124,13206,2.22,,,,,,,,,
7/31/2026,8/4/2026,172010,São Bento do Tocantins - TO,3,5,250,-,,,,,,,,,
7/31/2026,8/4/2026,241170,São Bento do Trairí - RN,1,0,108,-,,,,,,,,,
7/31/2026,8/4/2026,261300,São Bento do Una - PE,28,14,1580,41.15,,,,,,,,,
7/31/2026,8/4/2026,421575,São Bernardino - SC,2,3,257,1.17,,,,,,,,,
7/31/2026,8/4/2026,211060,São Bernardo - MA,8,8,842,0.02,,,,,,,,,
7/31/2026,8/4/2026,354870,São Bernardo do Campo - SP,2506,1314,124645,31.81,,,,,,,,,
7/31/2026,8/4/2026,421590,São Bonifácio - SC,6,0,331,-,,,,,,,,,
7/31/2026,8/4/2026,431800,São Borja - RS,106,59,6825,14.68,,,,,,,,,
7/31/2026,8/4/2026,270820,São Brás - AL,3,1,106,0.00,,,,,,,,,
7/31/2026,8/4/2026,316090,São Brás do Suaçuí - MG,7,5,446,-,,,,,,,,,
7/31/2026,8/4/2026,220955,São Braz do Piauí - PI,1,2,130,-,,,,,,,,,
7/31/2026,8/4/2026,150710,São Caetano de Odivelas - PA,10,4,507,-,,,,,,,,,
7/31/2026,8/4/2026,354880,São Caetano do Sul - SP,542,294,37059,35.28,,,,,,,,,
7/31/2026,8/4/2026,261310,São Caitano - PE,30,22,1759,-,,,,,,,,,
7/31/2026,8/4/2026,421600,São Carlos - SC,15,10,1607,1.09,,,,,,,,,
7/31/2026,8/4/2026,354890,São Carlos - SP,818,444,43068,23.20,,,,,,,,,
7/31/2026,8/4/2026,412460,São Carlos do Ivaí - PR,9,6,831,-,,,,,,,,,
7/31/2026,8/4/2026,280670,São Cristóvão - SE,152,81,6045,3.58,,,,,,,,,
7/31/2026,8/4/2026,421605,São Cristovão do Sul - SC,10,9,550,-,,,,,,,,,
7/31/2026,8/4/2026,292890,São Desidério - BA,61,26,2124,32.70,,,,,,,,,
7/31/2026,8/4/2026,292895,São Domingos - BA,9,1,558,25.00,,,,,,,,,
7/31/2026,8/4/2026,521980,São Domingos - GO,8,6,725,-,,,,,,,,,
7/31/2026,8/4/2026,251396,São Domingos - PB,3,1,62,-,,,,,,,,,
7/31/2026,8/4/2026,421610,São Domingos - SC,17,5,1215,-,,,,,,,,,
7/31/2026,8/4/2026,280680,São Domingos - SE,6,3,401,-,,,,,,,,,
7/31/2026,8/4/2026,316095,São Domingos das Dores - MG,8,3,479,-,,,,,,,,,
7/31/2026,8/4/2026,150715,São Domingos do Araguaia - PA,11,5,937,48.45,,,,,,,,,
7/31/2026,8/4/2026,211065,São Domingos do Azeitão - MA,1,2,365,-,,,,,,,,,
7/31/2026,8/4/2026,150720,São Domingos do Capim - PA,7,0,564,-,,,,,,,,,
7/31/2026,8/4/2026,251394,São Domingos do Cariri - PB,2,1,169,-,,,,,,,,,
7/31/2026,8/4/2026,211070,São Domingos do Maranhão - MA,39,7,1279,2.34,,,,,,,,,
7/31/2026,8/4/2026,320465,São Domingos do Norte - ES,12,7,828,19.06,,,,,,,,,
7/31/2026,8/4/2026,316100,São Domingos do Prata - MG,20,12,1683,46.22,,,,,,,,,
7/31/2026,8/4/2026,431805,São Domingos do Sul - RS,4,2,420,0.00,,,,,,,,,
7/31/2026,8/4/2026,292910,São Felipe - BA,23,6,1781,-,,,,,,,,,
7/31/2026,8/4/2026,110148,São Felipe D'Oeste - RO,4,1,274,0.01,,,,,,,,,
7/31/2026,8/4/2026,292900,São Félix - BA,4,5,387,-,,,,,,,,,
7/31/2026,8/4/2026,211080,São Félix de Balsas - MA,0,2,113,-,,,,,,,,,
7/31/2026,8/4/2026,316105,São Félix de Minas - MG,5,1,266,-,,,,,,,,,
7/31/2026,8/4/2026,510785,São Félix do Araguaia - MT,17,12,1597,53.28,,,,,,,,,
7/31/2026,8/4/2026,292905,São Félix do Coribe - BA,16,5,1025,24.30,,,,,,,,,
7/31/2026,8/4/2026,220960,São Félix do Piauí - PI,2,0,122,-,,,,,,,,,
7/31/2026,8/4/2026,172015,São Félix do Tocantins - TO,2,1,195,-,,,,,,,,,
7/31/2026,8/4/2026,150730,São Félix do Xingu - PA,58,26,3489,4.72,,,,,,,,,
7/31/2026,8/4/2026,241180,São Fernando - RN,2,3,245,-,,,,,,,,,
7/31/2026,8/4/2026,330480,São Fidélis - RJ,35,24,2981,31.89,,,,,,,,,
7/31/2026,8/4/2026,316110,São Francisco - MG,57,29,2671,0.09,,,,,,,,,
7/31/2026,8/4/2026,251398,São Francisco - PB,1,0,125,-,,,,,,,,,
7/31/2026,8/4/2026,280690,São Francisco - SE,1,2,120,-,,,,,,,,,
7/31/2026,8/4/2026,354900,São Francisco - SP,5,4,292,-,,,,,,,,,
7/31/2026,8/4/2026,431810,São Francisco de Assis - RS,22,18,1680,8.29,,,,,,,,,
7/31/2026,8/4/2026,220965,São Francisco de Assis do Piauí - PI,0,1,151,-,,,,,,,,,
7/31/2026,8/4/2026,521990,São Francisco de Goiás - GO,6,3,597,-,,,,,,,,,
7/31/2026,8/4/2026,330475,São Francisco de Itabapoana - RJ,48,32,3222,40.91,,,,,,,,,
7/31/2026,8/4/2026,316120,São Francisco de Paula - MG,4,2,473,48.47,,,,,,,,,
7/31/2026,8/4/2026,431820,São Francisco de Paula - RS,36,32,2845,31.02,,,,,,,,,
7/31/2026,8/4/2026,316130,São Francisco de Sales - MG,5,1,381,-,,,,,,,,,
7/31/2026,8/4/2026,211085,São Francisco do Brejão - MA,2,1,267,-,,,,,,,,,
7/31/2026,8/4/2026,292920,São Francisco do Conde - BA,32,21,1502,10.00,,,,,,,,,
7/31/2026,8/4/2026,316140,São Francisco do Glória - MG,1,3,441,-,,,,,,,,,
7/31/2026,8/4/2026,110149,São Francisco do Guaporé - RO,20,17,1145,14.23,,,,,,,,,
7/31/2026,8/4/2026,211090,São Francisco do Maranhão - MA,3,4,224,-,,,,,,,,,
7/31/2026,8/4/2026,241190,São Francisco do Oeste - RN,7,3,195,-,,,,,,,,,
7/31/2026,8/4/2026,150740,São Francisco do Pará - PA,7,5,531,96.42,,,,,,,,,
7/31/2026,8/4/2026,220970,São Francisco do Piauí - PI,1,1,222,-,,,,,,,,,
7/31/2026,8/4/2026,421620,São Francisco do Sul - SC,175,119,9304,54.68,,,,,,,,,
7/31/2026,8/4/2026,292925,São Gabriel - BA,11,9,599,-,,,,,,,,,
7/31/2026,8/4/2026,431830,São Gabriel - RS,83,46,5496,11.74,,,,,,,,,
7/31/2026,8/4/2026,130380,São Gabriel da Cachoeira - AM,10,20,967,10.01,,,,,,,,,
7/31/2026,8/4/2026,320470,São Gabriel da Palha - ES,68,33,4529,11.04,,,,,,,,,
7/31/2026,8/4/2026,500769,São Gabriel do Oeste - MS,77,39,4458,6.32,,,,,,,,,
7/31/2026,8/4/2026,316150,São Geraldo - MG,15,9,991,84.39,,,,,,,,,
7/31/2026,8/4/2026,316160,São Geraldo da Piedade - MG,8,0,172,-,,,,,,,,,
7/31/2026,8/4/2026,150745,São Geraldo do Araguaia - PA,18,10,1340,-,,,,,,,,,
7/31/2026,8/4/2026,316165,São Geraldo do Baixio - MG,3,3,206,-,,,,,,,,,
7/31/2026,8/4/2026,330490,São Gonçalo - RJ,1880,1031,90250,41.66,,,,,,,,,
7/31/2026,8/4/2026,316170,São Gonçalo do Abaeté - MG,5,1,588,105.02,,,,,,,,,
7/31/2026,8/4/2026,231240,São Gonçalo do Amarante - CE,83,43,3665,17.04,,,,,,,,,
7/31/2026,8/4/2026,241200,São Gonçalo do Amarante - RN,202,114,8756,12.74,,,,,,,,,
7/31/2026,8/4/2026,220975,São Gonçalo do Gurguéia - PI,2,2,139,-,,,,,,,,,
7/31/2026,8/4/2026,316180,São Gonçalo do Pará - MG,28,11,1451,33.18,,,,,,,,,
7/31/2026,8/4/2026,220980,São Gonçalo do Piauí - PI,2,1,179,-,,,,,,,,,
7/31/2026,8/4/2026,316190,São Gonçalo do Rio Abaixo - MG,17,10,1339,69.22,,,,,,,,,
7/31/2026,8/4/2026,312550,São Gonçalo do Rio Preto - MG,5,2,252,-,,,,,,,,,
7/31/2026,8/4/2026,316200,São Gonçalo do Sapucaí - MG,42,25,2649,32.58,,,,,,,,,
7/31/2026,8/4/2026,292930,São Gonçalo dos Campos - BA,45,30,2760,20.21,,,,,,,,,
7/31/2026,8/4/2026,316210,São Gotardo - MG,101,53,6477,55.64,,,,,,,,,
7/31/2026,8/4/2026,431840,São Jerônimo - RS,31,20,1943,8.63,,,,,,,,,
7/31/2026,8/4/2026,412470,São Jerônimo da Serra - PR,15,3,662,-,,,,,,,,,
7/31/2026,8/4/2026,261320,São João - PE,11,7,627,15.21,,,,,,,,,
7/31/2026,8/4/2026,412480,São João - PR,22,15,1591,51.09,,,,,,,,,
7/31/2026,8/4/2026,211100,São João Batista - MA,3,4,233,-,,,,,,,,,
7/31/2026,8/4/2026,421630,São João Batista - SC,119,58,5282,27.84,,,,,,,,,
7/31/2026,8/4/2026,316220,São João Batista do Glória - MG,16,11,1095,50.54,,,,,,,,,
7/31/2026,8/4/2026,140050,São João da Baliza - RR,5,3,384,120.00,,,,,,,,,
7/31/2026,8/4/2026,330500,São João da Barra - RJ,64,49,4278,51.11,,,,,,,,,
7/31/2026,8/4/2026,354910,São João da Boa Vista - SP,235,130,14688,42.12,,,,,,,,,
7/31/2026,8/4/2026,220985,São João da Canabrava - PI,3,0,134,8.87,,,,,,,,,
7/31/2026,8/4/2026,220987,São João da Fronteira - PI,0,1,183,-,,,,,,,,,
7/31/2026,8/4/2026,316225,São João da Lagoa - MG,5,2,205,0.09,,,,,,,,,
7/31/2026,8/4/2026,316230,São João da Mata - MG,1,4,238,-,,,,,,,,,
7/31/2026,8/4/2026,522005,São João da Paraúna - GO,3,3,263,-,,,,,,,,,
7/31/2026,8/4/2026,150746,São João da Ponta - PA,1,0,119,-,,,,,,,,,
7/31/2026,8/4/2026,316240,São João da Ponte - MG,10,6,888,0.12,,,,,,,,,
7/31/2026,8/4/2026,220990,São João da Serra - PI,0,1,195,-,,,,,,,,,
7/31/2026,8/4/2026,431842,São João da Urtiga - RS,8,3,629,0.56,,,,,,,,,
7/31/2026,8/4/2026,220995,São João da Varjota - PI,2,1,83,-,,,,,,,,,
7/31/2026,8/4/2026,522000,São João D'Aliança - GO,19,7,1095,61.19,,,,,,,,,
7/31/2026,8/4/2026,354920,São João das Duas Pontes - SP,6,2,221,-,,,,,,,,,
7/31/2026,8/4/2026,316245,São João das Missões - MG,2,5,268,-,,,,,,,,,
7/31/2026,8/4/2026,354925,São João de Iracema - SP,1,0,184,6.41,,,,,,,,,
7/31/2026,8/4/2026,330510,São João de Meriti - RJ,954,517,41705,37.00,,,,,,,,,
7/31/2026,8/4/2026,150747,São João de Pirabas - PA,8,8,527,-,,,,,,,,,
7/31/2026,8/4/2026,316250,São João Del Rei - MG,186,112,11673,4.55,,,,,,,,,
7/31/2026,8/4/2026,150750,São João do Araguaia - PA,5,1,294,-,,,,,,,,,
7/31/2026,8/4/2026,220997,São João do Arraial - PI,7,0,288,-,,,,,,,,,
7/31/2026,8/4/2026,412490,São João do Caiuá - PR,7,11,524,-,,,,,,,,,
7/31/2026,8/4/2026,251400,São João do Cariri - PB,3,2,252,-,,,,,,,,,
7/31/2026,8/4/2026,211102,São João do Carú - MA,8,1,264,-,,,,,,,,,
7/31/2026,8/4/2026,421635,São João do Itaperiú - SC,18,8,726,-,,,,,,,,,
7/31/2026,8/4/2026,412500,São João do Ivaí - PR,12,7,1203,70.38,,,,,,,,,
7/31/2026,8/4/2026,231250,São João do Jaguaribe - CE,5,4,181,39.20,,,,,,,,,
7/31/2026,8/4/2026,316255,São João do Manhuaçu - MG,12,4,732,-,,,,,,,,,
7/31/2026,8/4/2026,316257,São João do Manteninha - MG,8,3,627,-,,,,,,,,,
7/31/2026,8/4/2026,421625,São João do Oeste - SC,7,8,940,-,,,,,,,,,
7/31/2026,8/4/2026,316260,São João do Oriente - MG,14,10,813,0.23,,,,,,,,,
7/31/2026,8/4/2026,316265,São João do Pacuí - MG,1,1,107,-,,,,,,,,,
7/31/2026,8/4/2026,211105,São João do Paraíso - MA,4,2,397,0.74,,,,,,,,,
7/31/2026,8/4/2026,316270,São João do Paraíso - MG,24,10,1434,-,,,,,,,,,
7/31/2026,8/4/2026,354930,São João do Pau D'Alho - SP,4,2,206,4.96,,,,,,,,,
7/31/2026,8/4/2026,221000,São João do Piauí - PI,19,11,1534,16.04,,,,,,,,,
7/31/2026,8/4/2026,431843,São João do Polêsine - RS,13,4,399,3.54,,,,,,,,,
7/31/2026,8/4/2026,250070,São João do Rio do Peixe - PB,10,8,734,0.08,,,,,,,,,
7/31/2026,8/4/2026,241210,São João do Sabugi - RN,3,0,320,60.77,,,,,,,,,
7/31/2026,8/4/2026,211107,São João do Soter - MA,3,1,306,-,,,,,,,,,
7/31/2026,8/4/2026,421640,São João do Sul - SC,13,11,982,-,,,,,,,,,
7/31/2026,8/4/2026,251410,São João do Tigre - PB,1,1,89,-,,,,,,,,,
7/31/2026,8/4/2026,412510,São João do Triunfo - PR,8,3,836,263.02,,,,,,,,,
7/31/2026,8/4/2026,211110,São João dos Patos - MA,16,10,1371,0.24,,,,,,,,,
7/31/2026,8/4/2026,316280,São João Evangelista - MG,18,21,1857,11.81,,,,,,,,,
7/31/2026,8/4/2026,316290,São João Nepomuceno - MG,50,34,3256,22.62,,,,,,,,,
7/31/2026,8/4/2026,421650,São Joaquim - SC,40,24,2795,86.07,,,,,,,,,
7/31/2026,8/4/2026,354940,São Joaquim da Barra - SP,113,63,6291,33.97,,,,,,,,,
7/31/2026,8/4/2026,316292,São Joaquim de Bicas - MG,83,52,4011,5.72,,,,,,,,,
7/31/2026,8/4/2026,261330,São Joaquim do Monte - PE,7,4,511,-,,,,,,,,,
7/31/2026,8/4/2026,431844,São Jorge - RS,6,4,335,-,,,,,,,,,
7/31/2026,8/4/2026,412530,São Jorge do Ivaí - PR,8,4,653,77.81,,,,,,,,,
7/31/2026,8/4/2026,412535,São Jorge do Patrocínio - PR,8,6,612,-,,,,,,,,,
7/31/2026,8/4/2026,412520,São Jorge D'Oeste - PR,25,15,1048,7.90,,,,,,,,,
7/31/2026,8/4/2026,421660,São José - SC,1221,722,58185,5.01,,,,,,,,,
7/31/2026,8/4/2026,316294,São José da Barra - MG,7,4,1020,-,,,,,,,,,
7/31/2026,8/4/2026,354950,São José da Bela Vista - SP,9,3,598,44.13,,,,,,,,,
7/31/2026,8/4/2026,412540,São José da Boa Vista - PR,5,3,454,-,,,,,,,,,
7/31/2026,8/4/2026,261340,São José da Coroa Grande - PE,28,10,1363,87.15,,,,,,,,,
7/31/2026,8/4/2026,251420,São José da Lagoa Tapada - PB,4,1,290,-,,,,,,,,,
7/31/2026,8/4/2026,270830,São José da Laje - AL,17,18,1172,66.32,,,,,,,,,
7/31/2026,8/4/2026,316295,São José da Lapa - MG,77,60,3329,80.70,,,,,,,,,
7/31/2026,8/4/2026,316300,São José da Safira - MG,1,0,226,-,,,,,,,,,
7/31/2026,8/4/2026,270840,São José da Tapera - AL,8,15,867,16.84,,,,,,,,,
7/31/2026,8/4/2026,316310,São José da Varginha - MG,8,2,345,-,,,,,,,,,
7/31/2026,8/4/2026,292935,São José da Vitória - BA,2,0,214,-,,,,,,,,,
7/31/2026,8/4/2026,431845,São José das Missões - RS,2,1,141,-,,,,,,,,,
7/31/2026,8/4/2026,412545,São José das Palmeiras - PR,14,3,385,27.55,,,,,,,,,
7/31/2026,8/4/2026,251430,São José de Caiana - PB,1,1,153,-,,,,,,,,,
7/31/2026,8/4/2026,251440,São José de Espinharas - PB,2,3,88,-,,,,,,,,,
7/31/2026,8/4/2026,241220,São José de Mipibu - RN,69,22,3370,51.08,,,,,,,,,
7/31/2026,8/4/2026,251450,São José de Piranhas - PB,14,8,892,109.09,,,,,,,,,
7/31/2026,8/4/2026,251455,São José de Princesa - PB,2,0,57,-,,,,,,,,,
7/31/2026,8/4/2026,211120,São José de Ribamar - MA,360,173,13504,7.43,,,,,,,,,
7/31/2026,8/4/2026,330513,São José de Ubá - RJ,6,8,619,-,,,,,,,,,
7/31/2026,8/4/2026,316320,São José do Alegre - MG,9,4,362,31.86,,,,,,,,,
7/31/2026,8/4/2026,354960,São José do Barreiro - SP,5,8,440,-,,,,,,,,,
7/31/2026,8/4/2026,261350,São José do Belmonte - PE,26,15,1517,-,,,,,,,,,
7/31/2026,8/4/2026,251460,São José do Bonfim - PB,2,1,107,-,,,,,,,,,
7/31/2026,8/4/2026,251465,São José do Brejo do Cruz - PB,2,1,154,-,,,,,,,,,
7/31/2026,8/4/2026,320480,São José do Calçado - ES,14,10,1135,7.04,,,,,,,,,
7/31/2026,8/4/2026,241230,São José do Campestre - RN,10,4,477,-,,,,,,,,,
7/31/2026,8/4/2026,421670,São José do Cedro - SC,30,21,2015,1.16,,,,,,,,,
7/31/2026,8/4/2026,421680,São José do Cerrito - SC,6,9,620,-,,,,,,,,,
7/31/2026,8/4/2026,316330,São José do Divino - MG,5,1,221,-,,,,,,,,,
7/31/2026,8/4/2026,221005,São José do Divino - PI,1,2,218,-,,,,,,,,,
7/31/2026,8/4/2026,261360,São José do Egito - PE,41,16,2017,59.18,,,,,,,,,
7/31/2026,8/4/2026,316340,São José do Goiabal - MG,3,1,428,-,,,,,,,,,
7/31/2026,8/4/2026,431846,São José do Herval - RS,2,3,190,-,,,,,,,,,
7/31/2026,8/4/2026,431848,São José do Hortêncio - RS,8,4,464,0.25,,,,,,,,,
7/31/2026,8/4/2026,431849,São José do Inhacorá - RS,7,2,331,21.52,,,,,,,,,
7/31/2026,8/4/2026,292937,São José do Jacuípe - BA,6,4,396,-,,,,,,,,,
7/31/2026,8/4/2026,316350,São José do Jacuri - MG,10,1,311,1.38,,,,,,,,,
7/31/2026,8/4/2026,316360,São José do Mantimento - MG,4,2,169,-,,,,,,,,,
7/31/2026,8/4/2026,431850,São José do Norte - RS,21,21,1981,-,,,,,,,,,
7/31/2026,8/4/2026,431860,São José do Ouro - RS,8,5,947,-,,,,,,,,,
7/31/2026,8/4/2026,221010,São José do Peixe - PI,1,1,147,-,,,,,,,,,
7/31/2026,8/4/2026,221020,São José do Piauí - PI,3,0,145,5.90,,,,,,,,,
7/31/2026,8/4/2026,510729,São José do Povo - MT,4,1,151,-,,,,,,,,,
7/31/2026,8/4/2026,510730,São José do Rio Claro - MT,24,15,1808,10.52,,,,,,,,,
7/31/2026,8/4/2026,354970,São José do Rio Pardo - SP,113,61,7402,18.10,,,,,,,,,
7/31/2026,8/4/2026,354980,São José do Rio Preto - SP,1743,978,100032,38.75,,,,,,,,,
7/31/2026,8/4/2026,251470,São José do Sabugi - PB,4,0,374,-,,,,,,,,,
7/31/2026,8/4/2026,241240,São José do Seridó - RN,8,2,317,44.64,,,,,,,,,
7/31/2026,8/4/2026,431861,São José do Sul - RS,6,4,280,-,,,,,,,,,
7/31/2026,8/4/2026,330515,São José do Vale do Rio Preto - RJ,50,23,2774,9.78,,,,,,,,,
7/31/2026,8/4/2026,510735,São José do Xingu - MT,13,9,756,0.00,,,,,,,,,
7/31/2026,8/4/2026,431862,São José dos Ausentes - RS,5,4,481,89.63,,,,,,,,,
7/31/2026,8/4/2026,211125,São José dos Basílios - MA,2,0,125,-,,,,,,,,,
7/31/2026,8/4/2026,354990,São José dos Campos - SP,2314,1350,115596,44.56,,,,,,,,,
7/31/2026,8/4/2026,251480,São José dos Cordeiros - PB,3,0,113,-,,,,,,,,,
7/31/2026,8/4/2026,412550,São José dos Pinhais - PR,1300,732,59896,14.70,,,,,,,,,
7/31/2026,8/4/2026,510710,São José dos Quatro Marcos - MT,28,14,2240,27.37,,,,,,,,,
7/31/2026,8/4/2026,251445,São José dos Ramos - PB,1,0,150,-,,,,,,,,,
7/31/2026,8/4/2026,221030,São Julião - PI,2,1,194,-,,,,,,,,,
7/31/2026,8/4/2026,431870,São Leopoldo - RS,650,423,31992,6.37,,,,,,,,,
7/31/2026,8/4/2026,316370,São Lourenço - MG,128,67,7782,10.08,,,,,,,,,
7/31/2026,8/4/2026,261370,São Lourenço da Mata - PE,199,115,8213,37.15,,,,,,,,,
7/31/2026,8/4/2026,354995,São Lourenço da Serra - SP,23,13,1627,26.81,,,,,,,,,
7/31/2026,8/4/2026,421690,São Lourenço do Oeste - SC,67,26,4396,23.91,,,,,,,,,
7/31/2026,8/4/2026,221035,São Lourenço do Piauí - PI,2,0,98,-,,,,,,,,,
7/31/2026,8/4/2026,431880,São Lourenço do Sul - RS,54,29,4080,53.60,,,,,,,,,
7/31/2026,8/4/2026,421700,São Ludgero - SC,34,21,2106,93.54,,,,,,,,,
7/31/2026,8/4/2026,211130,São Luís - MA,2061,1092,106410,15.80,,,,,,,,,
7/31/2026,8/4/2026,522010,São Luís de Montes Belos - GO,101,43,5052,29.27,,,,,,,,,
7/31/2026,8/4/2026,231260,São Luís do Curu - CE,3,4,457,-,,,,,,,,,
7/31/2026,8/4/2026,355000,São Luís do Paraitinga - SP,22,8,1198,172.10,,,,,,,,,
7/31/2026,8/4/2026,221037,São Luis do Piauí - PI,1,0,35,-,,,,,,,,,
7/31/2026,8/4/2026,270850,São Luís do Quitunde - AL,11,7,963,-,,,,,,,,,
7/31/2026,8/4/2026,211140,São Luís Gonzaga do Maranhão - MA,5,5,300,-,,,,,,,,,
7/31/2026,8/4/2026,140060,São Luiz - RR,4,4,290,0.53,,,,,,,,,
7/31/2026,8/4/2026,522015,São Luíz do Norte - GO,7,4,457,0.71,,,,,,,,,
7/31/2026,8/4/2026,431890,São Luiz Gonzaga - RS,70,36,4510,8.00,,,,,,,,,
7/31/2026,8/4/2026,251490,São Mamede - PB,5,6,480,-,,,,,,,,,
7/31/2026,8/4/2026,412555,São Manoel do Paraná - PR,1,0,174,-,,,,,,,,,
7/31/2026,8/4/2026,355010,São Manuel - SP,66,41,4698,24.99,,,,,,,,,
7/31/2026,8/4/2026,431900,São Marcos - RS,43,24,3434,10.00,,,,,,,,,
7/31/2026,8/4/2026,431910,São Martinho - RS,9,3,776,32.23,,,,,,,,,
7/31/2026,8/4/2026,421710,São Martinho - SC,2,2,449,-,,,,,,,,,
7/31/2026,8/4/2026,431912,São Martinho da Serra - RS,1,4,226,2.55,,,,,,,,,
7/31/2026,8/4/2026,320490,São Mateus - ES,310,159,14903,23.71,,,,,,,,,
7/31/2026,8/4/2026,211150,São Mateus do Maranhão - MA,24,13,1339,26.21,,,,,,,,,
7/31/2026,8/4/2026,412560,São Mateus do Sul - PR,86,43,4871,38.95,,,,,,,,,
7/31/2026,8/4/2026,241250,São Miguel - RN,12,8,1401,18.17,,,,,,,,,
7/31/2026,8/4/2026,355020,São Miguel Arcanjo - SP,54,37,3121,18.38,,,,,,,,,
7/31/2026,8/4/2026,221038,São Miguel da Baixa Grande - PI,2,1,98,-,,,,,,,,,
7/31/2026,8/4/2026,421715,São Miguel da Boa Vista - SC,0,0,122,-,,,,,,,,,
7/31/2026,8/4/2026,292940,São Miguel das Matas - BA,11,3,390,-,,,,,,,,,
7/31/2026,8/4/2026,431915,São Miguel das Missões - RS,8,7,728,0.10,,,,,,,,,
7/31/2026,8/4/2026,251500,São Miguel de Taipu - PB,9,2,252,10.74,,,,,,,,,
7/31/2026,8/4/2026,280700,São Miguel do Aleixo - SE,1,2,72,-,,,,,,,,,
7/31/2026,8/4/2026,316380,São Miguel do Anta - MG,3,2,412,6.44,,,,,,,,,
7/31/2026,8/4/2026,522020,São Miguel do Araguaia - GO,27,22,2175,0.13,,,,,,,,,
7/31/2026,8/4/2026,221039,São Miguel do Fidalgo - PI,1,1,61,-,,,,,,,,,
7/31/2026,8/4/2026,241255,São Miguel do Gostoso - RN,10,9,1041,-,,,,,,,,,
7/31/2026,8/4/2026,150760,São Miguel do Guamá - PA,26,21,2284,-,,,,,,,,,
7/31/2026,8/4/2026,110032,São Miguel do Guaporé - RO,30,17,1699,3.45,,,,,,,,,
7/31/2026,8/4/2026,412570,São Miguel do Iguaçu - PR,44,29,3329,5.24,,,,,,,,,
7/31/2026,8/4/2026,421720,São Miguel do Oeste - SC,143,53,8052,10.66,,,,,,,,,
7/31/2026,8/4/2026,522026,São Miguel do Passa Quatro - GO,3,0,453,-,,,,,,,,,
7/31/2026,8/4/2026,221040,São Miguel do Tapuio - PI,7,2,713,7.98,,,,,,,,,
7/31/2026,8/4/2026,172020,São Miguel do Tocantins - TO,8,6,525,-,,,,,,,,,
7/31/2026,8/4/2026,270860,São Miguel dos Campos - AL,68,50,3308,6.05,,,,,,,,,
7/31/2026,8/4/2026,270870,São Miguel dos Milagres - AL,11,6,957,63.44,,,,,,,,,
7/31/2026,8/4/2026,431920,São Nicolau - RS,5,4,415,-,,,,,,,,,
7/31/2026,8/4/2026,522028,São Patrício - GO,0,0,128,-,,,,,,,,,
7/31/2026,8/4/2026,355030,São Paulo - SP,47612,22152,2536853,32.16,,,,,,,,,
7/31/2026,8/4/2026,431930,São Paulo das Missões - RS,2,3,502,-,,,,,,,,,
7/31/2026,8/4/2026,130390,São Paulo de Olivença - AM,5,3,430,-,,,,,,,,,
7/31/2026,8/4/2026,241260,São Paulo do Potengi - RN,14,5,1249,-,,,,,,,,,
7/31/2026,8/4/2026,241270,São Pedro - RN,2,5,175,-,,,,,,,,,
7/31/2026,8/4/2026,355040,São Pedro - SP,84,54,5902,28.25,,,,,,,,,
7/31/2026,8/4/2026,211153,São Pedro da Água Branca - MA,6,1,462,-,,,,,,,,,
7/31/2026,8/4/2026,330520,São Pedro da Aldeia - RJ,243,127,12810,29.05,,,,,,,,,
7/31/2026,8/4/2026,510740,São Pedro da Cipa - MT,7,2,325,-,,,,,,,,,
7/31/2026,8/4/2026,431935,São Pedro da Serra - RS,7,2,408,65.17,,,,,,,,,
7/31/2026,8/4/2026,316390,São Pedro da União - MG,7,4,375,0.14,,,,,,,,,
7/31/2026,8/4/2026,431936,São Pedro das Missões - RS,4,1,135,48.00,,,,,,,,,
7/31/2026,8/4/2026,421725,São Pedro de Alcântara - SC,12,4,689,12.57,,,,,,,,,
7/31/2026,8/4/2026,431937,São Pedro do Butiá - RS,5,0,392,-,,,,,,,,,
7/31/2026,8/4/2026,412575,São Pedro do Iguaçu - PR,4,6,472,-,,,,,,,,,
7/31/2026,8/4/2026,412580,São Pedro do Ivaí - PR,20,9,1063,16.24,,,,,,,,,
7/31/2026,8/4/2026,412590,São Pedro do Paraná - PR,4,0,291,-,,,,,,,,,
7/31/2026,8/4/2026,221050,São Pedro do Piauí - PI,8,7,543,-,,,,,,,,,
7/31/2026,8/4/2026,316410,São Pedro do Suaçuí - MG,2,1,338,-,,,,,,,,,
7/31/2026,8/4/2026,431940,São Pedro do Sul - RS,27,13,1590,8.32,,,,,,,,,
7/31/2026,8/4/2026,355050,São Pedro do Turvo - SP,7,6,678,-,,,,,,,,,
7/31/2026,8/4/2026,211157,São Pedro dos Crentes - MA,3,2,205,-,,,,,,,,,
7/31/2026,8/4/2026,316400,São Pedro dos Ferros - MG,18,9,670,-,,,,,,,,,
7/31/2026,8/4/2026,241280,São Rafael - RN,8,2,307,0.43,,,,,,,,,
7/31/2026,8/4/2026,211160,São Raimundo das Mangabeiras - MA,13,11,912,-,,,,,,,,,
7/31/2026,8/4/2026,211163,São Raimundo do Doca Bezerra - MA,1,0,102,-,,,,,,,,,
7/31/2026,8/4/2026,221060,São Raimundo Nonato - PI,35,21,3122,0.01,,,,,,,,,
7/31/2026,8/4/2026,211167,São Roberto - MA,4,0,90,-,,,,,,,,,
7/31/2026,8/4/2026,316420,São Romão - MG,4,5,430,-,,,,,,,,,
7/31/2026,8/4/2026,355060,São Roque - SP,218,107,12549,32.76,,,,,,,,,
7/31/2026,8/4/2026,316430,São Roque de Minas - MG,20,4,985,0.13,,,,,,,,,
7/31/2026,8/4/2026,320495,São Roque do Canaã - ES,14,8,1114,145.50,,,,,,,,,
7/31/2026,8/4/2026,172025,São Salvador do Tocantins - TO,2,4,146,10.85,,,,,,,,,
7/31/2026,8/4/2026,270880,São Sebastião - AL,18,14,1185,-,,,,,,,,,
7/31/2026,8/4/2026,355070,São Sebastião - SP,215,133,12267,29.45,,,,,,,,,
7/31/2026,8/4/2026,412600,São Sebastião da Amoreira - PR,12,7,777,-,,,,,,,,,
7/31/2026,8/4/2026,316440,São Sebastião da Bela Vista - MG,11,5,604,-,,,,,,,,,
7/31/2026,8/4/2026,150770,São Sebastião da Boa Vista - PA,6,2,442,-,,,,,,,,,
7/31/2026,8/4/2026,355080,São Sebastião da Grama - SP,17,18,1319,54.62,,,,,,,,,
7/31/2026,8/4/2026,316443,São Sebastião da Vargem Alegre - MG,4,1,309,-,,,,,,,,,
7/31/2026,8/4/2026,251510,São Sebastião de Lagoa de Roça - PB,7,5,550,49.05,,,,,,,,,
7/31/2026,8/4/2026,330530,São Sebastião do Alto - RJ,7,6,610,-,,,,,,,,,
7/31/2026,8/4/2026,316447,São Sebastião do Anta - MG,8,5,373,-,,,,,,,,,
7/31/2026,8/4/2026,431950,São Sebastião do Caí - RS,48,33,3476,52.09,,,,,,,,,
7/31/2026,8/4/2026,316450,São Sebastião do Maranhão - MG,5,5,349,0.11,,,,,,,,,
7/31/2026,8/4/2026,316460,São Sebastião do Oeste - MG,20,7,895,-,,,,,,,,,
7/31/2026,8/4/2026,316470,São Sebastião do Paraíso - MG,131,77,8753,82.54,,,,,,,,,
7/31/2026,8/4/2026,292950,São Sebastião do Passé - BA,52,30,2264,35.38,,,,,,,,,
7/31/2026,8/4/2026,316480,São Sebastião do Rio Preto - MG,2,1,89,-,,,,,,,,,
7/31/2026,8/4/2026,316490,São Sebastião do Rio Verde - MG,7,6,249,-,,,,,,,,,
7/31/2026,8/4/2026,172030,São Sebastião do Tocantins - TO,3,4,151,-,,,,,,,,,
7/31/2026,8/4/2026,130395,São Sebastião do Uatumã - AM,3,5,260,0.20,,,,,,,,,
7/31/2026,8/4/2026,251520,São Sebastião do Umbuzeiro - PB,2,2,147,-,,,,,,,,,
7/31/2026,8/4/2026,431960,São Sepé - RS,28,20,2194,34.91,,,,,,,,,
7/31/2026,8/4/2026,522040,São Simão - GO,35,18,1916,113.41,,,,,,,,,
7/31/2026,8/4/2026,355090,São Simão - SP,17,15,1661,66.71,,,,,,,,,
7/31/2026,8/4/2026,316520,São Thomé das Letras - MG,25,10,1450,20.51,,,,,,,,,
7/31/2026,8/4/2026,316500,São Tiago - MG,19,14,1363,0.12,,,,,,,,,
7/31/2026,8/4/2026,316510,São Tomás de Aquino - MG,12,4,532,-,,,,,,,,,
7/31/2026,8/4/2026,412610,São Tomé - PR,7,4,543,-,,,,,,,,,
7/31/2026,8/4/2026,241290,São Tomé - RN,17,10,536,-,,,,,,,,,
7/31/2026,8/4/2026,431970,São Valentim - RS,1,0,361,-,,,,,,,,,
7/31/2026,8/4/2026,431971,São Valentim do Sul - RS,2,1,258,41.09,,,,,,,,,
7/31/2026,8/4/2026,172049,São Valério - TO,6,3,265,-,,,,,,,,,
7/31/2026,8/4/2026,431973,São Valério do Sul - RS,2,0,97,-,,,,,,,,,
7/31/2026,8/4/2026,431975,São Vendelino - RS,10,3,373,48.97,,,,,,,,,
7/31/2026,8/4/2026,241300,São Vicente - RN,6,6,375,72.14,,,,,,,,,
7/31/2026,8/4/2026,355100,São Vicente - SP,1405,549,48510,23.00,,,,,,,,,
7/31/2026,8/4/2026,316530,São Vicente de Minas - MG,21,9,850,3.42,,,,,,,,,
7/31/2026,8/4/2026,251540,São Vicente do Seridó - PB,10,5,377,25.89,,,,,,,,,
7/31/2026,8/4/2026,431980,São Vicente do Sul - RS,11,6,844,21.72,,,,,,,,,
7/31/2026,8/4/2026,211170,São Vicente Ferrer - MA,8,5,382,-,,,,,,,,,
7/31/2026,8/4/2026,261380,São Vicente Ferrer - PE,7,7,586,-,,,,,,,,,
7/31/2026,8/4/2026,251530,Sapé - PB,58,31,2545,0.02,,,,,,,,,
7/31/2026,8/4/2026,292960,Sapeaçu - BA,19,10,1050,-,,,,,,,,,
7/31/2026,8/4/2026,510787,Sapezal - MT,130,42,4817,3.41,,,,,,,,,
7/31/2026,8/4/2026,431990,Sapiranga - RS,229,125,12321,23.37,,,,,,,,,
7/31/2026,8/4/2026,412620,Sapopema - PR,18,6,778,-,,,,,,,,,
7/31/2026,8/4/2026,150775,Sapucaia - PA,2,1,263,-,,,,,,,,,
7/31/2026,8/4/2026,330540,Sapucaia - RJ,42,17,2588,0.31,,,,,,,,,
7/31/2026,8/4/2026,432000,Sapucaia do Sul - RS,405,241,17512,14.42,,,,,,,,,
7/31/2026,8/4/2026,316540,Sapucaí-Mirim - MG,21,4,986,-,,,,,,,,,
7/31/2026,8/4/2026,330550,Saquarema - RJ,239,128,13145,13.55,,,,,,,,,
7/31/2026,8/4/2026,412625,Sarandi - PR,444,210,19379,7.64,,,,,,,,,
7/31/2026,8/4/2026,432010,Sarandi - RS,41,30,3442,7.95,,,,,,,,,
7/31/2026,8/4/2026,355110,Sarapuí - SP,23,15,1187,-,,,,,,,,,
7/31/2026,8/4/2026,316550,Sardoá - MG,6,3,457,-,,,,,,,,,
7/31/2026,8/4/2026,355120,Sarutaiá - SP,4,4,331,-,,,,,,,,,
7/31/2026,8/4/2026,316553,Sarzedo - MG,111,73,4887,4.38,,,,,,,,,
7/31/2026,8/4/2026,292970,Sátiro Dias - BA,8,7,546,-,,,,,,,,,
7/31/2026,8/4/2026,270890,Satuba - AL,43,27,1805,12.47,,,,,,,,,
7/31/2026,8/4/2026,211172,Satubinha - MA,4,2,157,-,,,,,,,,,
7/31/2026,8/4/2026,292975,Saubara - BA,9,7,614,-,,,,,,,,,
7/31/2026,8/4/2026,412627,Saudade do Iguaçu - PR,8,4,648,-,,,,,,,,,
7/31/2026,8/4/2026,421730,Saudades - SC,25,4,1206,-,,,,,,,,,
7/31/2026,8/4/2026,292980,Saúde - BA,8,4,534,-,,,,,,,,,
7/31/2026,8/4/2026,421740,Schroeder - SC,47,27,3535,64.79,,,,,,,,,
7/31/2026,8/4/2026,292990,Seabra - BA,50,29,3094,26.49,,,,,,,,,
7/31/2026,8/4/2026,421750,Seara - SC,29,18,2371,8.20,,,,,,,,,
7/31/2026,8/4/2026,355130,Sebastianópolis do Sul - SP,0,3,370,-,,,,,,,,,
7/31/2026,8/4/2026,221062,Sebastião Barros - PI,0,0,70,-,,,,,,,,,
7/31/2026,8/4/2026,293000,Sebastião Laranjeiras - BA,3,1,283,-,,,,,,,,,
7/31/2026,8/4/2026,221063,Sebastião Leal - PI,1,0,285,-,,,,,,,,,
7/31/2026,8/4/2026,432020,Seberi - RS,25,11,1455,27.66,,,,,,,,,
7/31/2026,8/4/2026,432023,Sede Nova - RS,4,1,209,68.99,,,,,,,,,
7/31/2026,8/4/2026,432026,Segredo - RS,9,4,355,53.47,,,,,,,,,
7/31/2026,8/4/2026,432030,Selbach - RS,5,6,792,-,,,,,,,,,
7/31/2026,8/4/2026,500780,Selvíria - MS,15,8,691,61.53,,,,,,,,,
7/31/2026,8/4/2026,316556,Sem-Peixe - MG,4,2,139,-,,,,,,,,,
7/31/2026,8/4/2026,120050,Sena Madureira - AC,16,15,1464,29.59,,,,,,,,,
7/31/2026,8/4/2026,211174,Senador Alexandre Costa - MA,13,6,242,-,,,,,,,,,
7/31/2026,8/4/2026,316557,Senador Amaral - MG,24,7,682,0.13,,,,,,,,,
7/31/2026,8/4/2026,522045,Senador Canedo - GO,565,262,20885,-,,,,,,,,,
7/31/2026,8/4/2026,316560,Senador Cortes - MG,2,0,190,-,,,,,,,,,
7/31/2026,8/4/2026,241310,Senador Elói de Souza - RN,1,5,243,-,,,,,,,,,
7/31/2026,8/4/2026,316570,Senador Firmino - MG,12,7,645,-,,,,,,,,,
7/31/2026,8/4/2026,241320,Senador Georgino Avelino - RN,1,0,161,-,,,,,,,,,
7/31/2026,8/4/2026,120045,Senador Guiomard - AC,14,9,1089,63.27,,,,,,,,,
7/31/2026,8/4/2026,316580,Senador José Bento - MG,0,1,117,-,,,,,,,,,
7/31/2026,8/4/2026,150780,Senador José Porfírio - PA,8,3,623,-,,,,,,,,,
7/31/2026,8/4/2026,211176,Senador La Rocque - MA,8,1,492,129.31,,,,,,,,,
7/31/2026,8/4/2026,316590,Senador Modestino Gonçalves - MG,5,3,299,-,,,,,,,,,
7/31/2026,8/4/2026,231270,Senador Pompeu - CE,16,2,977,11.59,,,,,,,,,
7/31/2026,8/4/2026,270895,Senador Rui Palmeira - AL,1,3,213,-,,,,,,,,,
7/31/2026,8/4/2026,231280,Senador Sá - CE,4,5,325,10.67,,,,,,,,,
7/31/2026,8/4/2026,432032,Senador Salgado Filho - RS,5,2,210,-,,,,,,,,,
7/31/2026,8/4/2026,412630,Sengés - PR,21,22,1668,61.99,,,,,,,,,
7/31/2026,8/4/2026,293010,Senhor do Bonfim - BA,111,69,5930,10.13,,,,,,,,,
7/31/2026,8/4/2026,316600,Senhora de Oliveira - MG,6,1,387,-,,,,,,,,,
7/31/2026,8/4/2026,316610,Senhora do Porto - MG,4,1,169,-,,,,,,,,,
7/31/2026,8/4/2026,316620,Senhora dos Remédios - MG,8,6,649,-,,,,,,,,,
7/31/2026,8/4/2026,432035,Sentinela do Sul - RS,7,5,435,-,,,,,,,,,
7/31/2026,8/4/2026,293020,Sento Sé - BA,6,3,908,24.47,,,,,,,,,
7/31/2026,8/4/2026,432040,Serafina Corrêa - RS,33,17,2419,44.54,,,,,,,,,
7/31/2026,8/4/2026,316630,Sericita - MG,5,1,390,-,,,,,,,,,
7/31/2026,8/4/2026,110150,Seringueiras - RO,14,7,672,-,,,,,,,,,
7/31/2026,8/4/2026,432045,Sério - RS,0,1,186,-,,,,,,,,,
7/31/2026,8/4/2026,316640,Seritinga - MG,4,3,233,-,,,,,,,,,
7/31/2026,8/4/2026,330555,Seropédica - RJ,128,73,6396,0.30,,,,,,,,,
7/31/2026,8/4/2026,320500,Serra - ES,1991,1059,84071,11.05,,,,,,,,,
7/31/2026,8/4/2026,421755,Serra Alta - SC,4,6,456,-,,,,,,,,,
7/31/2026,8/4/2026,355140,Serra Azul - SP,17,16,962,26.50,,,,,,,,,
7/31/2026,8/4/2026,316650,Serra Azul de Minas - MG,5,1,191,-,,,,,,,,,
7/31/2026,8/4/2026,251550,Serra Branca - PB,10,4,717,0.01,,,,,,,,,
7/31/2026,8/4/2026,241030,Serra Caiada - RN,12,2,356,12.72,,,,,,,,,
7/31/2026,8/4/2026,251560,Serra da Raiz - PB,2,1,128,-,,,,,,,,,
7/31/2026,8/4/2026,316660,Serra da Saudade - MG,3,5,174,-,,,,,,,,,
7/31/2026,8/4/2026,241330,Serra de São Bento - RN,2,8,322,0.13,,,,,,,,,
7/31/2026,8/4/2026,241335,Serra do Mel - RN,9,6,570,-,,,,,,,,,
7/31/2026,8/4/2026,160005,Serra do Navio - AP,3,1,115,-,,,,,,,,,
7/31/2026,8/4/2026,293015,Serra do Ramalho - BA,15,13,1173,-,,,,,,,,,
7/31/2026,8/4/2026,316680,Serra do Salitre - MG,27,13,1436,0.10,,,,,,,,,
7/31/2026,8/4/2026,316670,Serra dos Aimorés - MG,10,5,434,-,,,,,,,,,
7/31/2026,8/4/2026,293030,Serra Dourada - BA,4,1,590,19.18,,,,,,,,,
7/31/2026,8/4/2026,251570,Serra Grande - PB,1,2,107,-,,,,,,,,,
7/31/2026,8/4/2026,355160,Serra Negra - SP,68,34,4727,14.77,,,,,,,,,
7/31/2026,8/4/2026,241340,Serra Negra do Norte - RN,10,3,561,-,,,,,,,,,
7/31/2026,8/4/2026,510788,Serra Nova Dourada - MT,1,0,146,-,,,,,,,,,
7/31/2026,8/4/2026,293040,Serra Preta - BA,7,7,582,73.25,,,,,,,,,
7/31/2026,8/4/2026,251580,Serra Redonda - PB,2,2,249,-,,,,,,,,,
7/31/2026,8/4/2026,261390,Serra Talhada - PE,120,87,7460,80.94,,,,,,,,,
7/31/2026,8/4/2026,355150,Serrana - SP,119,76,6478,43.10,,,,,,,,,
7/31/2026,8/4/2026,316690,Serrania - MG,14,6,703,-,,,,,,,,,
7/31/2026,8/4/2026,211178,Serrano do Maranhão - MA,0,2,95,-,,,,,,,,,
7/31/2026,8/4/2026,522050,Serranópolis - GO,9,9,719,-,,,,,,,,,
7/31/2026,8/4/2026,316695,Serranópolis de Minas - MG,1,6,140,-,,,,,,,,,
7/31/2026,8/4/2026,412635,Serranópolis do Iguaçu - PR,15,3,564,16.74,,,,,,,,,
7/31/2026,8/4/2026,316700,Serranos - MG,0,1,183,-,,,,,,,,,
7/31/2026,8/4/2026,251590,Serraria - PB,2,1,276,-,,,,,,,,,
7/31/2026,8/4/2026,293050,Serrinha - BA,82,60,6003,26.15,,,,,,,,,
7/31/2026,8/4/2026,241350,Serrinha - RN,3,1,272,-,,,,,,,,,
7/31/2026,8/4/2026,241355,Serrinha dos Pintos - RN,3,2,239,-,,,,,,,,,
7/31/2026,8/4/2026,261400,Serrita - PE,4,5,414,0.22,,,,,,,,,
7/31/2026,8/4/2026,316710,Serro - MG,30,22,1837,23.72,,,,,,,,,
7/31/2026,8/4/2026,293060,Serrolândia - BA,8,10,805,-,,,,,,,,,
7/31/2026,8/4/2026,412640,Sertaneja - PR,12,8,826,24.28,,,,,,,,,
7/31/2026,8/4/2026,261410,Sertânia - PE,33,15,1444,1.37,,,,,,,,,
7/31/2026,8/4/2026,412650,Sertanópolis - PR,41,19,2619,18.13,,,,,,,,,
7/31/2026,8/4/2026,432050,Sertão - RS,6,9,649,-,,,,,,,,,
7/31/2026,8/4/2026,432055,Sertão Santana - RS,13,4,583,151.04,,,,,,,,,
7/31/2026,8/4/2026,251593,Sertãozinho - PB,5,2,265,-,,,,,,,,,
7/31/2026,8/4/2026,355170,Sertãozinho - SP,394,175,20342,61.77,,,,,,,,,
7/31/2026,8/4/2026,355180,Sete Barras - SP,19,11,1009,45.89,,,,,,,,,
7/31/2026,8/4/2026,432057,Sete de Setembro - RS,2,0,101,27.55,,,,,,,,,
7/31/2026,8/4/2026,316720,Sete Lagoas - MG,681,394,33039,27.30,,,,,,,,,
7/31/2026,8/4/2026,500770,Sete Quedas - MS,10,7,789,0.00,,,,,,,,,
7/31/2026,8/4/2026,316555,Setubinha - MG,6,10,370,-,,,,,,,,,
7/31/2026,8/4/2026,432060,Severiano de Almeida - RS,2,0,404,-,,,,,,,,,
7/31/2026,8/4/2026,241360,Severiano Melo - RN,2,2,242,-,,,,,,,,,
7/31/2026,8/4/2026,355190,Severínia - SP,25,18,1553,-,,,,,,,,,
7/31/2026,8/4/2026,421760,Siderópolis - SC,34,17,1708,33.68,,,,,,,,,
7/31/2026,8/4/2026,500790,Sidrolândia - MS,77,48,4735,7.84,,,,,,,,,
7/31/2026,8/4/2026,221065,Sigefredo Pacheco - PI,2,2,323,-,,,,,,,,,
7/31/2026,8/4/2026,330560,Silva Jardim - RJ,26,20,1882,13.01,,,,,,,,,
7/31/2026,8/4/2026,522060,Silvânia - GO,31,25,2635,-,,,,,,,,,
7/31/2026,8/4/2026,172065,Silvanópolis - TO,8,5,370,40.95,,,,,,,,,
7/31/2026,8/4/2026,432065,Silveira Martins - RS,2,2,220,-,,,,,,,,,
7/31/2026,8/4/2026,316730,Silveirânia - MG,3,1,215,-,,,,,,,,,
7/31/2026,8/4/2026,355200,Silveiras - SP,3,8,490,-,,,,,,,,,
7/31/2026,8/4/2026,130400,Silves - AM,5,1,295,-,,,,,,,,,
7/31/2026,8/4/2026,316740,Silvianópolis - MG,7,6,468,-,,,,,,,,,
7/31/2026,8/4/2026,280710,Simão Dias - SE,25,21,1769,12.70,,,,,,,,,
7/31/2026,8/4/2026,316750,Simão Pereira - MG,5,0,359,-,,,,,,,,,
7/31/2026,8/4/2026,221070,Simões - PI,9,3,553,-,,,,,,,,,
7/31/2026,8/4/2026,293070,Simões Filho - BA,286,144,13238,23.73,,,,,,,,,
7/31/2026,8/4/2026,522068,Simolândia - GO,8,5,462,81.48,,,,,,,,,
7/31/2026,8/4/2026,316760,Simonésia - MG,11,17,1110,15.20,,,,,,,,,
7/31/2026,8/4/2026,221080,Simplício Mendes - PI,7,4,826,9.17,,,,,,,,,
7/31/2026,8/4/2026,432067,Sinimbu - RS,11,6,541,1.54,,,,,,,,,
7/31/2026,8/4/2026,510790,Sinop - MT,898,371,37427,9.00,,,,,,,,,
7/31/2026,8/4/2026,412660,Siqueira Campos - PR,49,27,3333,20.76,,,,,,,,,
7/31/2026,8/4/2026,261420,Sirinhaém - PE,25,14,1471,-,,,,,,,,,
7/31/2026,8/4/2026,280720,Siriri - SE,4,6,295,-,,,,,,,,,
7/31/2026,8/4/2026,522070,Sítio D'Abadia - GO,3,0,176,-,,,,,,,,,
7/31/2026,8/4/2026,293075,Sítio do Mato - BA,3,3,199,-,,,,,,,,,
7/31/2026,8/4/2026,293076,Sítio do Quinto - BA,3,4,372,-,,,,,,,,,
7/31/2026,8/4/2026,211180,Sítio Novo - MA,13,1,525,0.02,,,,,,,,,
7/31/2026,8/4/2026,241370,Sítio Novo - RN,2,4,188,-,,,,,,,,,
7/31/2026,8/4/2026,172080,Sítio Novo do Tocantins - TO,7,6,405,-,,,,,,,,,
7/31/2026,8/4/2026,293077,Sobradinho - BA,27,18,1240,-,,,,,,,,,
7/31/2026,8/4/2026,432070,Sobradinho - RS,31,15,2074,0.49,,,,,,,,,
7/31/2026,8/4/2026,251597,Sobrado - PB,6,8,286,166.65,,,,,,,,,
7/31/2026,8/4/2026,231290,Sobral - CE,418,225,16517,9.85,,,,,,,,,
7/31/2026,8/4/2026,316770,Sobrália - MG,1,1,307,-,,,,,,,,,
7/31/2026,8/4/2026,355210,Socorro - SP,82,47,6103,44.52,,,,,,,,,
7/31/2026,8/4/2026,221090,Socorro do Piauí - PI,2,0,162,-,,,,,,,,,
7/31/2026,8/4/2026,251600,Solânea - PB,34,18,2246,3.28,,,,,,,,,
7/31/2026,8/4/2026,251610,Soledade - PB,24,9,1136,20.49,,,,,,,,,
7/31/2026,8/4/2026,432080,Soledade - RS,60,59,4051,15.57,,,,,,,,,
7/31/2026,8/4/2026,316780,Soledade de Minas - MG,12,11,782,-,,,,,,,,,
7/31/2026,8/4/2026,261440,Solidão - PE,1,1,119,-,,,,,,,,,
7/31/2026,8/4/2026,231300,Solonópole - CE,12,8,720,56.00,,,,,,,,,
7/31/2026,8/4/2026,421770,Sombrio - SC,100,48,5366,89.01,,,,,,,,,
7/31/2026,8/4/2026,500793,Sonora - MS,57,16,2016,3.32,,,,,,,,,
7/31/2026,8/4/2026,320501,Sooretama - ES,60,20,2647,81.90,,,,,,,,,
7/31/2026,8/4/2026,355220,Sorocaba - SP,2547,1394,131137,82.01,,,,,,,,,
7/31/2026,8/4/2026,510792,Sorriso - MT,516,218,22338,9.67,,,,,,,,,
7/31/2026,8/4/2026,251615,Sossêgo - PB,7,3,149,127.54,,,,,,,,,
7/31/2026,8/4/2026,150790,Soure - PA,20,9,964,-,,,,,,,,,
7/31/2026,8/4/2026,251620,Sousa - PB,107,61,5549,6.48,,,,,,,,,
7/31/2026,8/4/2026,293080,Souto Soares - BA,5,3,515,-,,,,,,,,,
7/31/2026,8/4/2026,172085,Sucupira - TO,1,0,99,-,,,,,,,,,
7/31/2026,8/4/2026,211190,Sucupira do Norte - MA,1,5,301,-,,,,,,,,,
7/31/2026,8/4/2026,211195,Sucupira do Riachão - MA,0,0,91,-,,,,,,,,,
7/31/2026,8/4/2026,355230,Sud Mennucci - SP,9,8,753,20.08,,,,,,,,,
7/31/2026,8/4/2026,421775,Sul Brasil - SC,3,1,233,-,,,,,,,,,
7/31/2026,8/4/2026,412665,Sulina - PR,3,2,277,48.88,,,,,,,,,
7/31/2026,8/4/2026,355240,Sumaré - SP,945,483,40664,44.04,,,,,,,,,
7/31/2026,8/4/2026,251630,Sumé - PB,16,10,1183,-,,,,,,,,,
7/31/2026,8/4/2026,330570,Sumidouro - RJ,31,9,1320,22.91,,,,,,,,,
7/31/2026,8/4/2026,261450,Surubim - PE,82,40,4047,8.83,,,,,,,,,
7/31/2026,8/4/2026,221093,Sussuapara - PI,3,0,230,-,,,,,,,,,
7/31/2026,8/4/2026,355255,Suzanápolis - SP,7,6,347,1.82,,,,,,,,,
7/31/2026,8/4/2026,355250,Suzano - SP,1030,501,43134,63.87,,,,,,,,,
7/31/2026,8/4/2026,432085,Tabaí - RS,9,10,502,3.05,,,,,,,,,
7/31/2026,8/4/2026,510794,Tabaporã - MT,43,17,1761,26.38,,,,,,,,,
7/31/2026,8/4/2026,355260,Tabapuã - SP,17,14,1421,5.30,,,,,,,,,
7/31/2026,8/4/2026,130406,Tabatinga - AM,31,14,2004,6.15,,,,,,,,,
7/31/2026,8/4/2026,355270,Tabatinga - SP,42,16,1886,44.48,,,,,,,,,
7/31/2026,8/4/2026,261460,Tabira - PE,17,13,1470,0.33,,,,,,,,,
7/31/2026,8/4/2026,355280,Taboão da Serra - SP,811,445,38749,32.12,,,,,,,,,
7/31/2026,8/4/2026,293090,Tabocas do Brejo Velho - BA,6,5,434,-,,,,,,,,,
7/31/2026,8/4/2026,241380,Taboleiro Grande - RN,4,2,98,6.79,,,,,,,,,
7/31/2026,8/4/2026,316790,Tabuleiro - MG,8,5,326,46.13,,,,,,,,,
7/31/2026,8/4/2026,231310,Tabuleiro do Norte - CE,35,18,1947,6.39,,,,,,,,,
7/31/2026,8/4/2026,261470,Tacaimbó - PE,6,4,372,-,,,,,,,,,
7/31/2026,8/4/2026,261480,Tacaratu - PE,10,5,575,-,,,,,,,,,
7/31/2026,8/4/2026,355290,Taciba - SP,12,1,713,-,,,,,,,,,
7/31/2026,8/4/2026,251640,Tacima - PB,4,2,223,-,,,,,,,,,
7/31/2026,8/4/2026,500795,Tacuru - MS,8,1,460,6.52,,,,,,,,,
7/31/2026,8/4/2026,355300,Taguaí - SP,28,15,1332,-,,,,,,,,,
7/31/2026,8/4/2026,172090,Taguatinga - TO,13,9,864,13.45,,,,,,,,,
7/31/2026,8/4/2026,355310,Taiaçu - SP,7,9,565,-,,,,,,,,,
7/31/2026,8/4/2026,150795,Tailândia - PA,76,33,4318,37.42,,,,,,,,,
7/31/2026,8/4/2026,421780,Taió - SC,39,26,3214,-,,,,,,,,,
7/31/2026,8/4/2026,316800,Taiobeiras - MG,54,33,4137,28.24,,,,,,,,,
7/31/2026,8/4/2026,172093,Taipas do Tocantins - TO,1,0,107,-,,,,,,,,,
7/31/2026,8/4/2026,241390,Taipu - RN,3,2,261,-,,,,,,,,,
7/31/2026,8/4/2026,355320,Taiúva - SP,8,5,689,-,,,,,,,,,
7/31/2026,8/4/2026,172097,Talismã - TO,2,1,216,-,,,,,,,,,
7/31/2026,8/4/2026,261485,Tamandaré - PE,43,19,2194,67.25,,,,,,,,,
7/31/2026,8/4/2026,412667,Tamarana - PR,22,11,843,120.24,,,,,,,,,
7/31/2026,8/4/2026,355330,Tambaú - SP,29,15,2334,9.84,,,,,,,,,
7/31/2026,8/4/2026,412670,Tamboara - PR,9,4,569,15.57,,,,,,,,,
7/31/2026,8/4/2026,231320,Tamboril - CE,10,5,774,0.00,,,,,,,,,
7/31/2026,8/4/2026,221095,Tamboril do Piauí - PI,1,2,94,-,,,,,,,,,
7/31/2026,8/4/2026,355340,Tanabi - SP,57,23,3106,18.48,,,,,,,,,
7/31/2026,8/4/2026,241400,Tangará - RN,13,6,788,7.99,,,,,,,,,
7/31/2026,8/4/2026,421790,Tangará - SC,12,3,938,-,,,,,,,,,
7/31/2026,8/4/2026,510795,Tangará da Serra - MT,259,134,14725,22.56,,,,,,,,,
7/31/2026,8/4/2026,330575,Tanguá - RJ,55,32,2733,66.05,,,,,,,,,
7/31/2026,8/4/2026,293100,Tanhaçu - BA,20,9,1158,28.55,,,,,,,,,
7/31/2026,8/4/2026,270900,Tanque D'Arca - AL,2,0,147,-,,,,,,,,,
7/31/2026,8/4/2026,221097,Tanque do Piauí - PI,1,1,122,-,,,,,,,,,
7/31/2026,8/4/2026,293105,Tanque Novo - BA,12,9,1015,-,,,,,,,,,
7/31/2026,8/4/2026,293110,Tanquinho - BA,4,5,425,-,,,,,,,,,
7/31/2026,8/4/2026,316805,Taparuba - MG,4,1,190,-,,,,,,,,,
7/31/2026,8/4/2026,130410,Tapauá - AM,1,0,272,0.60,,,,,,,,,
7/31/2026,8/4/2026,412680,Tapejara - PR,21,12,1853,61.51,,,,,,,,,
7/31/2026,8/4/2026,432090,Tapejara - RS,51,32,3958,6.16,,,,,,,,,
7/31/2026,8/4/2026,432100,Tapera - RS,28,20,1626,0.30,,,,,,,,,
7/31/2026,8/4/2026,293120,Taperoá - BA,13,9,736,490.05,,,,,,,,,
7/31/2026,8/4/2026,251650,Taperoá - PB,7,6,681,-,,,,,,,,,
7/31/2026,8/4/2026,432110,Tapes - RS,22,26,2032,72.00,,,,,,,,,
7/31/2026,8/4/2026,316810,Tapira - MG,7,4,475,20.25,,,,,,,,,
7/31/2026,8/4/2026,412690,Tapira - PR,1,5,624,-,,,,,,,,,
7/31/2026,8/4/2026,316820,Tapiraí - MG,0,0,72,-,,,,,,,,,
7/31/2026,8/4/2026,355350,Tapiraí - SP,15,11,900,17.28,,,,,,,,,
7/31/2026,8/4/2026,293130,Tapiramutá - BA,4,5,460,-,,,,,,,,,
7/31/2026,8/4/2026,355360,Tapiratiba - SP,17,11,1375,4.89,,,,,,,,,
7/31/2026,8/4/2026,510800,Tapurah - MT,36,20,2436,10.74,,,,,,,,,
7/31/2026,8/4/2026,432120,Taquara - RS,138,84,7898,19.71,,,,,,,,,
7/31/2026,8/4/2026,316830,Taquaraçu de Minas - MG,5,1,373,-,,,,,,,,,
7/31/2026,8/4/2026,355365,Taquaral - SP,4,3,216,-,,,,,,,,,
7/31/2026,8/4/2026,522100,Taquaral de Goiás - GO,4,2,468,-,,,,,,,,,
7/31/2026,8/4/2026,270910,Taquarana - AL,21,11,734,68.60,,,,,,,,,
7/31/2026,8/4/2026,432130,Taquari - RS,49,19,2920,14.11,,,,,,,,,
7/31/2026,8/4/2026,355370,Taquaritinga - SP,111,67,7261,83.25,,,,,,,,,
7/31/2026,8/4/2026,261500,Taquaritinga do Norte - PE,24,11,1438,26.08,,,,,,,,,
7/31/2026,8/4/2026,355380,Taquarituba - SP,29,19,2784,24.32,,,,,,,,,
7/31/2026,8/4/2026,355385,Taquarivaí - SP,11,8,534,-,,,,,,,,,
7/31/2026,8/4/2026,432132,Taquaruçu do Sul - RS,0,1,347,-,,,,,,,,,
7/31/2026,8/4/2026,500797,Taquarussu - MS,4,4,246,-,,,,,,,,,
7/31/2026,8/4/2026,355390,Tarabai - SP,8,4,667,-,,,,,,,,,
7/31/2026,8/4/2026,120060,Tarauacá - AC,24,7,1268,8.94,,,,,,,,,
7/31/2026,8/4/2026,231325,Tarrafas - CE,4,2,217,24.00,,,,,,,,,
7/31/2026,8/4/2026,160070,Tartarugalzinho - AP,5,3,343,-,,,,,,,,,
7/31/2026,8/4/2026,355395,Tarumã - SP,41,25,2350,9.39,,,,,,,,,
7/31/2026,8/4/2026,316840,Tarumirim - MG,14,12,1290,-,,,,,,,,,
7/31/2026,8/4/2026,211200,Tasso Fragoso - MA,9,3,489,13.62,,,,,,,,,
7/31/2026,8/4/2026,355400,Tatuí - SP,341,170,16512,38.81,,,,,,,,,
7/31/2026,8/4/2026,231330,Tauá - CE,50,30,3521,25.80,,,,,,,,,
7/31/2026,8/4/2026,355410,Taubaté - SP,963,570,45156,44.36,,,,,,,,,
7/31/2026,8/4/2026,251660,Tavares - PB,6,2,543,-,,,,,,,,,
7/31/2026,8/4/2026,432135,Tavares - RS,7,11,449,-,,,,,,,,,
7/31/2026,8/4/2026,130420,Tefé - AM,52,21,2634,26.76,,,,,,,,,
7/31/2026,8/4/2026,251670,Teixeira - PB,5,5,624,0.02,,,,,,,,,
7/31/2026,8/4/2026,293135,Teixeira de Freitas - BA,275,174,17192,33.13,,,,,,,,,
7/31/2026,8/4/2026,412700,Teixeira Soares - PR,17,17,888,-,,,,,,,,,
7/31/2026,8/4/2026,316850,Teixeiras - MG,25,15,1253,-,,,,,,,,,
7/31/2026,8/4/2026,110155,Teixeirópolis - RO,3,3,220,-,,,,,,,,,
7/31/2026,8/4/2026,231335,Tejuçuoca - CE,11,2,529,123.81,,,,,,,,,
7/31/2026,8/4/2026,355420,Tejupá - SP,5,2,232,-,,,,,,,,,
7/31/2026,8/4/2026,412710,Telêmaco Borba - PR,155,96,8563,5.06,,,,,,,,,
7/31/2026,8/4/2026,280730,Telha - SE,1,0,108,-,,,,,,,,,
7/31/2026,8/4/2026,241410,Tenente Ananias - RN,3,1,405,-,,,,,,,,,
7/31/2026,8/4/2026,241415,Tenente Laurentino Cruz - RN,6,4,317,-,,,,,,,,,
7/31/2026,8/4/2026,432140,Tenente Portela - RS,16,13,1742,3.62,,,,,,,,,
7/31/2026,8/4/2026,251675,Tenório - PB,3,2,145,-,,,,,,,,,
7/31/2026,8/4/2026,293140,Teodoro Sampaio - BA,1,13,418,-,,,,,,,,,
7/31/2026,8/4/2026,355430,Teodoro Sampaio - SP,43,16,2200,9.00,,,,,,,,,
7/31/2026,8/4/2026,293150,Teofilândia - BA,13,5,681,73.16,,,,,,,,,
7/31/2026,8/4/2026,316860,Teófilo Otoni - MG,257,180,15213,6.30,,,,,,,,,
7/31/2026,8/4/2026,293160,Teolândia - BA,11,5,547,-,,,,,,,,,
7/31/2026,8/4/2026,270915,Teotônio Vilela - AL,34,29,1717,7.65,,,,,,,,,
7/31/2026,8/4/2026,500800,Terenos - MS,26,8,1372,9.24,,,,,,,,,
7/31/2026,8/4/2026,221100,Teresina - PI,1791,949,97737,0.86,,,,,,,,,
7/31/2026,8/4/2026,522108,Teresina de Goiás - GO,2,3,202,-,,,,,,,,,
7/31/2026,8/4/2026,330580,Teresópolis - RJ,348,243,24156,0.75,,,,,,,,,
7/31/2026,8/4/2026,261510,Terezinha - PE,2,0,159,-,,,,,,,,,
7/31/2026,8/4/2026,522119,Terezópolis de Goiás - GO,14,7,912,4.87,,,,,,,,,
7/31/2026,8/4/2026,150796,Terra Alta - PA,7,1,296,48.68,,,,,,,,,
7/31/2026,8/4/2026,412720,Terra Boa - PR,21,8,1795,20.22,,,,,,,,,
7/31/2026,8/4/2026,432143,Terra de Areia - RS,27,15,1606,18.65,,,,,,,,,
7/31/2026,8/4/2026,293170,Terra Nova - BA,14,3,569,-,,,,,,,,,
7/31/2026,8/4/2026,261520,Terra Nova - PE,4,2,317,-,,,,,,,,,
7/31/2026,8/4/2026,510805,Terra Nova do Norte - MT,15,10,1283,-,,,,,,,,,
7/31/2026,8/4/2026,412730,Terra Rica - PR,23,9,1519,0.31,,,,,,,,,
7/31/2026,8/4/2026,412740,Terra Roxa - PR,34,24,2578,1.63,,,,,,,,,
7/31/2026,8/4/2026,355440,Terra Roxa - SP,9,7,925,-,,,,,,,,,
7/31/2026,8/4/2026,150797,Terra Santa - PA,12,3,933,23.06,,,,,,,,,
7/31/2026,8/4/2026,510810,Tesouro - MT,5,4,347,-,,,,,,,,,
7/31/2026,8/4/2026,432145,Teutônia - RS,77,45,5111,15.12,,,,,,,,,
7/31/2026,8/4/2026,110160,Theobroma - RO,4,8,296,0.65,,,,,,,,,
7/31/2026,8/4/2026,231340,Tianguá - CE,98,55,6428,14.81,,,,,,,,,
7/31/2026,8/4/2026,412750,Tibagi - PR,25,16,2161,90.22,,,,,,,,,
7/31/2026,8/4/2026,241105,Tibau - RN,15,7,1367,38.51,,,,,,,,,
7/31/2026,8/4/2026,241420,Tibau do Sul - RN,38,23,2676,138.12,,,,,,,,,
7/31/2026,8/4/2026,355450,Tietê - SP,108,49,5714,20.75,,,,,,,,,
7/31/2026,8/4/2026,421795,Tigrinhos - SC,2,1,210,-,,,,,,,,,
7/31/2026,8/4/2026,421800,Tijucas - SC,243,126,10538,43.43,,,,,,,,,
7/31/2026,8/4/2026,412760,Tijucas do Sul - PR,26,14,2037,113.48,,,,,,,,,
7/31/2026,8/4/2026,261530,Timbaúba - PE,40,30,2643,34.69,,,,,,,,,
7/31/2026,8/4/2026,241430,Timbaúba dos Batistas - RN,1,2,167,-,,,,,,,,,
7/31/2026,8/4/2026,421810,Timbé do Sul - SC,7,1,542,-,,,,,,,,,
7/31/2026,8/4/2026,211210,Timbiras - MA,9,8,584,0.00,,,,,,,,,
7/31/2026,8/4/2026,421820,Timbó - SC,174,97,9666,11.65,,,,,,,,,
7/31/2026,8/4/2026,421825,Timbó Grande - SC,6,10,604,-,,,,,,,,,
7/31/2026,8/4/2026,355460,Timburi - SP,4,6,301,1.78,,,,,,,,,
7/31/2026,8/4/2026,211220,Timon - MA,247,134,10043,23.00,,,,,,,,,
7/31/2026,8/4/2026,316870,Timóteo - MG,183,100,9790,23.00,,,,,,,,,
7/31/2026,8/4/2026,432146,Tio Hugo - RS,4,4,416,7.53,,,,,,,,,
7/31/2026,8/4/2026,316880,Tiradentes - MG,15,11,1736,19.62,,,,,,,,,
7/31/2026,8/4/2026,432147,Tiradentes do Sul - RS,4,4,419,-,,,,,,,,,
7/31/2026,8/4/2026,316890,Tiros - MG,12,8,812,-,,,,,,,,,
7/31/2026,8/4/2026,280740,Tobias Barreto - SE,65,28,2870,12.07,,,,,,,,,
7/31/2026,8/4/2026,172110,Tocantínia - TO,9,4,268,-,,,,,,,,,
7/31/2026,8/4/2026,172120,Tocantinópolis - TO,18,8,1321,-,,,,,,,,,
7/31/2026,8/4/2026,316900,Tocantins - MG,28,19,2178,0.46,,,,,,,,,
7/31/2026,8/4/2026,316905,Tocos do Moji - MG,3,1,243,-,,,,,,,,,
7/31/2026,8/4/2026,316910,Toledo - MG,13,8,836,-,,,,,,,,,
7/31/2026,8/4/2026,412770,Toledo - PR,473,243,26069,2.98,,,,,,,,,
7/31/2026,8/4/2026,280750,Tomar do Geru - SE,3,2,376,-,,,,,,,,,
7/31/2026,8/4/2026,412780,Tomazina - PR,11,6,807,21.71,,,,,,,,,
7/31/2026,8/4/2026,316920,Tombos - MG,3,4,798,-,,,,,,,,,
7/31/2026,8/4/2026,150800,Tomé-Açu - PA,44,21,3417,58.03,,,,,,,,,
7/31/2026,8/4/2026,130423,Tonantins - AM,1,2,267,3.72,,,,,,,,,
7/31/2026,8/4/2026,261540,Toritama - PE,62,30,3344,52.47,,,,,,,,,
7/31/2026,8/4/2026,510820,Torixoréu - MT,17,9,624,24.00,,,,,,,,,
7/31/2026,8/4/2026,432149,Toropi - RS,2,3,183,-,,,,,,,,,
7/31/2026,8/4/2026,355465,Torre de Pedra - SP,12,7,367,-,,,,,,,,,
7/31/2026,8/4/2026,432150,Torres - RS,136,89,8478,7.92,,,,,,,,,
7/31/2026,8/4/2026,355470,Torrinha - SP,15,8,1162,-,,,,,,,,,
7/31/2026,8/4/2026,241440,Touros - RN,29,21,1538,0.30,,,,,,,,,
7/31/2026,8/4/2026,355475,Trabiju - SP,2,0,168,-,,,,,,,,,
7/31/2026,8/4/2026,150803,Tracuateua - PA,10,4,510,11.01,,,,,,,,,
7/31/2026,8/4/2026,261550,Tracunhaém - PE,7,4,513,79.22,,,,,,,,,
7/31/2026,8/4/2026,270920,Traipu - AL,7,9,442,-,,,,,,,,,
7/31/2026,8/4/2026,150805,Trairão - PA,12,10,1066,24.88,,,,,,,,,
7/31/2026,8/4/2026,231350,Trairi - CE,60,27,2708,23.39,,,,,,,,,
7/31/2026,8/4/2026,330590,Trajano de Moraes - RJ,12,5,872,-,,,,,,,,,
7/31/2026,8/4/2026,432160,Tramandaí - RS,146,88,8498,14.77,,,,,,,,,
7/31/2026,8/4/2026,432162,Travesseiro - RS,3,3,175,-,,,,,,,,,
7/31/2026,8/4/2026,293180,Tremedal - BA,8,4,503,46.16,,,,,,,,,
7/31/2026,8/4/2026,355480,Tremembé - SP,106,73,4978,46.31,,,,,,,,,
7/31/2026,8/4/2026,432163,Três Arroios - RS,4,1,309,-,,,,,,,,,
7/31/2026,8/4/2026,421830,Três Barras - SC,45,18,1875,41.17,,,,,,,,,
7/31/2026,8/4/2026,412785,Três Barras do Paraná - PR,16,10,1069,-,,,,,,,,,
7/31/2026,8/4/2026,432166,Três Cachoeiras - RS,34,15,1839,51.02,,,,,,,,,
7/31/2026,8/4/2026,316930,Três Corações - MG,147,96,8092,20.98,,,,,,,,,
7/31/2026,8/4/2026,432170,Três Coroas - RS,59,48,3958,18.37,,,,,,,,,
7/31/2026,8/4/2026,432180,Três de Maio - RS,52,28,3286,18.26,,,,,,,,,
7/31/2026,8/4/2026,432183,Três Forquilhas - RS,1,0,213,67.11,,,,,,,,,
7/31/2026,8/4/2026,355490,Três Fronteiras - SP,14,9,739,-,,,,,,,,,
7/31/2026,8/4/2026,500830,Três Lagoas - MS,409,207,17786,3.92,,,,,,,,,
7/31/2026,8/4/2026,316935,Três Marias - MG,66,24,3252,6.40,,,,,,,,,
7/31/2026,8/4/2026,432185,Três Palmeiras - RS,9,1,491,0.06,,,,,,,,,
7/31/2026,8/4/2026,432190,Três Passos - RS,47,28,3210,10.48,,,,,,,,,
7/31/2026,8/4/2026,316940,Três Pontas - MG,118,68,6853,38.58,,,,,,,,,
7/31/2026,8/4/2026,522130,Três Ranchos - GO,7,3,466,-,,,,,,,,,
7/31/2026,8/4/2026,330600,Três Rios - RJ,159,102,10132,20.70,,,,,,,,,
7/31/2026,8/4/2026,421835,Treviso - SC,6,3,389,-,,,,,,,,,
7/31/2026,8/4/2026,421840,Treze de Maio - SC,11,5,1028,12.54,,,,,,,,,
7/31/2026,8/4/2026,421850,Treze Tílias - SC,20,10,1756,91.15,,,,,,,,,
7/31/2026,8/4/2026,522140,Trindade - GO,438,207,19450,35.39,,,,,,,,,
7/31/2026,8/4/2026,261560,Trindade - PE,25,17,1881,21.13,,,,,,,,,
7/31/2026,8/4/2026,432195,Trindade do Sul - RS,18,6,934,4.17,,,,,,,,,
7/31/2026,8/4/2026,251680,Triunfo - PB,2,5,357,-,,,,,,,,,
7/31/2026,8/4/2026,261570,Triunfo - PE,17,12,1286,-,,,,,,,,,
7/31/2026,8/4/2026,432200,Triunfo - RS,45,28,2844,-,,,,,,,,,
7/31/2026,8/4/2026,241445,Triunfo Potiguar - RN,0,0,106,-,,,,,,,,,
7/31/2026,8/4/2026,211223,Trizidela do Vale - MA,12,9,966,121.44,,,,,,,,,
7/31/2026,8/4/2026,522145,Trombas - GO,2,2,233,-,,,,,,,,,
7/31/2026,8/4/2026,421860,Trombudo Central - SC,19,10,1180,3.09,,,,,,,,,
7/31/2026,8/4/2026,421870,Tubarão - SC,351,206,21708,17.44,,,,,,,,,
7/31/2026,8/4/2026,293190,Tucano - BA,24,20,2199,21.41,,,,,,,,,
7/31/2026,8/4/2026,150808,Tucumã - PA,58,18,3277,60.46,,,,,,,,,
7/31/2026,8/4/2026,432210,Tucunduva - RS,13,2,742,0.84,,,,,,,,,
7/31/2026,8/4/2026,150810,Tucuruí - PA,77,44,4643,44.23,,,,,,,,,
7/31/2026,8/4/2026,211227,Tufilândia - MA,0,2,82,-,,,,,,,,,
7/31/2026,8/4/2026,355495,Tuiuti - SP,10,6,724,0.03,,,,,,,,,
7/31/2026,8/4/2026,316950,Tumiritinga - MG,4,4,379,-,,,,,,,,,
7/31/2026,8/4/2026,421875,Tunápolis - SC,5,5,622,-,,,,,,,,,
7/31/2026,8/4/2026,432215,Tunas - RS,1,0,187,-,,,,,,,,,
7/31/2026,8/4/2026,412788,Tunas do Paraná - PR,18,9,763,-,,,,,,,,,
7/31/2026,8/4/2026,412790,Tuneiras do Oeste - PR,9,9,678,7.52,,,,,,,,,
7/31/2026,8/4/2026,211230,Tuntum - MA,22,3,896,0.00,,,,,,,,,
7/31/2026,8/4/2026,355500,Tupã - SP,144,69,7863,15.39,,,,,,,,,
7/31/2026,8/4/2026,316960,Tupaciguara - MG,44,27,3005,12.10,,,,,,,,,
7/31/2026,8/4/2026,261580,Tupanatinga - PE,5,7,422,-,,,,,,,,,
7/31/2026,8/4/2026,432218,Tupanci do Sul - RS,1,0,114,-,,,,,,,,,
7/31/2026,8/4/2026,432220,Tupanciretã - RS,31,17,2097,13.79,,,,,,,,,
7/31/2026,8/4/2026,432225,Tupandi - RS,9,3,723,17.00,,,,,,,,,
7/31/2026,8/4/2026,432230,Tuparendi - RS,18,7,1075,31.52,,,,,,,,,
7/31/2026,8/4/2026,261590,Tuparetama - PE,3,4,374,-,,,,,,,,,
7/31/2026,8/4/2026,412795,Tupãssi - PR,6,4,1049,4.96,,,,,,,,,
7/31/2026,8/4/2026,355510,Tupi Paulista - SP,23,15,1684,15.07,,,,,,,,,
7/31/2026,8/4/2026,172125,Tupirama - TO,2,0,107,-,,,,,,,,,
7/31/2026,8/4/2026,172130,Tupiratins - TO,1,1,85,-,,,,,,,,,
7/31/2026,8/4/2026,211240,Turiaçu - MA,10,4,593,-,,,,,,,,,
7/31/2026,8/4/2026,211245,Turilândia - MA,8,1,354,-,,,,,,,,,
7/31/2026,8/4/2026,355520,Turiúba - SP,3,2,215,77.44,,,,,,,,,
7/31/2026,8/4/2026,316970,Turmalina - MG,31,23,2392,1.88,,,,,,,,,
7/31/2026,8/4/2026,355530,Turmalina - SP,1,2,135,-,,,,,,,,,
7/31/2026,8/4/2026,432232,Turuçu - RS,5,1,298,-,,,,,,,,,
7/31/2026,8/4/2026,231355,Tururu - CE,4,1,498,-,,,,,,,,,
7/31/2026,8/4/2026,522150,Turvânia - GO,5,5,463,-,,,,,,,,,
7/31/2026,8/4/2026,522155,Turvelândia - GO,10,4,496,-,,,,,,,,,
7/31/2026,8/4/2026,412796,Turvo - PR,29,9,1519,33.54,,,,,,,,,
7/31/2026,8/4/2026,421880,Turvo - SC,26,21,2088,2.08,,,,,,,,,
7/31/2026,8/4/2026,316980,Turvolândia - MG,9,2,444,-,,,,,,,,,
7/31/2026,8/4/2026,211250,Tutóia - MA,34,8,1605,-,,,,,,,,,
7/31/2026,8/4/2026,130426,Uarini - AM,9,2,266,3.29,,,,,,,,,
7/31/2026,8/4/2026,293200,Uauá - BA,6,5,1185,25.00,,,,,,,,,
7/31/2026,8/4/2026,316990,Ubá - MG,230,123,12899,45.08,,,,,,,,,
7/31/2026,8/4/2026,317000,Ubaí - MG,4,1,325,-,,,,,,,,,
7/31/2026,8/4/2026,293210,Ubaíra - BA,9,4,891,-,,,,,,,,,
7/31/2026,8/4/2026,293220,Ubaitaba - BA,12,11,1340,-,,,,,,,,,
7/31/2026,8/4/2026,231360,Ubajara - CE,28,9,1954,41.07,,,,,,,,,
7/31/2026,8/4/2026,317005,Ubaporanga - MG,14,6,1039,-,,,,,,,,,
7/31/2026,8/4/2026,355535,Ubarana - SP,10,8,538,1.19,,,,,,,,,
7/31/2026,8/4/2026,293230,Ubatã - BA,20,9,946,-,,,,,,,,,
7/31/2026,8/4/2026,355540,Ubatuba - SP,290,158,16325,45.37,,,,,,,,,
7/31/2026,8/4/2026,317010,Uberaba - MG,1066,579,47535,14.60,,,,,,,,,
7/31/2026,8/4/2026,317020,Uberlândia - MG,2915,1767,138427,16.49,,,,,,,,,
7/31/2026,8/4/2026,355550,Ubirajara - SP,5,5,474,-,,,,,,,,,
7/31/2026,8/4/2026,412800,Ubiratã - PR,48,23,2897,21.59,,,,,,,,,
7/31/2026,8/4/2026,432234,Ubiretama - RS,0,0,122,-,,,,,,,,,
7/31/2026,8/4/2026,355560,Uchoa - SP,20,11,1439,27.39,,,,,,,,,
7/31/2026,8/4/2026,293240,Uibaí - BA,13,10,499,-,,,,,,,,,
7/31/2026,8/4/2026,140070,Uiramutã - RR,4,0,175,-,,,,,,,,,
7/31/2026,8/4/2026,522157,Uirapuru - GO,1,1,240,-,,,,,,,,,
7/31/2026,8/4/2026,251690,Uiraúna - PB,12,6,1060,0.01,,,,,,,,,
7/31/2026,8/4/2026,150812,Ulianópolis - PA,17,9,1426,48.61,,,,,,,,,
7/31/2026,8/4/2026,231370,Umari - CE,0,0,160,-,,,,,,,,,
7/31/2026,8/4/2026,241450,Umarizal - RN,5,3,637,-,,,,,,,,,
7/31/2026,8/4/2026,280760,Umbaúba - SE,13,14,1423,24.05,,,,,,,,,
7/31/2026,8/4/2026,293245,Umburanas - BA,9,3,527,-,,,,,,,,,
7/31/2026,8/4/2026,317030,Umburatiba - MG,1,3,186,-,,,,,,,,,
7/31/2026,8/4/2026,251700,Umbuzeiro - PB,9,5,309,15.54,,,,,,,,,
7/31/2026,8/4/2026,231375,Umirim - CE,8,6,472,-,,,,,,,,,
7/31/2026,8/4/2026,412810,Umuarama - PR,435,190,19894,7.81,,,,,,,,,
7/31/2026,8/4/2026,293250,Una - BA,17,14,1175,-,,,,,,,,,
7/31/2026,8/4/2026,317040,Unaí - MG,215,114,11314,4.35,,,,,,,,,
7/31/2026,8/4/2026,221110,União - PI,28,26,1880,2.03,,,,,,,,,
7/31/2026,8/4/2026,432235,União da Serra - RS,0,1,99,-,,,,,,,,,
7/31/2026,8/4/2026,412820,União da Vitória - PR,121,90,8170,47.73,,,,,,,,,
7/31/2026,8/4/2026,317043,União de Minas - MG,1,3,231,-,,,,,,,,,
7/31/2026,8/4/2026,421885,União do Oeste - SC,3,1,287,-,,,,,,,,,
7/31/2026,8/4/2026,510830,União do Sul - MT,9,6,511,-,,,,,,,,,
7/31/2026,8/4/2026,270930,União dos Palmares - AL,52,28,3574,3.16,,,,,,,,,
7/31/2026,8/4/2026,355570,União Paulista - SP,1,3,156,-,,,,,,,,,
7/31/2026,8/4/2026,412830,Uniflor - PR,3,0,209,-,,,,,,,,,
7/31/2026,8/4/2026,432237,Unistalda - RS,3,6,189,0.00,,,,,,,,,
7/31/2026,8/4/2026,241460,Upanema - RN,2,2,589,-,,,,,,,,,
7/31/2026,8/4/2026,412840,Uraí - PR,18,10,1172,3.44,,,,,,,,,
7/31/2026,8/4/2026,293260,Urandi - BA,9,3,841,-,,,,,,,,,
7/31/2026,8/4/2026,355580,Urânia - SP,21,6,909,56.42,,,,,,,,,
7/31/2026,8/4/2026,211260,Urbano Santos - MA,13,1,726,-,,,,,,,,,
7/31/2026,8/4/2026,355590,Uru - SP,3,3,152,-,,,,,,,,,
7/31/2026,8/4/2026,522160,Uruaçu - GO,82,52,5612,34.46,,,,,,,,,
7/31/2026,8/4/2026,522170,Uruana - GO,9,12,1323,-,,,,,,,,,
7/31/2026,8/4/2026,317047,Uruana de Minas - MG,4,3,244,-,,,,,,,,,
7/31/2026,8/4/2026,150815,Uruará - PA,33,16,2102,-,,,,,,,,,
7/31/2026,8/4/2026,421890,Urubici - SC,30,12,2150,28.80,,,,,,,,,
7/31/2026,8/4/2026,231380,Uruburetama - CE,10,13,826,23.15,,,,,,,,,
7/31/2026,8/4/2026,317050,Urucânia - MG,15,11,889,-,,,,,,,,,
7/31/2026,8/4/2026,130430,Urucará - AM,5,6,495,-,,,,,,,,,
7/31/2026,8/4/2026,293270,Uruçuca - BA,32,19,1960,-,,,,,,,,,
7/31/2026,8/4/2026,221120,Uruçuí - PI,34,14,2499,0.17,,,,,,,,,
7/31/2026,8/4/2026,317052,Urucuia - MG,13,8,621,-,,,,,,,,,
7/31/2026,8/4/2026,130440,Urucurituba - AM,4,6,336,2.60,,,,,,,,,
7/31/2026,8/4/2026,432240,Uruguaiana - RS,221,157,13347,22.44,,,,,,,,,
7/31/2026,8/4/2026,231390,Uruoca - CE,8,9,503,-,,,,,,,,,
7/31/2026,8/4/2026,110170,Urupá - RO,7,5,638,18.19,,,,,,,,,
7/31/2026,8/4/2026,421895,Urupema - SC,6,2,282,-,,,,,,,,,
7/31/2026,8/4/2026,355600,Urupês - SP,39,17,2138,24.05,,,,,,,,,
7/31/2026,8/4/2026,421900,Urussanga - SC,52,24,2668,10.49,,,,,,,,,
7/31/2026,8/4/2026,522180,Urutaí - GO,5,3,313,-,,,,,,,,,
7/31/2026,8/4/2026,293280,Utinga - BA,6,7,949,-,,,,,,,,,
7/31/2026,8/4/2026,432250,Vacaria - RS,126,83,8350,9.27,,,,,,,,,
7/31/2026,8/4/2026,510835,Vale de São Domingos - MT,2,1,188,-,,,,,,,,,
7/31/2026,8/4/2026,110175,Vale do Anari - RO,7,2,354,0.19,,,,,,,,,
7/31/2026,8/4/2026,110180,Vale do Paraíso - RO,4,3,245,21.15,,,,,,,,,
7/31/2026,8/4/2026,432253,Vale do Sol - RS,9,5,613,3.92,,,,,,,,,
7/31/2026,8/4/2026,432254,Vale Real - RS,16,10,837,9.78,,,,,,,,,
7/31/2026,8/4/2026,432252,Vale Verde - RS,4,3,279,0.00,,,,,,,,,
7/31/2026,8/4/2026,293290,Valença - BA,77,63,6544,33.18,,,,,,,,,
7/31/2026,8/4/2026,330610,Valença - RJ,113,78,7112,3.13,,,,,,,,,
7/31/2026,8/4/2026,221130,Valença do Piauí - PI,21,10,1846,0.02,,,,,,,,,
7/31/2026,8/4/2026,293300,Valente - BA,19,12,1953,-,,,,,,,,,
7/31/2026,8/4/2026,355610,Valentim Gentil - SP,50,23,2057,84.70,,,,,,,,,
7/31/2026,8/4/2026,355620,Valinhos - SP,424,202,23949,24.43,,,,,,,,,
7/31/2026,8/4/2026,355630,Valparaíso - SP,26,23,2050,23.01,,,,,,,,,
7/31/2026,8/4/2026,522185,Valparaíso de Goiás - GO,554,288,20337,1.62,,,,,,,,,
7/31/2026,8/4/2026,432255,Vanini - RS,6,2,291,11.80,,,,,,,,,
7/31/2026,8/4/2026,421910,Vargeão - SC,6,2,466,-,,,,,,,,,
7/31/2026,8/4/2026,421915,Vargem - SC,2,3,210,23.17,,,,,,,,,
7/31/2026,8/4/2026,355635,Vargem - SP,16,6,1142,-,,,,,,,,,
7/31/2026,8/4/2026,317057,Vargem Alegre - MG,7,5,571,-,,,,,,,,,
7/31/2026,8/4/2026,320503,Vargem Alta - ES,33,19,2404,22.69,,,,,,,,,
7/31/2026,8/4/2026,317060,Vargem Bonita - MG,6,2,243,-,,,,,,,,,
7/31/2026,8/4/2026,421917,Vargem Bonita - SC,7,2,433,-,,,,,,,,,
7/31/2026,8/4/2026,211270,Vargem Grande - MA,19,6,1060,-,,,,,,,,,
7/31/2026,8/4/2026,317065,Vargem Grande do Rio Pardo - MG,1,2,283,-,,,,,,,,,
7/31/2026,8/4/2026,355640,Vargem Grande do Sul - SP,78,49,5444,8.84,,,,,,,,,
7/31/2026,8/4/2026,355645,Vargem Grande Paulista - SP,184,79,8629,125.83,,,,,,,,,
7/31/2026,8/4/2026,317070,Varginha - MG,414,283,22698,12.64,,,,,,,,,
7/31/2026,8/4/2026,522190,Varjão - GO,12,3,339,2.42,,,,,,,,,
7/31/2026,8/4/2026,317075,Varjão de Minas - MG,6,8,714,-,,,,,,,,,
7/31/2026,8/4/2026,231395,Varjota - CE,17,11,1258,4.69,,,,,,,,,
7/31/2026,8/4/2026,330615,Varre-Sai - RJ,20,6,969,19.37,,,,,,,,,
7/31/2026,8/4/2026,251710,Várzea - PB,2,0,153,-,,,,,,,,,
7/31/2026,8/4/2026,241470,Várzea - RN,2,2,208,36.27,,,,,,,,,
7/31/2026,8/4/2026,231400,Várzea Alegre - CE,30,13,1948,9.75,,,,,,,,,
7/31/2026,8/4/2026,221135,Várzea Branca - PI,4,0,118,27.91,,,,,,,,,
7/31/2026,8/4/2026,317080,Várzea da Palma - MG,39,25,2637,46.10,,,,,,,,,
7/31/2026,8/4/2026,293305,Várzea da Roça - BA,6,5,532,-,,,,,,,,,
7/31/2026,8/4/2026,293310,Várzea do Poço - BA,5,8,416,-,,,,,,,,,
7/31/2026,8/4/2026,510840,Várzea Grande - MT,1154,494,38649,7.89,,,,,,,,,
7/31/2026,8/4/2026,221140,Várzea Grande - PI,0,2,158,-,,,,,,,,,
7/31/2026,8/4/2026,293315,Várzea Nova - BA,9,6,651,-,,,,,,,,,
7/31/2026,8/4/2026,355650,Várzea Paulista - SP,381,159,15145,19.11,,,,,,,,,
7/31/2026,8/4/2026,293317,Varzedo - BA,4,8,402,-,,,,,,,,,
7/31/2026,8/4/2026,317090,Varzelândia - MG,16,6,873,0.65,,,,,,,,,
7/31/2026,8/4/2026,330620,Vassouras - RJ,65,41,4081,1.11,,,,,,,,,
7/31/2026,8/4/2026,317100,Vazante - MG,28,19,2171,2.98,,,,,,,,,
7/31/2026,8/4/2026,432260,Venâncio Aires - RS,127,70,7791,14.50,,,,,,,,,
7/31/2026,8/4/2026,320506,Venda Nova do Imigrante - ES,88,33,3771,30.03,,,,,,,,,
7/31/2026,8/4/2026,241475,Venha-Ver - RN,0,0,60,-,,,,,,,,,
7/31/2026,8/4/2026,412853,Ventania - PR,12,9,821,-,,,,,,,,,
7/31/2026,8/4/2026,261600,Venturosa - PE,13,6,697,-,,,,,,,,,
7/31/2026,8/4/2026,510850,Vera - MT,37,12,1463,39.34,,,,,,,,,
7/31/2026,8/4/2026,293320,Vera Cruz - BA,42,35,2813,47.69,,,,,,,,,
7/31/2026,8/4/2026,241480,Vera Cruz - RN,10,11,623,52.87,,,,,,,,,
7/31/2026,8/4/2026,432270,Vera Cruz - RS,61,30,3131,7.64,,,,,,,,,
7/31/2026,8/4/2026,355660,Vera Cruz - SP,13,7,1188,-,,,,,,,,,
7/31/2026,8/4/2026,412855,Vera Cruz do Oeste - PR,12,4,928,0.65,,,,,,,,,
7/31/2026,8/4/2026,221150,Vera Mendes - PI,0,0,69,-,,,,,,,,,
7/31/2026,8/4/2026,432280,Veranópolis - RS,59,34,3825,0.15,,,,,,,,,
7/31/2026,8/4/2026,261610,Verdejante - PE,4,4,305,-,,,,,,,,,
7/31/2026,8/4/2026,317103,Verdelândia - MG,5,4,275,-,,,,,,,,,
7/31/2026,8/4/2026,412860,Verê - PR,8,6,850,12.70,,,,,,,,,
7/31/2026,8/4/2026,293325,Vereda - BA,3,1,235,-,,,,,,,,,
7/31/2026,8/4/2026,317107,Veredinha - MG,9,9,360,-,,,,,,,,,
7/31/2026,8/4/2026,317110,Veríssimo - MG,2,0,202,-,,,,,,,,,
7/31/2026,8/4/2026,317115,Vermelho Novo - MG,5,1,282,-,,,,,,,,,
7/31/2026,8/4/2026,261618,Vertente do Lério - PE,2,1,141,-,,,,,,,,,
7/31/2026,8/4/2026,261620,Vertentes - PE,13,6,759,-,,,,,,,,,
7/31/2026,8/4/2026,317120,Vespasiano - MG,390,213,15234,20.32,,,,,,,,,
7/31/2026,8/4/2026,432285,Vespasiano Correa - RS,2,1,229,21.83,,,,,,,,,
7/31/2026,8/4/2026,432290,Viadutos - RS,5,2,469,0.78,,,,,,,,,
7/31/2026,8/4/2026,432300,Viamão - RS,637,376,27172,9.22,,,,,,,,,
7/31/2026,8/4/2026,320510,Viana - ES,249,129,10818,22.82,,,,,,,,,
7/31/2026,8/4/2026,211280,Viana - MA,22,10,1351,9.74,,,,,,,,,
7/31/2026,8/4/2026,522200,Vianópolis - GO,32,13,1878,4.46,,,,,,,,,
7/31/2026,8/4/2026,261630,Vicência - PE,16,7,1091,34.08,,,,,,,,,
7/31/2026,8/4/2026,432310,Vicente Dutra - RS,3,3,347,-,,,,,,,,,
7/31/2026,8/4/2026,500840,Vicentina - MS,5,3,391,64.80,,,,,,,,,
7/31/2026,8/4/2026,522205,Vicentinópolis - GO,6,6,685,-,,,,,,,,,
7/31/2026,8/4/2026,270940,Viçosa - AL,29,8,1230,51.60,,,,,,,,,
7/31/2026,8/4/2026,317130,Viçosa - MG,209,116,11523,8.35,,,,,,,,,
7/31/2026,8/4/2026,241490,Viçosa - RN,0,0,65,-,,,,,,,,,
7/31/2026,8/4/2026,231410,Viçosa do Ceará - CE,52,20,2428,22.01,,,,,,,,,
7/31/2026,8/4/2026,432320,Victor Graeff - RS,1,1,430,0.00,,,,,,,,,
7/31/2026,8/4/2026,421920,Vidal Ramos - SC,8,8,660,18.06,,,,,,,,,
7/31/2026,8/4/2026,421930,Videira - SC,125,74,8197,14.17,,,,,,,,,
7/31/2026,8/4/2026,317140,Vieiras - MG,5,0,226,-,,,,,,,,,
7/31/2026,8/4/2026,251720,Vieirópolis - PB,0,3,118,-,,,,,,,,,
7/31/2026,8/4/2026,150820,Vigia - PA,29,17,1774,18.62,,,,,,,,,
7/31/2026,8/4/2026,510550,Vila Bela da Santíssima Trindade - MT,22,9,1175,14.66,,,,,,,,,
7/31/2026,8/4/2026,522220,Vila Boa - GO,2,3,256,-,,,,,,,,,
7/31/2026,8/4/2026,241500,Vila Flor - RN,0,2,118,-,,,,,,,,,
7/31/2026,8/4/2026,432330,Vila Flores - RS,7,5,530,42.98,,,,,,,,,
7/31/2026,8/4/2026,432335,Vila Lângaro - RS,3,1,154,-,,,,,,,,,
7/31/2026,8/4/2026,432340,Vila Maria - RS,8,2,631,0.00,,,,,,,,,
7/31/2026,8/4/2026,221160,Vila Nova do Piauí - PI,1,0,105,-,,,,,,,,,
7/31/2026,8/4/2026,432345,Vila Nova do Sul - RS,4,1,354,-,,,,,,,,,
7/31/2026,8/4/2026,211285,Vila Nova dos Martírios - MA,10,3,351,286.15,,,,,,,,,
7/31/2026,8/4/2026,320515,Vila Pavão - ES,15,4,746,3.75,,,,,,,,,
7/31/2026,8/4/2026,522230,Vila Propício - GO,10,4,532,-,,,,,,,,,
7/31/2026,8/4/2026,510860,Vila Rica - MT,49,21,2906,5.49,,,,,,,,,
7/31/2026,8/4/2026,320517,Vila Valério - ES,18,6,1256,143.83,,,,,,,,,
7/31/2026,8/4/2026,320520,Vila Velha - ES,1752,944,87672,5.15,,,,,,,,,
7/31/2026,8/4/2026,110030,Vilhena - RO,279,177,14235,21.41,,,,,,,,,
7/31/2026,8/4/2026,355670,Vinhedo - SP,267,160,15664,40.81,,,,,,,,,
7/31/2026,8/4/2026,355680,Viradouro - SP,26,21,1859,312.65,,,,,,,,,
7/31/2026,8/4/2026,317160,Virgem da Lapa - MG,16,6,944,-,,,,,,,,,
7/31/2026,8/4/2026,317170,Virgínia - MG,16,5,846,-,,,,,,,,,
7/31/2026,8/4/2026,317180,Virginópolis - MG,12,9,1045,-,,,,,,,,,
7/31/2026,8/4/2026,317190,Virgolândia - MG,3,2,292,0.14,,,,,,,,,
7/31/2026,8/4/2026,412865,Virmond - PR,2,4,332,-,,,,,,,,,
7/31/2026,8/4/2026,317200,Visconde do Rio Branco - MG,48,42,4225,6.12,,,,,,,,,
7/31/2026,8/4/2026,150830,Viseu - PA,9,10,1233,-,,,,,,,,,
7/31/2026,8/4/2026,432350,Vista Alegre - RS,3,2,248,0.55,,,,,,,,,
7/31/2026,8/4/2026,355690,Vista Alegre do Alto - SP,8,5,868,-,,,,,,,,,
7/31/2026,8/4/2026,432360,Vista Alegre do Prata - RS,2,3,206,0.00,,,,,,,,,
7/31/2026,8/4/2026,432370,Vista Gaúcha - RS,4,0,258,18.02,,,,,,,,,
7/31/2026,8/4/2026,250550,Vista Serrana - PB,5,0,176,-,,,,,,,,,
7/31/2026,8/4/2026,421935,Vitor Meireles - SC,8,5,578,-,,,,,,,,,
7/31/2026,8/4/2026,320530,Vitória - ES,1255,671,71519,1.96,,,,,,,,,
7/31/2026,8/4/2026,355695,Vitória Brasil - SP,3,1,163,-,,,,,,,,,
7/31/2026,8/4/2026,293330,Vitória da Conquista - BA,805,550,46678,23.63,,,,,,,,,
7/31/2026,8/4/2026,432375,Vitória das Missões - RS,1,3,217,-,,,,,,,,,
7/31/2026,8/4/2026,261640,Vitória de Santo Antão - PE,169,97,9119,68.75,,,,,,,,,
7/31/2026,8/4/2026,160080,Vitória do Jari - AP,2,1,455,-,,,,,,,,,
7/31/2026,8/4/2026,211290,Vitória do Mearim - MA,18,5,983,24.20,,,,,,,,,
7/31/2026,8/4/2026,150835,Vitória do Xingu - PA,15,8,689,25.54,,,,,,,,,
7/31/2026,8/4/2026,412870,Vitorino - PR,44,11,1476,20.28,,,,,,,,,
7/31/2026,8/4/2026,211300,Vitorino Freire - MA,11,2,988,0.23,,,,,,,,,
7/31/2026,8/4/2026,317210,Volta Grande - MG,6,2,398,-,,,,,,,,,
7/31/2026,8/4/2026,330630,Volta Redonda - RJ,627,315,32467,30.83,,,,,,,,,
7/31/2026,8/4/2026,355700,Votorantim - SP,399,194,18007,31.14,,,,,,,,,
7/31/2026,8/4/2026,355710,Votuporanga - SP,273,128,14304,17.06,,,,,,,,,
7/31/2026,8/4/2026,293340,Wagner - BA,5,3,448,72.53,,,,,,,,,
7/31/2026,8/4/2026,221170,Wall Ferraz - PI,0,1,100,-,,,,,,,,,
7/31/2026,8/4/2026,172208,Wanderlândia - TO,11,3,477,0.26,,,,,,,,,
7/31/2026,8/4/2026,293345,Wanderley - BA,4,4,430,-,,,,,,,,,
7/31/2026,8/4/2026,317220,Wenceslau Braz - MG,6,3,196,19.03,,,,,,,,,
7/31/2026,8/4/2026,412850,Wenceslau Braz - PR,32,27,2140,71.68,,,,,,,,,
7/31/2026,8/4/2026,293350,Wenceslau Guimarães - BA,10,9,724,-,,,,,,,,,
7/31/2026,8/4/2026,432377,Westfalia - RS,5,4,353,2.96,,,,,,,,,
7/31/2026,8/4/2026,421940,Witmarsum - SC,6,3,560,-,,,,,,,,,
7/31/2026,8/4/2026,172210,Xambioá - TO,7,1,828,10.49,,,,,,,,,
7/31/2026,8/4/2026,412880,Xambrê - PR,5,10,519,193.07,,,,,,,,,
7/31/2026,8/4/2026,432380,Xangri-Lá - RS,63,41,4664,25.85,,,,,,,,,
7/31/2026,8/4/2026,421950,Xanxerê - SC,165,102,10848,7.97,,,,,,,,,
7/31/2026,8/4/2026,120070,Xapuri - AC,4,2,584,-,,,,,,,,,
7/31/2026,8/4/2026,421960,Xavantina - SC,1,1,351,-,,,,,,,,,
7/31/2026,8/4/2026,421970,Xaxim - SC,74,34,4890,2.59,,,,,,,,,
7/31/2026,8/4/2026,261650,Xexéu - PE,9,4,404,-,,,,,,,,,
7/31/2026,8/4/2026,150840,Xinguara - PA,76,20,4803,35.03,,,,,,,,,
7/31/2026,8/4/2026,293360,Xique-Xique - BA,25,8,2068,-,,,,,,,,,
7/31/2026,8/4/2026,251740,Zabelê - PB,0,0,77,-,,,,,,,,,
7/31/2026,8/4/2026,355715,Zacarias - SP,6,2,301,-,,,,,,,,,
7/31/2026,8/4/2026,211400,Zé Doca - MA,21,14,1405,3.72,,,,,,,,,
7/31/2026,8/4/2026,421985,Zortéa - SC,7,4,383,7.13,,,,,,,,,
